run_id,seed,variant,host,date,code,resampler,n_particles,ate,resample_rate,collapses,unique_after_resampling,max_weight_mean,ess_mean,ess_min,map_error,map_error_aligned,landmarks_mapped,nees_mean,nees_median,position_rmse,heading_rmse,final_position_error,runtime_total_s,runtime_per_step_ms
b71eedcbec81,0,"resampler: Multinomial, n_particles: 10",aiserver,2026-09-14T08:33:39+00:00,d7328d3e3c3f,multinomial,10,0.299209,1,0,0.632,0.1,0.900852,0.636111,0.520088,0.0954666,8,308786,777.42,0.588703,0.0375338,0.312821,0.755042,1.51008
4c32a371f674,1,"resampler: Multinomial, n_particles: 10",aiserver,2026-09-14T08:33:39+00:00,d7328d3e3c3f,multinomial,10,0.237489,1,0,0.6266,0.1,0.890171,0.455455,1.04947,0.0708297,8,3.49638e+06,5098.75,1.0837,0.0412147,1.09686,0.752377,1.50475
86287716e7ba,2,"resampler: Multinomial, n_particles: 10",aiserver,2026-09-14T08:33:39+00:00,d7328d3e3c3f,multinomial,10,0.410239,1,0,0.622,0.1,0.887969,0.510535,2.71875,0.184583,8,1.48033e+06,9284.09,2.43228,0.182138,2.63046,0.755946,1.51189
8346d4d8f935,3,"resampler: Multinomial, n_particles: 10",aiserver,2026-09-14T08:33:39+00:00,d7328d3e3c3f,multinomial,10,0.273403,1,0,0.6294,0.1,0.896684,0.541303,0.157622,0.138211,8,38449.4,117.6,0.305691,0.0293725,0.385735,0.753296,1.50659
d0ee6f83712e,4,"resampler: Multinomial, n_particles: 10",aiserver,2026-09-14T08:33:39+00:00,d7328d3e3c3f,multinomial,10,0.265936,1,0,0.6282,0.1,0.8872,0.592578,0.575975,0.0807084,8,43018.9,761.987,0.538748,0.0580306,0.391177,0.748179,1.49636
dd78685f0219,5,"resampler: Multinomial, n_particles: 10",aiserver,2026-09-14T08:33:39+00:00,d7328d3e3c3f,multinomial,10,0.284046,1,0,0.6208,0.1,0.890225,0.610971,0.218105,0.17008,8,146755,112.498,0.325613,0.0346121,0.706377,0.754383,1.50877
6b188d9b22de,6,"resampler: Multinomial, n_particles: 10",aiserver,2026-09-14T08:33:39+00:00,d7328d3e3c3f,multinomial,10,0.340609,1,0,0.6162,0.1,0.894033,0.401552,0.489218,0.197655,8,35887,110.221,0.510544,0.0603868,0.995529,0.75768,1.51536
1eb3fbffca50,7,"resampler: Multinomial, n_particles: 10",aiserver,2026-09-14T08:33:39+00:00,d7328d3e3c3f,multinomial,10,0.296929,1,0,0.6272,0.1,0.894697,0.473816,1.59412,0.132963,8,1.49349e+06,4735.17,1.55961,0.103071,1.15934,0.758546,1.51709
60931036e1c2,8,"resampler: Multinomial, n_particles: 10",aiserver,2026-09-14T08:33:39+00:00,d7328d3e3c3f,multinomial,10,0.28497,1,0,0.632,0.1,0.893578,0.56666,2.00371,0.109298,8,91749.9,5268.72,1.80607,0.13459,1.66349,0.757749,1.5155
eea75baf5758,9,"resampler: Multinomial, n_particles: 10",aiserver,2026-09-14T08:33:39+00:00,d7328d3e3c3f,multinomial,10,0.389801,1,0,0.6238,0.1,0.890614,0.409632,0.91598,0.101132,8,2.65625e+06,4934.4,0.917737,0.0395049,0.989589,0.751968,1.50394
3a10f9664480,10,"resampler: Multinomial, n_particles: 10",aiserver,2026-09-14T08:33:39+00:00,d7328d3e3c3f,multinomial,10,0.399,1,0,0.618,0.1,0.900001,0.479413,1.20951,0.220081,8,4.66545e+06,3840.35,1.23996,0.0874822,1.81872,0.75316,1.50632
b7f1f0196fd2,11,"resampler: Multinomial, n_particles: 10",aiserver,2026-09-14T08:33:39+00:00,d7328d3e3c3f,multinomial,10,0.286044,1,0,0.621,0.1,0.899273,0.613284,0.528806,0.12587,8,603898,527.521,0.594175,0.0472042,1.04784,0.763498,1.527
d3d7b6a499fd,12,"resampler: Multinomial, n_particles: 10",aiserver,2026-09-14T08:33:39+00:00,d7328d3e3c3f,multinomial,10,0.251728,1,0,0.624,0.1,0.886167,0.482043,0.509627,0.129322,8,16499.2,524.461,0.582937,0.0452389,0.248531,0.750961,1.50192
41ac735d80c3,13,"resampler: Multinomial, n_particles: 10",aiserver,2026-09-14T08:33:39+00:00,d7328d3e3c3f,multinomial,10,0.285267,1,0,0.6196,0.1,0.901067,0.619416,0.457765,0.127013,8,73585.6,188.459,0.483634,0.0449815,0.6397,0.748712,1.49742
0784955cab96,14,"resampler: Multinomial, n_particles: 10",aiserver,2026-09-14T08:33:39+00:00,d7328d3e3c3f,multinomial,10,0.38164,1,0,0.6218,0.1,0.893668,0.500601,0.585087,0.153587,8,248296,1441.94,0.715108,0.0391014,1.0656,0.752268,1.50454
a924c6f219d3,15,"resampler: Multinomial, n_particles: 10",aiserver,2026-09-14T08:33:39+00:00,d7328d3e3c3f,multinomial,10,0.282303,1,0,0.6234,0.1,0.896867,0.473763,1.04902,0.104043,8,540797,379.379,0.912626,0.083321,0.42611,0.759764,1.51953
ebfb6a4c722e,16,"resampler: Multinomial, n_particles: 10",aiserver,2026-09-14T08:33:39+00:00,d7328d3e3c3f,multinomial,10,0.320555,1,0,0.6202,0.1,0.888725,0.550445,0.511619,0.197056,8,1.41679e+06,1487.2,0.625352,0.0455159,0.733783,0.740767,1.48153
84a3de3c5a4c,17,"resampler: Multinomial, n_particles: 10",aiserver,2026-09-14T08:33:39+00:00,d7328d3e3c3f,multinomial,10,0.481162,1,0,0.6238,0.1,0.898424,0.59152,1.14319,0.155343,8,3.4231e+06,8170.21,1.16955,0.0429055,1.57953,0.742526,1.48505
9f16928cb535,18,"resampler: Multinomial, n_particles: 10",aiserver,2026-09-14T08:33:39+00:00,d7328d3e3c3f,multinomial,10,0.379757,1,0,0.622,0.1,0.885672,0.45019,1.37736,0.128606,8,860201,2837.45,1.24936,0.101051,1.86502,0.742777,1.48555
9b6a5aaaf26f,19,"resampler: Multinomial, n_particles: 10",aiserver,2026-09-14T08:33:39+00:00,d7328d3e3c3f,multinomial,10,0.32868,1,0,0.6234,0.1,0.88886,0.57182,1.58458,0.150068,8,252474,14405.4,1.55407,0.0420592,1.80914,0.744797,1.48959
c71f909a4e49,0,"resampler: Multinomial, n_particles: 50",aiserver,2026-09-14T08:33:40+00:00,d7328d3e3c3f,multinomial,50,0.206466,1,0,0.61304,0.02,0.894861,0.662442,0.847518,0.102985,8,164.514,131.507,0.799764,0.0342106,0.890515,1.35758,2.71516
5a4c81dfb260,1,"resampler: Multinomial, n_particles: 50",aiserver,2026-09-14T08:33:40+00:00,d7328d3e3c3f,multinomial,50,0.182685,1,0,0.61028,0.02,0.893204,0.654573,1.03887,0.0846365,8,156.679,101.804,1.02623,0.0583384,1.04691,1.34864,2.69728
4bfc7caf3912,2,"resampler: Multinomial, n_particles: 50",aiserver,2026-09-14T08:33:40+00:00,d7328d3e3c3f,multinomial,50,0.192067,1,0,0.60748,0.02,0.889059,0.560952,0.997542,0.111178,8,210.39,80.6633,1.02272,0.0643162,1.06392,1.35028,2.70056
be48042e452e,3,"resampler: Multinomial, n_particles: 50",aiserver,2026-09-14T08:33:40+00:00,d7328d3e3c3f,multinomial,50,0.257177,1,0,0.60796,0.02,0.89433,0.652754,0.330351,0.0738089,8,21.0088,10.6634,0.35858,0.0293405,0.738257,1.35819,2.71638
cc4d1e90757f,4,"resampler: Multinomial, n_particles: 50",aiserver,2026-09-14T08:33:40+00:00,d7328d3e3c3f,multinomial,50,0.236146,1,0,0.60924,0.02,0.889617,0.700959,2.00445,0.0608782,8,1668.18,580.626,1.89234,0.0753579,1.73514,1.35823,2.71645
2d65a1dc778c,5,"resampler: Multinomial, n_particles: 50",aiserver,2026-09-14T08:33:40+00:00,d7328d3e3c3f,multinomial,50,0.26095,1,0,0.61,0.02,0.892353,0.626548,1.22524,0.11521,8,82.428,66.8609,1.13041,0.0894472,0.977192,1.35566,2.71131
7b0759d7f7c0,6,"resampler: Multinomial, n_particles: 50",aiserver,2026-09-14T08:33:40+00:00,d7328d3e3c3f,multinomial,50,0.203159,1,0,0.61288,0.02,0.897759,0.63138,0.746763,0.0697613,8,184.614,74.1835,0.726138,0.038302,0.582814,1.36216,2.72431
5c66d9dd0e59,7,"resampler: Multinomial, n_particles: 50",aiserver,2026-09-14T08:33:40+00:00,d7328d3e3c3f,multinomial,50,0.198364,1,0,0.61136,0.02,0.890628,0.633048,1.00159,0.116682,8,49.3908,18.6095,0.743005,0.069747,1.15897,1.35956,2.71912
c71f08166c6a,8,"resampler: Multinomial, n_particles: 50",aiserver,2026-09-14T08:33:40+00:00,d7328d3e3c3f,multinomial,50,0.298213,1,0,0.60936,0.02,0.89524,0.702931,1.1262,0.141479,8,104.598,44.9652,0.874229,0.0883793,0.49118,1.35064,2.70127
1275ceeaf83f,9,"resampler: Multinomial, n_particles: 50",aiserver,2026-09-14T08:33:40+00:00,d7328d3e3c3f,multinomial,50,0.275924,1,0,0.6104,0.02,0.889927,0.686159,2.39463,0.107609,8,1162.77,508.372,2.18083,0.141177,2.09108,1.36124,2.72248
058f0fc6bfe7,10,"resampler: Multinomial, n_particles: 50",aiserver,2026-09-14T08:33:40+00:00,d7328d3e3c3f,multinomial,50,0.20319,1,0,0.60952,0.02,0.897205,0.682861,0.610911,0.116424,8,38.2739,21.6501,0.547046,0.0484231,0.881341,1.357,2.714
9439634f8683,11,"resampler: Multinomial, n_particles: 50",aiserver,2026-09-14T08:33:40+00:00,d7328d3e3c3f,multinomial,50,0.207238,1,0,0.60964,0.02,0.893908,0.652766,0.926549,0.0862583,8,389.222,139.5,0.894314,0.0338991,0.759847,1.35855,2.7171
75f1414b37ff,12,"resampler: Multinomial, n_particles: 50",aiserver,2026-09-14T08:33:41+00:00,d7328d3e3c3f,multinomial,50,0.173299,1,0,0.61336,0.02,0.893457,0.670045,0.629683,0.0749357,8,179.748,56.7485,0.650137,0.0231935,0.498711,1.34309,2.68619
f26947cbd48c,13,"resampler: Multinomial, n_particles: 50",aiserver,2026-09-14T08:33:41+00:00,d7328d3e3c3f,multinomial,50,0.182748,1,0,0.609,0.02,0.891579,0.668138,1.3048,0.0955458,8,175.83,84.7333,1.09097,0.0894967,1.37743,1.3533,2.70661
9a5907a11e4b,14,"resampler: Multinomial, n_particles: 50",aiserver,2026-09-14T08:33:41+00:00,d7328d3e3c3f,multinomial,50,0.249439,1,0,0.61188,0.02,0.891861,0.680222,1.33467,0.124498,8,203.516,134.803,1.10737,0.0926965,0.659694,1.34792,2.69585
a8fe950876e7,15,"resampler: Multinomial, n_particles: 50",aiserver,2026-09-14T08:33:41+00:00,d7328d3e3c3f,multinomial,50,0.277477,1,0,0.60544,0.02,0.895078,0.666643,0.679156,0.0685437,8,198.171,114.426,0.669707,0.0246456,1.01564,1.35223,2.70447
45d83f6f0923,16,"resampler: Multinomial, n_particles: 50",aiserver,2026-09-14T08:33:42+00:00,d7328d3e3c3f,multinomial,50,0.186486,1,0,0.6072,0.02,0.892027,0.634982,0.981828,0.108204,8,192.111,96.8634,0.944694,0.0547874,1.25723,1.35125,2.70251
469cbd0fe502,17,"resampler: Multinomial, n_particles: 50",aiserver,2026-09-14T08:33:42+00:00,d7328d3e3c3f,multinomial,50,0.210314,1,0,0.60996,0.02,0.894674,0.635589,1.97056,0.126159,8,459.374,326.599,1.7315,0.117212,1.40618,1.35747,2.71494
0bca73899be3,18,"resampler: Multinomial, n_particles: 50",aiserver,2026-09-14T08:33:42+00:00,d7328d3e3c3f,multinomial,50,0.256554,1,0,0.60952,0.02,0.890497,0.543395,0.604759,0.0788591,8,284.842,42.5427,0.604289,0.0255049,0.553765,1.36003,2.72005
16663838811e,19,"resampler: Multinomial, n_particles: 50",aiserver,2026-09-14T08:33:42+00:00,d7328d3e3c3f,multinomial,50,0.200758,1,0,0.61,0.02,0.890969,0.664882,0.466549,0.065555,8,53.9836,12.2143,0.496282,0.040517,0.638402,1.35741,2.71482
68ce77228b53,0,"resampler: Residual, n_particles: 10",aiserver,2026-09-14T08:33:41+00:00,d7328d3e3c3f,residual,10,0.293993,1,0,0.7876,0.1,0.89249,0.571727,0.989968,0.0907302,8,5467.95,548.81,0.904964,0.0584097,0.598092,0.772373,1.54475
90f341714936,1,"resampler: Residual, n_particles: 10",aiserver,2026-09-14T08:33:41+00:00,d7328d3e3c3f,residual,10,0.288472,1,0,0.7878,0.1,0.895966,0.632726,1.75724,0.150577,8,13266.7,1805.51,1.70986,0.0822523,1.13611,0.775389,1.55078
43ad4cb4abdb,2,"resampler: Residual, n_particles: 10",aiserver,2026-09-14T08:33:41+00:00,d7328d3e3c3f,residual,10,0.205199,1,0,0.7838,0.1,0.889321,0.598171,0.424754,0.0649008,8,75.7469,16.9516,0.400694,0.0452028,0.607328,0.774041,1.54808
dc92d99c5f80,3,"resampler: Residual, n_particles: 10",aiserver,2026-09-14T08:33:41+00:00,d7328d3e3c3f,residual,10,0.345965,1,0,0.7898,0.1,0.893344,0.484513,0.386282,0.189584,8,3714.9,394.868,0.522564,0.0327457,0.567049,0.779154,1.55831
43c226ac665f,4,"resampler: Residual, n_particles: 10",aiserver,2026-09-14T08:33:41+00:00,d7328d3e3c3f,residual,10,0.251302,1,0,0.7866,0.1,0.891886,0.523591,0.428497,0.0946339,8,1438.81,265.271,0.493911,0.0405289,0.825813,0.774857,1.54971
d1fa719b8a8e,5,"resampler: Residual, n_particles: 10",aiserver,2026-09-14T08:33:41+00:00,d7328d3e3c3f,residual,10,0.249639,1,0,0.7828,0.1,0.893202,0.618212,0.668154,0.102336,8,1622.77,350.652,0.640513,0.0489588,0.448176,0.773541,1.54708
50b75749b9e9,6,"resampler: Residual, n_particles: 10",aiserver,2026-09-14T08:33:41+00:00,d7328d3e3c3f,residual,10,0.239327,1,0,0.785,0.1,0.895526,0.544919,0.669699,0.149293,8,2846.35,376.14,0.647473,0.0390123,0.632031,0.776388,1.55278
b56b6992f549,7,"resampler: Residual, n_particles: 10",aiserver,2026-09-14T08:33:41+00:00,d7328d3e3c3f,residual,10,0.239374,1,0,0.7836,0.1,0.895061,0.551513,0.76856,0.156537,8,1613,351.974,0.703642,0.0514483,0.380662,0.780849,1.5617
c36672616c71,8,"resampler: Residual, n_particles: 10",aiserver,2026-09-14T08:33:42+00:00,d7328d3e3c3f,residual,10,0.241034,1,0,0.7868,0.1,0.895951,0.591368,3.89099,0.129507,8,36273.7,4824.04,3.59331,0.235872,3.48996,0.78425,1.5685
143659082f48,9,"resampler: Residual, n_particles: 10",aiserver,2026-09-14T08:33:42+00:00,d7328d3e3c3f,residual,10,0.34263,1,0,0.7874,0.1,0.889314,0.594715,0.585655,0.137287,8,1031.41,114.342,0.609996,0.0457728,0.65989,0.790943,1.58189
012de9cf19cb,10,"resampler: Residual, n_particles: 10",aiserver,2026-09-14T08:33:42+00:00,d7328d3e3c3f,residual,10,0.228523,1,0,0.7866,0.1,0.896479,0.602847,2.91019,0.0960934,8,10663.6,2835.67,2.57585,0.188964,2.3135,0.789443,1.57889
76ab12d241f8,11,"resampler: Residual, n_particles: 10",aiserver,2026-09-14T08:33:42+00:00,d7328d3e3c3f,residual,10,0.389615,1,0,0.7826,0.1,0.883239,0.592939,0.508803,0.183735,8,2079.83,261.474,0.589515,0.0329509,0.715364,0.79126,1.58252
cf84644eb5ad,12,"resampler: Residual, n_particles: 10",aiserver,2026-09-14T08:33:42+00:00,d7328d3e3c3f,residual,10,0.308549,1,0,0.7852,0.1,0.895784,0.629596,1.62307,0.201962,8,3336.64,708.079,1.30857,0.116135,0.959075,0.788932,1.57786
4000eb30a375,13,"resampler: Residual, n_particles: 10",aiserver,2026-09-14T08:33:42+00:00,d7328d3e3c3f,residual,10,0.216382,1,0,0.784,0.1,0.887649,0.490958,0.689019,0.119911,8,1377.42,130.695,0.718738,0.0585189,0.558271,0.791245,1.58249
dcbdd694085c,14,"resampler: Residual, n_particles: 10",aiserver,2026-09-14T08:33:42+00:00,d7328d3e3c3f,residual,10,0.261568,1,0,0.7824,0.1,0.89656,0.620495,0.692748,0.094323,8,4010.93,292.669,0.741335,0.0310803,1.0026,0.792789,1.58558
f3ae20b80c79,15,"resampler: Residual, n_particles: 10",aiserver,2026-09-14T08:33:42+00:00,d7328d3e3c3f,residual,10,0.328338,1,0,0.7856,0.1,0.888518,0.579969,2.17073,0.153556,8,16118.3,1361.35,1.9774,0.143498,1.86995,0.790387,1.58077
8c501acff8aa,16,"resampler: Residual, n_particles: 10",aiserver,2026-09-14T08:33:42+00:00,d7328d3e3c3f,residual,10,0.269672,1,0,0.7792,0.1,0.883788,0.542487,0.261701,0.10706,8,365.331,92.7158,0.316006,0.0304774,0.239753,0.792003,1.58401
aeda3b19c2fd,17,"resampler: Residual, n_particles: 10",aiserver,2026-09-14T08:33:42+00:00,d7328d3e3c3f,residual,10,0.285884,1,0,0.7858,0.1,0.896164,0.53154,0.550492,0.143108,8,434.587,94.3048,0.555347,0.0547309,0.465245,0.793018,1.58604
bedd104f8aa6,18,"resampler: Residual, n_particles: 10",aiserver,2026-09-14T08:33:42+00:00,d7328d3e3c3f,residual,10,0.268821,1,0,0.7858,0.1,0.892321,0.505705,0.737181,0.0987952,8,4562.57,453.605,0.755673,0.0492844,0.755541,0.796042,1.59208
bb7795db0277,19,"resampler: Residual, n_particles: 10",aiserver,2026-09-14T08:33:42+00:00,d7328d3e3c3f,residual,10,0.290898,1,0,0.7838,0.1,0.891491,0.454176,0.58619,0.131813,8,1391.76,369.048,0.581678,0.0305894,0.341514,0.80345,1.6069
3e838c74742c,0,"resampler: Residual, n_particles: 50",aiserver,2026-09-14T08:33:43+00:00,d7328d3e3c3f,residual,50,0.297324,1,0,0.784,0.02,0.898347,0.738041,0.494233,0.0875852,8,20.5658,7.15936,0.582842,0.0678713,0.128765,1.43587,2.87173
70f80037e26b,1,"resampler: Residual, n_particles: 50",aiserver,2026-09-14T08:33:43+00:00,d7328d3e3c3f,residual,50,0.190003,1,0,0.77496,0.02,0.889155,0.681146,0.280184,0.0783776,8,8.10825,5.46152,0.335852,0.0230683,0.509376,1.44072,2.88144
1b9ad2ba0447,2,"resampler: Residual, n_particles: 50",aiserver,2026-09-14T08:33:43+00:00,d7328d3e3c3f,residual,50,0.188418,1,0,0.77616,0.02,0.888854,0.640158,0.564982,0.0920634,8,20.2851,9.35861,0.504554,0.0544193,0.577213,1.43753,2.87506
d460a85b9d50,3,"resampler: Residual, n_particles: 50",aiserver,2026-09-14T08:33:43+00:00,d7328d3e3c3f,residual,50,0.177343,1,0,0.77796,0.02,0.893819,0.670249,0.809394,0.0778378,8,28.1574,17.0798,0.740474,0.0440347,0.986298,1.43915,2.87831
01a0be57fdd9,4,"resampler: Residual, n_particles: 50",aiserver,2026-09-14T08:33:43+00:00,d7328d3e3c3f,residual,50,0.262268,1,0,0.77692,0.02,0.894302,0.649741,0.507546,0.0659452,8,41.2256,5.78526,0.483849,0.0382557,0.501795,1.4372,2.87441
262321164701,5,"resampler: Residual, n_particles: 50",aiserver,2026-09-14T08:33:43+00:00,d7328d3e3c3f,residual,50,0.16876,1,0,0.7762,0.02,0.888659,0.677172,1.68507,0.101087,8,166.235,133.77,1.64293,0.0913484,1.56275,1.44171,2.88341
3abacb6009d1,6,"resampler: Residual, n_particles: 50",aiserver,2026-09-14T08:33:43+00:00,d7328d3e3c3f,residual,50,0.358778,1,0,0.77968,0.02,0.893636,0.683102,0.978674,0.0884617,8,48.2789,33.5402,0.846291,0.0480002,0.77772,1.44242,2.88483
bb8c61dd0a52,7,"resampler: Residual, n_particles: 50",aiserver,2026-09-14T08:33:43+00:00,d7328d3e3c3f,residual,50,0.165692,1,0,0.77644,0.02,0.889687,0.59326,0.359127,0.0671996,8,11.5429,3.78614,0.31254,0.0241733,0.422932,1.44342,2.88685
a9e2fd33d57d,8,"resampler: Residual, n_particles: 50",aiserver,2026-09-14T08:33:43+00:00,d7328d3e3c3f,residual,50,0.259869,1,0,0.77804,0.02,0.894781,0.652529,0.867603,0.0567385,8,69.2018,26.2273,0.776569,0.02714,0.85164,1.44183,2.88366
606967d8e0d3,9,"resampler: Residual, n_particles: 50",aiserver,2026-09-14T08:33:43+00:00,d7328d3e3c3f,residual,50,0.227614,1,0,0.7744,0.02,0.888662,0.639046,0.368796,0.0789303,8,6.7211,3.57774,0.402827,0.0343003,0.129404,1.43404,2.86808
6751873d996a,10,"resampler: Residual, n_particles: 50",aiserver,2026-09-14T08:33:43+00:00,d7328d3e3c3f,residual,50,0.210252,1,0,0.78068,0.02,0.896049,0.617277,1.41402,0.050678,8,133.4,77.8002,1.3175,0.0803431,1.16247,1.44627,2.89255
e6d5296eb0c3,11,"resampler: Residual, n_particles: 50",aiserver,2026-09-14T08:33:43+00:00,d7328d3e3c3f,residual,50,0.156637,1,0,0.77872,0.02,0.892148,0.666786,1.16913,0.0794979,8,67.1393,42.4494,1.04607,0.0805885,1.11093,1.44168,2.88335
0b44dc3bd1e3,12,"resampler: Residual, n_particles: 50",aiserver,2026-09-14T08:33:43+00:00,d7328d3e3c3f,residual,50,0.171347,1,0,0.77708,0.02,0.894442,0.633485,0.34685,0.0765978,8,2.87479,2.30645,0.359006,0.0359136,0.330298,1.44242,2.88484
76700660f736,13,"resampler: Residual, n_particles: 50",aiserver,2026-09-14T08:33:43+00:00,d7328d3e3c3f,residual,50,0.142052,1,0,0.77896,0.02,0.894703,0.681932,0.726863,0.086119,8,9.70123,7.57715,0.525751,0.0494371,0.805993,1.44609,2.89217
86f20ee8427f,14,"resampler: Residual, n_particles: 50",aiserver,2026-09-14T08:33:43+00:00,d7328d3e3c3f,residual,50,0.185529,1,0,0.77852,0.02,0.890156,0.68059,0.759713,0.0830495,8,17.0822,14.2392,0.586345,0.0447778,0.402905,1.44973,2.89946
b8d8823bcd94,15,"resampler: Residual, n_particles: 50",aiserver,2026-09-14T08:33:44+00:00,d7328d3e3c3f,residual,50,0.186844,1,0,0.77748,0.02,0.89032,0.630572,1.1517,0.109287,8,92.4327,58.5975,1.06227,0.059782,1.22458,1.474,2.94799
814aa19815ff,16,"resampler: Residual, n_particles: 50",aiserver,2026-09-14T08:33:45+00:00,d7328d3e3c3f,residual,50,0.263368,1,0,0.77972,0.02,0.891804,0.715431,1.13263,0.0824645,8,48.1516,38.2201,1.02548,0.0718854,0.960103,1.45317,2.90634
73f6c4e62e38,17,"resampler: Residual, n_particles: 50",aiserver,2026-09-14T08:33:45+00:00,d7328d3e3c3f,residual,50,0.228083,1,0,0.77316,0.02,0.890844,0.717475,1.74551,0.116006,8,155.649,114.83,1.59846,0.107863,1.38475,1.45779,2.91558
b7ce8c74d032,18,"resampler: Residual, n_particles: 50",aiserver,2026-09-14T08:33:45+00:00,d7328d3e3c3f,residual,50,0.165552,1,0,0.77408,0.02,0.888797,0.511012,0.768084,0.0845025,8,57.1736,16.2341,0.750466,0.0347614,0.751585,1.45851,2.91702
889d900f4818,19,"resampler: Residual, n_particles: 50",aiserver,2026-09-14T08:33:45+00:00,d7328d3e3c3f,residual,50,0.171598,1,0,0.77924,0.02,0.893435,0.722746,0.263603,0.100919,8,3.73864,2.083,0.285391,0.0243954,0.31472,1.45791,2.91583
80eaa18611b3,0,"resampler: Stratified, n_particles: 10",aiserver,2026-09-14T08:33:44+00:00,d7328d3e3c3f,stratified,10,0.299161,1,0,0.8008,0.1,0.89589,0.651702,2.39333,0.139881,8,11123.4,1719.52,2.2032,0.127175,1.71596,0.751624,1.50325
faa4fb82cc65,1,"resampler: Stratified, n_particles: 10",aiserver,2026-09-14T08:33:44+00:00,d7328d3e3c3f,stratified,10,0.33707,1,0,0.8042,0.1,0.896652,0.643233,0.533479,0.152284,8,1468.63,67.0246,0.482861,0.0332734,0.334192,0.753839,1.50768
9029a8901d38,2,"resampler: Stratified, n_particles: 10",aiserver,2026-09-14T08:33:44+00:00,d7328d3e3c3f,stratified,10,0.203747,1,0,0.7948,0.1,0.891887,0.551286,3.16108,0.106399,8,31276.5,2494.62,2.84823,0.192561,2.73935,0.754166,1.50833
7dc56742f442,3,"resampler: Stratified, n_particles: 10",aiserver,2026-09-14T08:33:44+00:00,d7328d3e3c3f,stratified,10,0.163133,1,0,0.811,0.1,0.901211,0.613402,1.85936,0.109871,8,7554.36,1189.54,1.79991,0.0866289,1.64012,0.755091,1.51018
77ca05c4191f,4,"resampler: Stratified, n_particles: 10",aiserver,2026-09-14T08:33:44+00:00,d7328d3e3c3f,stratified,10,0.24413,1,0,0.8046,0.1,0.896251,0.649988,0.238122,0.117799,8,41.7456,13.7999,0.279501,0.0314357,0.397768,0.752292,1.50458
0af492718eaa,5,"resampler: Stratified, n_particles: 10",aiserver,2026-09-14T08:33:44+00:00,d7328d3e3c3f,stratified,10,0.162403,1,0,0.8022,0.1,0.89429,0.585709,1.99836,0.0807088,8,7263.8,1512.29,1.90145,0.102716,1.64305,0.749204,1.49841
9fd07a2e4378,6,"resampler: Stratified, n_particles: 10",aiserver,2026-09-14T08:33:44+00:00,d7328d3e3c3f,stratified,10,0.234645,1,0,0.808,0.1,0.896774,0.573717,0.708572,0.156843,8,426.711,54.3718,0.550317,0.0607969,0.619571,0.766607,1.53321
945195d7c109,7,"resampler: Stratified, n_particles: 10",aiserver,2026-09-14T08:33:44+00:00,d7328d3e3c3f,stratified,10,0.254691,1,0,0.8004,0.1,0.8922,0.460862,0.950473,0.139324,8,2138.76,395.362,0.932112,0.0516679,1.265,0.753504,1.50701
6d5492ea2e1b,8,"resampler: Stratified, n_particles: 10",aiserver,2026-09-14T08:33:44+00:00,d7328d3e3c3f,stratified,10,0.212121,1,0,0.801,0.1,0.895814,0.56523,0.962557,0.0777842,8,964.301,360.89,0.887766,0.0643468,0.732007,0.754586,1.50917
16ffb0267589,9,"resampler: Stratified, n_particles: 10",aiserver,2026-09-14T08:33:44+00:00,d7328d3e3c3f,stratified,10,0.291555,1,0,0.8022,0.1,0.890693,0.600441,0.964571,0.106598,8,1301.35,289.456,0.894939,0.0625144,0.983644,0.754941,1.50988
b3b13f28a551,10,"resampler: Stratified, n_particles: 10",aiserver,2026-09-14T08:33:44+00:00,d7328d3e3c3f,stratified,10,0.22737,1,0,0.8026,0.1,0.897886,0.500159,0.614061,0.123204,8,155.932,37.3544,0.588654,0.0569934,0.609922,0.757624,1.51525
960cb2dfe419,11,"resampler: Stratified, n_particles: 10",aiserver,2026-09-14T08:33:44+00:00,d7328d3e3c3f,stratified,10,0.221068,1,0,0.7954,0.1,0.898488,0.52195,0.288021,0.0808667,8,121.06,26.9791,0.38586,0.0301273,0.631028,0.76118,1.52236
3f2a43484fac,12,"resampler: Stratified, n_particles: 10",aiserver,2026-09-14T08:33:45+00:00,d7328d3e3c3f,stratified,10,0.32174,1,0,0.7988,0.1,0.89001,0.6051,0.935991,0.183111,8,2982.05,481.691,1.00579,0.0472222,0.959451,0.754675,1.50935
1f6de967e9d5,13,"resampler: Stratified, n_particles: 10",aiserver,2026-09-14T08:33:45+00:00,d7328d3e3c3f,stratified,10,0.238016,1,0,0.805,0.1,0.895939,0.534954,1.23418,0.085349,8,6068.46,1424.25,1.20438,0.0422127,1.07041,0.757211,1.51442
1245f72fe76f,14,"resampler: Stratified, n_particles: 10",aiserver,2026-09-14T08:33:45+00:00,d7328d3e3c3f,stratified,10,0.209797,1,0,0.7972,0.1,0.886025,0.547808,0.341978,0.0676451,8,131.917,18.9305,0.364924,0.0342234,0.525522,0.756078,1.51216
9d06a70fec78,15,"resampler: Stratified, n_particles: 10",aiserver,2026-09-14T08:33:45+00:00,d7328d3e3c3f,stratified,10,0.251077,1,0,0.795,0.1,0.885483,0.498849,2.12979,0.0956036,8,9574.04,1312.16,1.93489,0.136237,1.88471,0.758093,1.51619
1186fe4a37c1,16,"resampler: Stratified, n_particles: 10",aiserver,2026-09-14T08:33:45+00:00,d7328d3e3c3f,stratified,10,0.180984,1,0,0.803,0.1,0.892233,0.466936,0.586899,0.0892269,8,1087.43,198.357,0.598363,0.0256204,0.511336,0.753864,1.50773
48b35e0bc72a,17,"resampler: Stratified, n_particles: 10",aiserver,2026-09-14T08:33:45+00:00,d7328d3e3c3f,stratified,10,0.344516,1,0,0.797,0.1,0.888174,0.550702,1.237,0.192526,8,3134.51,756.491,1.13859,0.0716288,1.27501,0.75609,1.51218
1a53e638bab9,18,"resampler: Stratified, n_particles: 10",aiserver,2026-09-14T08:33:45+00:00,d7328d3e3c3f,stratified,10,0.199676,1,0,0.8004,0.1,0.889049,0.533533,0.408878,0.0587281,8,493.668,90.2404,0.414961,0.0375316,0.215363,0.755446,1.51089
6f29332ba201,19,"resampler: Stratified, n_particles: 10",aiserver,2026-09-14T08:33:45+00:00,d7328d3e3c3f,stratified,10,0.338314,1,0,0.8004,0.1,0.890606,0.549664,0.987037,0.122113,8,1119.51,294.077,0.811584,0.0820766,1.4209,0.757113,1.51423
10a0ae14b065,0,"resampler: Stratified, n_particles: 50",aiserver,2026-09-14T08:33:46+00:00,d7328d3e3c3f,stratified,50,0.208434,1,0,0.78556,0.02,0.892767,0.691842,0.356561,0.0760514,8,2.2836,2.04459,0.300366,0.0246643,0.445077,1.40625,2.81251
6fc1d77efe79,1,"resampler: Stratified, n_particles: 50",aiserver,2026-09-14T08:33:46+00:00,d7328d3e3c3f,stratified,50,0.131629,1,0,0.78524,0.02,0.890652,0.66827,0.218835,0.0689504,8,1.55417,1.36801,0.281465,0.0260213,0.494701,1.40058,2.80116
e4ad411b510a,2,"resampler: Stratified, n_particles: 50",aiserver,2026-09-14T08:33:46+00:00,d7328d3e3c3f,stratified,50,0.181187,1,0,0.78812,0.02,0.8894,0.624489,0.566536,0.0958412,8,9.54254,5.01822,0.546308,0.0413017,0.727736,1.40635,2.81269
a6da8235ff0d,3,"resampler: Stratified, n_particles: 50",aiserver,2026-09-14T08:33:46+00:00,d7328d3e3c3f,stratified,50,0.303651,1,0,0.78872,0.02,0.896143,0.711042,0.415946,0.0999914,8,14.6657,4.89965,0.469407,0.0439672,0.163479,1.40854,2.81709
1c3c968ec7f3,4,"resampler: Stratified, n_particles: 50",aiserver,2026-09-14T08:33:46+00:00,d7328d3e3c3f,stratified,50,0.247307,1,0,0.7864,0.02,0.891925,0.66327,0.846483,0.0453631,8,38.687,18.4598,0.981329,0.0494143,0.830095,1.39526,2.79051
024dc565b3b6,5,"resampler: Stratified, n_particles: 50",aiserver,2026-09-14T08:33:46+00:00,d7328d3e3c3f,stratified,50,0.216676,1,0,0.78884,0.02,0.894011,0.716854,0.3417,0.0686948,8,8.14093,4.69573,0.31823,0.026356,0.78308,1.39824,2.79647
e85857e62c6e,6,"resampler: Stratified, n_particles: 50",aiserver,2026-09-14T08:33:46+00:00,d7328d3e3c3f,stratified,50,0.201793,1,0,0.785,0.02,0.893536,0.689502,0.556234,0.0472543,8,20.1139,4.50248,0.501765,0.027016,0.548166,1.39839,2.79678
4385bdb6c38c,7,"resampler: Stratified, n_particles: 50",aiserver,2026-09-14T08:33:46+00:00,d7328d3e3c3f,stratified,50,0.235013,1,0,0.78636,0.02,0.890725,0.592113,0.739161,0.106367,8,15.2014,4.69466,0.632299,0.0356874,0.57466,1.40051,2.80101
a308c8405ca2,8,"resampler: Stratified, n_particles: 50",aiserver,2026-09-14T08:33:47+00:00,d7328d3e3c3f,stratified,50,0.185455,1,0,0.78956,0.02,0.894773,0.66057,0.905124,0.0488219,8,40.6288,28.5198,0.890223,0.0441436,0.960704,1.39316,2.78632
a35dc8283693,9,"resampler: Stratified, n_particles: 50",aiserver,2026-09-14T08:33:47+00:00,d7328d3e3c3f,stratified,50,0.251207,1,0,0.78544,0.02,0.887689,0.673989,0.212037,0.0950518,8,3.85386,2.64085,0.359136,0.0483434,0.631698,1.39836,2.79672
d30de691e822,10,"resampler: Stratified, n_particles: 50",aiserver,2026-09-14T08:33:47+00:00,d7328d3e3c3f,stratified,50,0.205618,1,0,0.78936,0.02,0.89529,0.660692,0.941784,0.0871452,8,15.5626,14.8246,0.82591,0.0780059,1.04508,1.40304,2.80608
6fa93d06d6c1,11,"resampler: Stratified, n_particles: 50",aiserver,2026-09-14T08:33:47+00:00,d7328d3e3c3f,stratified,50,0.230125,1,0,0.78672,0.02,0.892594,0.637671,0.440424,0.043821,8,4.76124,3.40188,0.31407,0.0391044,0.332353,1.4075,2.815
2d66041597a2,12,"resampler: Stratified, n_particles: 50",aiserver,2026-09-14T08:33:47+00:00,d7328d3e3c3f,stratified,50,0.196592,1,0,0.78492,0.02,0.891883,0.68829,0.755726,0.088422,8,27.5868,16.2063,0.735426,0.0210002,0.730425,1.39561,2.79122
8f49837a9603,13,"resampler: Stratified, n_particles: 50",aiserver,2026-09-14T08:33:47+00:00,d7328d3e3c3f,stratified,50,0.222674,1,0,0.78616,0.02,0.891901,0.644522,0.409827,0.0511071,8,1.84159,1.25656,0.37406,0.0256468,0.533756,1.40097,2.80194
f4a09c91d247,14,"resampler: Stratified, n_particles: 50",aiserver,2026-09-14T08:33:47+00:00,d7328d3e3c3f,stratified,50,0.183591,1,0,0.78744,0.02,0.892313,0.710255,0.142456,0.0596278,8,1.95183,1.49203,0.214612,0.0237604,0.414217,1.39823,2.79647
a76490f1c72b,15,"resampler: Stratified, n_particles: 50",aiserver,2026-09-14T08:33:47+00:00,d7328d3e3c3f,stratified,50,0.186053,1,0,0.78828,0.02,0.891426,0.664605,0.324922,0.053293,8,3.83646,2.99013,0.372565,0.0290641,0.507391,1.40438,2.80876
bba32198a08c,16,"resampler: Stratified, n_particles: 50",aiserver,2026-09-14T08:33:47+00:00,d7328d3e3c3f,stratified,50,0.165884,1,0,0.78532,0.02,0.891765,0.686037,1.43155,0.0520054,8,102.974,78.328,1.37348,0.0766805,1.53305,1.39763,2.79526
de6dda30828f,17,"resampler: Stratified, n_particles: 50",aiserver,2026-09-14T08:33:47+00:00,d7328d3e3c3f,stratified,50,0.184881,1,0,0.78812,0.02,0.892032,0.619364,0.855626,0.0675921,8,10.4241,4.0539,0.891275,0.0576233,0.615867,1.40378,2.80756
43334a037975,18,"resampler: Stratified, n_particles: 50",aiserver,2026-09-14T08:33:47+00:00,d7328d3e3c3f,stratified,50,0.137451,1,0,0.78716,0.02,0.888265,0.514017,0.2549,0.068008,8,4.54854,3.63628,0.315443,0.0263266,0.381836,1.40012,2.80025
46fe086aa920,19,"resampler: Stratified, n_particles: 50",aiserver,2026-09-14T08:33:47+00:00,d7328d3e3c3f,stratified,50,0.215366,1,0,0.78512,0.02,0.891187,0.65491,1.09853,0.0563376,8,22.1221,20.0296,0.897357,0.0749106,0.573091,1.40579,2.81157
ccabdd76dc78,0,"resampler: Systematic, n_particles: 10",aiserver,2026-09-14T08:33:47+00:00,d7328d3e3c3f,systematic,10,0.197344,1,0,0.8648,0.1,0.894431,0.486314,0.380455,0.0834906,8,123.311,35.2844,0.401841,0.040405,0.498964,0.719594,1.43919
3fe554706b59,1,"resampler: Systematic, n_particles: 10",aiserver,2026-09-14T08:33:47+00:00,d7328d3e3c3f,systematic,10,0.28018,1,0,0.859,0.1,0.894338,0.535232,0.842978,0.156248,8,2027.43,406.075,0.786603,0.0273426,0.85705,0.72705,1.4541
30f683142f51,2,"resampler: Systematic, n_particles: 10",aiserver,2026-09-14T08:33:47+00:00,d7328d3e3c3f,systematic,10,0.204578,1,0,0.8568,0.1,0.895153,0.605354,2.49171,0.0816182,8,7220.58,2015.71,2.34007,0.136212,2.06056,0.721128,1.44226
4987bf8a0277,3,"resampler: Systematic, n_particles: 10",aiserver,2026-09-14T08:33:47+00:00,d7328d3e3c3f,systematic,10,0.240146,1,0,0.8684,0.1,0.899178,0.57245,0.446314,0.0845267,8,618.715,53.2876,0.525793,0.0319021,0.679465,0.726738,1.45348
cab2c74d79bc,4,"resampler: Systematic, n_particles: 10",aiserver,2026-09-14T08:33:48+00:00,d7328d3e3c3f,systematic,10,0.225535,1,0,0.8608,0.1,0.899731,0.515813,1.08545,0.0945781,8,1865.85,273.659,1.05496,0.0584154,0.940297,0.719184,1.43837
896a4d0f29ac,5,"resampler: Systematic, n_particles: 10",aiserver,2026-09-14T08:33:48+00:00,d7328d3e3c3f,systematic,10,0.195808,1,0,0.8566,0.1,0.898338,0.578419,0.673097,0.104412,8,1098.29,246.232,0.631762,0.0478035,0.566046,0.722405,1.44481
a70dd09e45bc,6,"resampler: Systematic, n_particles: 10",aiserver,2026-09-14T08:33:48+00:00,d7328d3e3c3f,systematic,10,0.28744,1,0,0.857,0.1,0.892539,0.613836,0.670192,0.0834765,8,1475.83,217.697,0.602687,0.0482503,1.05255,0.723932,1.44786
b27545d66165,7,"resampler: Systematic, n_particles: 10",aiserver,2026-09-14T08:33:48+00:00,d7328d3e3c3f,systematic,10,0.26167,1,0,0.8586,0.1,0.89185,0.55986,0.458101,0.154486,8,157.03,35.51,0.410591,0.0361807,0.6785,0.719416,1.43883
cc09b05dd26d,8,"resampler: Systematic, n_particles: 10",aiserver,2026-09-14T08:33:48+00:00,d7328d3e3c3f,systematic,10,0.23842,1,0,0.8556,0.1,0.892669,0.637486,1.88841,0.0987214,8,2141.73,465.536,1.67888,0.128709,1.65495,0.724387,1.44877
aebd90cf27a2,9,"resampler: Systematic, n_particles: 10",aiserver,2026-09-14T08:33:48+00:00,d7328d3e3c3f,systematic,10,0.277993,1,0,0.8608,0.1,0.89122,0.590375,0.915951,0.102263,8,117.856,34.648,0.762766,0.0811061,1.09818,0.720175,1.44035
52b07941cf13,10,"resampler: Systematic, n_particles: 10",aiserver,2026-09-14T08:33:48+00:00,d7328d3e3c3f,systematic,10,0.209457,1,0,0.8572,0.1,0.898613,0.64844,1.70833,0.0763215,8,2494.77,666.27,1.5693,0.108545,1.38782,0.724019,1.44804
ba81a8cf0590,11,"resampler: Systematic, n_particles: 10",aiserver,2026-09-14T08:33:48+00:00,d7328d3e3c3f,systematic,10,0.226838,1,0,0.8594,0.1,0.892667,0.595787,0.316956,0.0893494,8,32.2757,9.74131,0.335507,0.0342121,0.765101,0.726996,1.45399
d38d4ee50cc4,12,"resampler: Systematic, n_particles: 10",aiserver,2026-09-14T08:33:48+00:00,d7328d3e3c3f,systematic,10,0.215531,1,0,0.8666,0.1,0.900147,0.690249,1.24767,0.0816565,8,417.158,159.235,1.09795,0.0852603,1.11931,0.730796,1.46159
bd23a26d9406,13,"resampler: Systematic, n_particles: 10",aiserver,2026-09-14T08:33:48+00:00,d7328d3e3c3f,systematic,10,0.179821,1,0,0.8576,0.1,0.898967,0.656936,0.806655,0.0782256,8,313.445,63.2193,0.692316,0.0584067,0.523587,0.744831,1.48966
afca082b4458,14,"resampler: Systematic, n_particles: 10",aiserver,2026-09-14T08:33:48+00:00,d7328d3e3c3f,systematic,10,0.349904,1,0,0.8566,0.1,0.887241,0.585397,0.646907,0.179645,8,758.544,276.795,0.749395,0.0449759,1.43361,0.732087,1.46417
daaa29708452,15,"resampler: Systematic, n_particles: 10",aiserver,2026-09-14T08:33:48+00:00,d7328d3e3c3f,systematic,10,0.215017,1,0,0.8628,0.1,0.890268,0.659882,0.511069,0.106001,8,174.264,53.6469,0.539219,0.0411046,0.77793,0.736397,1.47279
586f1fbe7915,16,"resampler: Systematic, n_particles: 10",aiserver,2026-09-14T08:33:48+00:00,d7328d3e3c3f,systematic,10,0.274103,1,0,0.8544,0.1,0.89104,0.637415,1.22707,0.150776,8,3128.33,478.362,1.24806,0.0450542,1.06214,0.741442,1.48288
1cf706853874,17,"resampler: Systematic, n_particles: 10",aiserver,2026-09-14T08:33:48+00:00,d7328d3e3c3f,systematic,10,0.231895,1,0,0.861,0.1,0.895273,0.637624,2.27741,0.135353,8,4224.74,987.519,2.10702,0.138539,2.17547,0.745035,1.49007
24a09858961e,18,"resampler: Systematic, n_particles: 10",aiserver,2026-09-14T08:33:48+00:00,d7328d3e3c3f,systematic,10,0.168268,1,0,0.8608,0.1,0.894971,0.545789,0.173783,0.0827923,8,114.972,14.7712,0.226074,0.0234107,0.113699,0.747136,1.49427
280d6eea4cc7,19,"resampler: Systematic, n_particles: 10",aiserver,2026-09-14T08:33:48+00:00,d7328d3e3c3f,systematic,10,0.186164,1,0,0.8638,0.1,0.898852,0.590415,1.80697,0.0796233,8,4587.73,1515.92,1.69785,0.0825316,1.77025,0.760411,1.52082
78ce0400bbc6,0,"resampler: Systematic, n_particles: 50",aiserver,2026-09-14T08:33:49+00:00,d7328d3e3c3f,systematic,50,0.187697,1,0,0.85896,0.02,0.890804,0.714948,1.05301,0.109524,8,66.6878,55.4243,1.00197,0.0581253,0.963851,1.23899,2.47798
431c879b8bef,1,"resampler: Systematic, n_particles: 50",aiserver,2026-09-14T08:33:49+00:00,d7328d3e3c3f,systematic,50,0.34715,1,0,0.86072,0.02,0.892192,0.637821,0.405496,0.0944209,8,3.09968,2.94497,0.6355,0.0370832,0.310115,1.24631,2.49263
9663364b7ddf,2,"resampler: Systematic, n_particles: 50",aiserver,2026-09-14T08:33:49+00:00,d7328d3e3c3f,systematic,50,0.133577,1,0,0.85456,0.02,0.890043,0.588057,1.90397,0.0708015,8,161.963,126.859,1.7351,0.0995943,1.74945,1.2463,2.4926
cbaa4ebace02,3,"resampler: Systematic, n_particles: 50",aiserver,2026-09-14T08:33:49+00:00,d7328d3e3c3f,systematic,50,0.198744,1,0,0.86168,0.02,0.895422,0.666013,0.206007,0.0883445,8,3.19273,1.60818,0.246527,0.0234652,0.18541,1.2439,2.48781
def57a693dc6,4,"resampler: Systematic, n_particles: 50",aiserver,2026-09-14T08:33:49+00:00,d7328d3e3c3f,systematic,50,0.31093,1,0,0.85888,0.02,0.895473,0.668647,0.977566,0.0609917,8,34.906,21.6397,0.855749,0.0455446,0.905948,1.24343,2.48686
4ddc96fb8916,5,"resampler: Systematic, n_particles: 50",aiserver,2026-09-14T08:33:49+00:00,d7328d3e3c3f,systematic,50,0.190514,1,0,0.85812,0.02,0.893956,0.670519,0.751405,0.0589178,8,22.8711,16.9139,0.652535,0.0308314,0.565821,1.24369,2.48739
5acf5ace6266,6,"resampler: Systematic, n_particles: 50",aiserver,2026-09-14T08:33:49+00:00,d7328d3e3c3f,systematic,50,0.152622,1,0,0.86032,0.02,0.895587,0.69675,1.28052,0.0588951,8,52.8501,42.2218,1.14442,0.072412,1.28717,1.24391,2.48781
bfd82cf75104,7,"resampler: Systematic, n_particles: 50",aiserver,2026-09-14T08:33:49+00:00,d7328d3e3c3f,systematic,50,0.198126,1,0,0.85588,0.02,0.892223,0.635868,0.343048,0.0810084,8,2.62609,2.22087,0.364988,0.0343484,0.153493,1.24972,2.49944
c81e89076e4c,8,"resampler: Systematic, n_particles: 50",aiserver,2026-09-14T08:33:49+00:00,d7328d3e3c3f,systematic,50,0.1783,1,0,0.8586,0.02,0.893438,0.69984,1.29006,0.0926598,8,98.565,45.2078,1.22657,0.0773383,1.29161,1.20766,2.41533
0720a79df494,9,"resampler: Systematic, n_particles: 50",aiserver,2026-09-14T08:33:49+00:00,d7328d3e3c3f,systematic,50,0.154315,1,0,0.859,0.02,0.8939,0.685743,1.14991,0.0697732,8,34.2511,26.6467,0.993397,0.0823941,1.11906,1.21181,2.42363
a17522e3c1aa,10,"resampler: Systematic, n_particles: 50",aiserver,2026-09-14T08:33:49+00:00,d7328d3e3c3f,systematic,50,0.17704,1,0,0.8616,0.02,0.895509,0.620026,0.401379,0.0601949,8,3.3116,2.33948,0.380701,0.0364476,0.844089,1.21028,2.42056
2db0910c47d7,11,"resampler: Systematic, n_particles: 50",aiserver,2026-09-14T08:33:49+00:00,d7328d3e3c3f,systematic,50,0.212313,1,0,0.85856,0.02,0.891255,0.637639,1.90482,0.0673363,8,92.9836,72.4906,1.70518,0.087627,1.67685,1.21631,2.43262
4bc009834114,12,"resampler: Systematic, n_particles: 50",aiserver,2026-09-14T08:33:50+00:00,d7328d3e3c3f,systematic,50,0.318638,1,0,0.8566,0.02,0.891306,0.682626,0.832276,0.0650274,8,33.2753,1.64908,0.488651,0.0289316,0.748453,1.15799,2.31597
d393a2b0f921,13,"resampler: Systematic, n_particles: 50",aiserver,2026-09-14T08:33:50+00:00,d7328d3e3c3f,systematic,50,0.183499,1,0,0.8574,0.02,0.892444,0.683994,0.330503,0.0985836,8,4.71874,3.23244,0.285219,0.0223572,0.333961,1.15848,2.31696
265f6124cfb6,14,"resampler: Systematic, n_particles: 50",aiserver,2026-09-14T08:33:50+00:00,d7328d3e3c3f,systematic,50,0.244614,1,0,0.85796,0.02,0.891805,0.723364,0.509279,0.0851411,8,9.83011,3.45823,0.434225,0.0291104,0.470221,1.15673,2.31345
31ac2ed2a913,15,"resampler: Systematic, n_particles: 50",aiserver,2026-09-14T08:33:50+00:00,d7328d3e3c3f,systematic,50,0.198822,1,0,0.8566,0.02,0.889429,0.661351,0.291267,0.0809246,8,7.92038,3.86226,0.292513,0.0339999,0.277926,1.15168,2.30337
0279a4d630a1,16,"resampler: Systematic, n_particles: 50",aiserver,2026-09-14T08:33:50+00:00,d7328d3e3c3f,systematic,50,0.497148,1,0,0.85712,0.02,0.889496,0.686361,1.58627,0.0915667,8,69.6003,9.99461,1.27503,0.0604416,1.52361,1.03057,2.06114
e969e4e71a11,17,"resampler: Systematic, n_particles: 50",aiserver,2026-09-14T08:33:50+00:00,d7328d3e3c3f,systematic,50,0.19568,1,0,0.85848,0.02,0.892222,0.708869,1.99843,0.0539955,8,127.601,78.0415,1.72506,0.121722,1.48572,1.02806,2.05612
2d097a44fcca,18,"resampler: Systematic, n_particles: 50",aiserver,2026-09-14T08:33:50+00:00,d7328d3e3c3f,systematic,50,0.467111,1,0,0.85652,0.02,0.886379,0.530479,1.98706,0.055456,8,132.285,64.4703,1.72118,0.0837406,1.67936,1.02751,2.05502
b60a971368a5,19,"resampler: Systematic, n_particles: 50",aiserver,2026-09-14T08:33:50+00:00,d7328d3e3c3f,systematic,50,0.2917,1,0,0.85896,0.02,0.893113,0.717756,0.380901,0.0654227,8,9.43152,2.04198,0.410891,0.0279123,0.464863,1.02418,2.04836
