run_id,seed,variant,host,date,code,trigger,ate,resample_rate,collapses,unique_after_resampling,max_weight_mean,ess_mean,ess_min,nees_mean,nees_median,position_rmse,heading_rmse,final_position_error,runtime_total_s,runtime_per_step_ms
c2aedf6e62d2,0,Every step,aiserver,2026-09-14T08:33:53+00:00,d7328d3e3c3f,every_step,0.222616,1,0,0.679667,0.01,0.644371,0.0225834,882.63,0.938309,0.25527,0.656063,0.121749,0.0122387,0.407955
ea48f7226a09,1,Every step,aiserver,2026-09-14T08:33:53+00:00,d7328d3e3c3f,every_step,0.666043,1,0,0.561,0.01,0.473874,0.010834,2.31262e+06,10.2434,0.851836,1.13117,0.072382,0.012157,0.405233
82bf8f2b2980,2,Every step,aiserver,2026-09-14T08:33:53+00:00,d7328d3e3c3f,every_step,0.275942,1,0,0.652667,0.01,0.608565,0.0121209,4.4977e+06,2.50589,0.386828,0.909758,0.065126,0.012089,0.402967
5a7d20c4ec5c,3,Every step,aiserver,2026-09-14T08:33:53+00:00,d7328d3e3c3f,every_step,0.185431,1,0,0.689333,0.01,0.658805,0.0155143,72.6133,1.19407,0.237595,0.494557,0.0494216,0.0121559,0.405196
88b295da9603,4,Every step,aiserver,2026-09-14T08:33:53+00:00,d7328d3e3c3f,every_step,0.817555,1,0,0.46,0.01,0.324688,0.0142897,164755,188.148,1.21917,1.36521,0.138629,0.0115722,0.385742
004ec71e06fd,5,Every step,aiserver,2026-09-14T08:33:53+00:00,d7328d3e3c3f,every_step,0.886801,1,0,0.410333,0.01,0.268712,0.0100395,2.98947e+08,614.618,1.4083,1.63937,0.134688,0.0120874,0.402912
6f3ec2640111,6,Every step,aiserver,2026-09-14T08:33:53+00:00,d7328d3e3c3f,every_step,0.230206,1,0,0.697,0.01,0.67432,0.0146932,1.0184e+06,1.14842,0.255166,0.65472,0.154555,0.0121748,0.405827
d93020b1b1ef,7,Every step,aiserver,2026-09-14T08:33:53+00:00,d7328d3e3c3f,every_step,0.283279,1,0,0.682,0.01,0.646495,0.0115505,1133.17,1.63446,0.422917,0.563823,0.0628904,0.0116217,0.387392
cef908ecf66e,8,Every step,aiserver,2026-09-14T08:33:53+00:00,d7328d3e3c3f,every_step,0.180384,1,0,0.696667,0.01,0.679408,0.0109852,2.79258e+06,0.597093,0.244659,0.349475,0.109936,0.0120212,0.400706
cbf3ddb166f4,9,Every step,aiserver,2026-09-14T08:33:53+00:00,d7328d3e3c3f,every_step,0.538439,1,0,0.581667,0.01,0.503102,0.0186666,1.14819e+07,2.98743,0.685126,0.830671,0.103843,0.0122673,0.408911
d7180a69a806,10,Every step,aiserver,2026-09-14T08:33:53+00:00,d7328d3e3c3f,every_step,0.109137,1,0,0.743333,0.01,0.746629,0.0121008,1.3401e+06,0.456841,0.146857,0.142241,0.101748,0.0116316,0.38772
330724ffa692,11,Every step,aiserver,2026-09-14T08:33:53+00:00,d7328d3e3c3f,every_step,0.219919,1,0,0.685333,0.01,0.653597,0.0279709,12.8817,1.50276,0.287534,0.4213,0.150877,0.011464,0.382133
99c2be9ef9a2,12,Every step,aiserver,2026-09-14T08:33:53+00:00,d7328d3e3c3f,every_step,0.107589,1,0,0.733667,0.01,0.73056,0.0100003,8.65751e+06,0.516533,0.113172,0.171815,0.0866196,0.0116274,0.38758
57110e0f9886,13,Every step,aiserver,2026-09-14T08:33:53+00:00,d7328d3e3c3f,every_step,0.400124,1,0,0.648,0.01,0.584193,0.0110375,136.313,2.2909,0.598981,0.684024,0.174085,0.0115515,0.385051
ab2bc3f47296,14,Every step,aiserver,2026-09-14T08:33:53+00:00,d7328d3e3c3f,every_step,0.21736,1,0,0.703333,0.01,0.67929,0.010425,1.94705e+06,1.23084,0.263707,0.322232,0.142757,0.0115416,0.384718
d4e3dcd302d0,15,Every step,aiserver,2026-09-14T08:33:53+00:00,d7328d3e3c3f,every_step,0.216097,1,0,0.720667,0.01,0.701794,0.0102357,484751,0.412348,0.276694,0.14014,0.120176,0.0122175,0.40725
9b17fe022a82,16,Every step,aiserver,2026-09-14T08:33:53+00:00,d7328d3e3c3f,every_step,0.588921,1,0,0.599333,0.01,0.509773,0.0238132,218021,12.1007,0.784001,1.03665,0.0565391,0.0120667,0.402222
9ba3b7b5758c,17,Every step,aiserver,2026-09-14T08:33:53+00:00,d7328d3e3c3f,every_step,0.155507,1,0,0.700333,0.01,0.685137,0.0314188,7.49347,0.786026,0.181193,0.270407,0.143068,0.0119031,0.396769
97d9c494d2f3,18,Every step,aiserver,2026-09-14T08:33:53+00:00,d7328d3e3c3f,every_step,0.168467,1,0,0.687333,0.01,0.666407,0.0153564,2.20302,0.632344,0.183434,0.732827,0.149222,0.0114705,0.38235
14210ce4738b,19,Every step,aiserver,2026-09-14T08:33:53+00:00,d7328d3e3c3f,every_step,0.592369,1,0,0.502,0.01,0.38995,0.0113481,1.39113e+06,78.2166,0.902724,1.08048,0.060283,0.0118918,0.396393
780ecad88497,0,Never,aiserver,2026-09-14T08:33:53+00:00,d7328d3e3c3f,never,1.16017,0,0,1,0.957282,0.0110192,0.01,2.91353e+09,2.9709e+09,1.55755,1.10877,1.55202,0.00459327,0.153109
249f90f03c42,1,Never,aiserver,2026-09-14T08:33:53+00:00,d7328d3e3c3f,never,1.216,0,0,1,0.984208,0.0103624,0.01,1.99706e+09,6.53478e+08,1.47657,1.27471,0.492407,0.00459625,0.153208
d8f8234ec487,2,Never,aiserver,2026-09-14T08:33:53+00:00,d7328d3e3c3f,never,1.28904,0,0,1,0.993393,0.0101424,0.01,3.20434e+09,2.7065e+09,1.71729,1.23502,2.95828,0.0046136,0.153787
c29ce5ff8016,3,Never,aiserver,2026-09-14T08:33:53+00:00,d7328d3e3c3f,never,0.343004,0,0,1,0.947052,0.0114461,0.01,2.08324e+09,9.79183e+08,1.4081,0.921594,2.84124,0.00540483,0.180161
d595c2d8d739,4,Never,aiserver,2026-09-14T08:33:53+00:00,d7328d3e3c3f,never,1.06329,0,0,1,0.975011,0.0107005,0.01,1.09309e+09,5.50563e+08,1.0685,1.48796,0.794173,0.00514008,0.171336
469b8d920e76,5,Never,aiserver,2026-09-14T08:33:53+00:00,d7328d3e3c3f,never,0.564003,0,0,1,0.99558,0.0100943,0.01,1.33818e+09,1.21487e+09,1.16149,1.17178,1.4257,0.0050769,0.16923
df074af7a60a,6,Never,aiserver,2026-09-14T08:33:53+00:00,d7328d3e3c3f,never,0.868037,0,0,1,0.990971,0.0102065,0.01,1.57472e+09,5.68199e+08,1.23597,0.813343,0.598065,0.00510846,0.170282
f8aebf3a7c3c,7,Never,aiserver,2026-09-14T08:33:53+00:00,d7328d3e3c3f,never,0.571403,0,0,1,0.976179,0.0106471,0.01,4.01382e+08,1.99019e+08,0.621415,0.808693,1.18981,0.00516455,0.172152
3a655312317f,8,Never,aiserver,2026-09-14T08:33:53+00:00,d7328d3e3c3f,never,1.79734,0,0,1,0.995316,0.0100995,0.01,3.84895e+09,2.75377e+09,2.01248,1.02345,1.71803,0.005298,0.1766
b6b4ae666e6c,9,Never,aiserver,2026-09-14T08:33:53+00:00,d7328d3e3c3f,never,1.11442,0,0,1,0.984236,0.0103556,0.01,3.40421e+09,2.67572e+09,1.7101,1.22439,2.55782,0.00545857,0.181952
cf5bed93e2b7,10,Never,aiserver,2026-09-14T08:33:53+00:00,d7328d3e3c3f,never,0.490503,0,0,1,0.979502,0.0104576,0.01,3.42545e+08,3.0308e+08,0.597644,0.395469,0.873499,0.00523699,0.174566
a71b4f45688a,11,Never,aiserver,2026-09-14T08:33:53+00:00,d7328d3e3c3f,never,0.418504,0,0,1,0.959639,0.0111721,0.01,2.62693e+09,2.10327e+09,1.59519,0.789502,2.74695,0.00456822,0.152274
8633aafca52c,12,Never,aiserver,2026-09-14T08:33:53+00:00,d7328d3e3c3f,never,0.73229,0,0,1,0.999497,0.0100102,0.01,1.30506e+09,1.42894e+09,1.17649,0.446615,1.2777,0.00461311,0.15377
181a07b47962,13,Never,aiserver,2026-09-14T08:33:53+00:00,d7328d3e3c3f,never,1.45452,0,0,1,0.995158,0.0101048,0.01,3.60184e+09,3.95353e+09,1.85945,1.06146,2.39411,0.00462402,0.154134
9e87f4eaddfa,14,Never,aiserver,2026-09-14T08:33:53+00:00,d7328d3e3c3f,never,0.725051,0,0,1,0.964791,0.0108133,0.01,1.24181e+09,7.89159e+08,1.01675,0.640257,2.21713,0.00468717,0.156239
a99f55defa43,15,Never,aiserver,2026-09-14T08:33:53+00:00,d7328d3e3c3f,never,0.711045,0,0,1,0.999308,0.010014,0.01,3.5013e+09,2.42514e+09,1.9002,0.461721,1.25213,0.00469378,0.156459
e3f934ce23e3,16,Never,aiserver,2026-09-14T08:33:53+00:00,d7328d3e3c3f,never,1.17537,0,0,1,0.981619,0.0104648,0.01,4.64925e+09,2.62677e+09,1.94238,1.5469,0.434237,0.00462601,0.1542
8fca81a14ca4,17,Never,aiserver,2026-09-14T08:33:53+00:00,d7328d3e3c3f,never,1.37982,0,0,1,0.938576,0.011677,0.01,2.46374e+09,1.36444e+09,1.52542,1.15838,1.48611,0.00464211,0.154737
2beb10ece689,18,Never,aiserver,2026-09-14T08:33:53+00:00,d7328d3e3c3f,never,0.611901,0,0,1,0.960666,0.0110794,0.01,3.83188e+08,2.88219e+08,0.62925,0.935437,0.354949,0.00467692,0.155897
2b3818fa1e7b,19,Never,aiserver,2026-09-14T08:33:53+00:00,d7328d3e3c3f,never,0.828147,0,0,1,0.971809,0.010646,0.01,2.13301e+09,1.48656e+09,1.51184,1.04631,2.53843,0.00462918,0.154306
0e04134ac6ef,0,ESS threshold (0.2),aiserver,2026-09-14T08:33:53+00:00,d7328d3e3c3f,ess_threshold (threshold=0.2),0.147604,0.266667,0,0.2675,0.0340899,0.411472,0.0225834,877.508,0.724477,0.161262,0.637806,0.148837,0.00788737,0.262912
632f0963bfe9,1,ESS threshold (0.2),aiserver,2026-09-14T08:33:53+00:00,d7328d3e3c3f,ess_threshold (threshold=0.2),0.603929,0.433333,0,0.233846,0.0374615,0.291294,0.010834,2.31202e+06,57.164,0.853657,0.972327,0.0450896,0.00936956,0.312319
5457d896e232,2,ESS threshold (0.2),aiserver,2026-09-14T08:33:53+00:00,d7328d3e3c3f,ess_threshold (threshold=0.2),0.352103,0.366667,0,0.257273,0.0348051,0.358356,0.0121209,4.49779e+06,6.03769,0.472698,0.942873,0.0579026,0.00899911,0.29997
77bba30b51ff,3,ESS threshold (0.2),aiserver,2026-09-14T08:33:53+00:00,d7328d3e3c3f,ess_threshold (threshold=0.2),0.218769,0.266667,0,0.2425,0.0436525,0.360122,0.0155143,89.5133,1.45703,0.261076,0.516998,0.0996966,0.00828991,0.27633
b2c434a0ecef,4,ESS threshold (0.2),aiserver,2026-09-14T08:33:53+00:00,d7328d3e3c3f,ess_threshold (threshold=0.2),0.447421,0.466667,0,0.272143,0.0368377,0.281594,0.0142897,161361,10.1708,0.617401,1.26124,0.141442,0.0095581,0.318603
b2055ab3ceee,5,ESS threshold (0.2),aiserver,2026-09-14T08:33:53+00:00,d7328d3e3c3f,ess_threshold (threshold=0.2),0.735455,0.666667,0,0.254,0.0269217,0.202201,0.0100395,2.98943e+08,693.599,1.24882,1.45924,0.138182,0.0106639,0.355464
caa9fdfe2269,6,ESS threshold (0.2),aiserver,2026-09-14T08:33:53+00:00,d7328d3e3c3f,ess_threshold (threshold=0.2),0.193176,0.233333,0,0.234286,0.0386777,0.397725,0.0146932,1.01839e+06,0.669808,0.206195,0.625033,0.159713,0.00799343,0.266448
c7e47ef72f62,7,ESS threshold (0.2),aiserver,2026-09-14T08:33:53+00:00,d7328d3e3c3f,ess_threshold (threshold=0.2),0.276397,0.3,0,0.254444,0.0373174,0.375272,0.0115505,1221.44,0.637819,0.436967,0.565008,0.0356343,0.00789138,0.263046
ece043013f80,8,ESS threshold (0.2),aiserver,2026-09-14T08:33:53+00:00,d7328d3e3c3f,ess_threshold (threshold=0.2),0.198615,0.266667,0,0.24125,0.0416485,0.382658,0.0109852,2.7926e+06,1.14581,0.297917,0.37347,0.0771442,0.00794855,0.264952
8ca85798b967,9,ESS threshold (0.2),aiserver,2026-09-14T08:33:53+00:00,d7328d3e3c3f,ess_threshold (threshold=0.2),0.691746,0.533333,0,0.22625,0.0358168,0.234653,0.0128537,1.14829e+07,76.3461,0.980672,1.02189,0.0385775,0.0101175,0.33725
e3a9d096f76d,10,ESS threshold (0.2),aiserver,2026-09-14T08:33:53+00:00,d7328d3e3c3f,ess_threshold (threshold=0.2),0.104884,0.2,0,0.265,0.0394749,0.437879,0.0121008,1.3401e+06,0.571073,0.152543,0.143097,0.0782628,0.00751345,0.250448
a3392dfacf1e,11,ESS threshold (0.2),aiserver,2026-09-14T08:33:53+00:00,d7328d3e3c3f,ess_threshold (threshold=0.2),0.207006,0.233333,0,0.232857,0.0405164,0.406306,0.0279709,18.972,0.776735,0.27745,0.404943,0.180531,0.0076971,0.25657
9bfbe25a9087,12,ESS threshold (0.2),aiserver,2026-09-14T08:33:53+00:00,d7328d3e3c3f,ess_threshold (threshold=0.2),0.105538,0.266667,0,0.28,0.0389841,0.405968,0.0100003,8.65751e+06,0.688221,0.125176,0.197584,0.0400022,0.00814266,0.271422
72a21b7c0b84,13,ESS threshold (0.2),aiserver,2026-09-14T08:33:53+00:00,d7328d3e3c3f,ess_threshold (threshold=0.2),0.348772,0.366667,0,0.285455,0.0358991,0.357619,0.0110375,131.114,4.51927,0.535818,0.6488,0.196917,0.00908698,0.302899
0c27404aad00,14,ESS threshold (0.2),aiserver,2026-09-14T08:33:53+00:00,d7328d3e3c3f,ess_threshold (threshold=0.2),0.266855,0.233333,0,0.237143,0.0425209,0.361777,0.010425,1.94707e+06,3.70252,0.301148,0.429207,0.0825468,0.00771873,0.257291
0214bb949b58,15,ESS threshold (0.2),aiserver,2026-09-14T08:33:53+00:00,d7328d3e3c3f,ess_threshold (threshold=0.2),0.209501,0.233333,0,0.252857,0.0390238,0.404691,0.0102357,484750,0.466619,0.275287,0.128385,0.136983,0.00824571,0.274857
991e59c6012f,16,ESS threshold (0.2),aiserver,2026-09-14T08:33:53+00:00,d7328d3e3c3f,ess_threshold (threshold=0.2),0.718586,0.5,0,0.272,0.0305886,0.301136,0.0238132,219157,104.492,1.03456,1.08406,0.0504618,0.00958339,0.319446
94f22138efe0,17,ESS threshold (0.2),aiserver,2026-09-14T08:33:53+00:00,d7328d3e3c3f,ess_threshold (threshold=0.2),0.172574,0.266667,0,0.27,0.0386488,0.387461,0.0314188,7.13673,1.01794,0.227173,0.304499,0.124307,0.00823172,0.274391
32a793f940d9,18,ESS threshold (0.2),aiserver,2026-09-14T08:33:53+00:00,d7328d3e3c3f,ess_threshold (threshold=0.2),0.155754,0.233333,0,0.254286,0.0415912,0.380021,0.0153564,2.27017,0.673378,0.176176,0.74217,0.131448,0.00801254,0.267085
31ef4081be74,19,ESS threshold (0.2),aiserver,2026-09-14T08:33:53+00:00,d7328d3e3c3f,ess_threshold (threshold=0.2),0.526915,0.5,0,0.249333,0.037765,0.275635,0.0113481,1.39165e+06,45.9056,0.832017,0.86952,0.0131451,0.00952625,0.317542
62f301a0d93f,0,ESS threshold (0.5),aiserver,2026-09-14T08:33:53+00:00,d7328d3e3c3f,ess_threshold (threshold=0.5),0.169273,0.466667,0,0.460714,0.0179054,0.515317,0.0225834,878.063,0.617289,0.19039,0.643282,0.0812229,0.00937412,0.312471
3cb74bfd9aa1,1,ESS threshold (0.5),aiserver,2026-09-14T08:33:53+00:00,d7328d3e3c3f,ess_threshold (threshold=0.5),0.402912,0.533333,0,0.41,0.0175201,0.449409,0.010834,2.31156e+06,1.42139,0.508912,0.870069,0.123246,0.00930008,0.310003
374190fc56c3,2,ESS threshold (0.5),aiserver,2026-09-14T08:33:53+00:00,d7328d3e3c3f,ess_threshold (threshold=0.5),0.377096,0.566667,0,0.414706,0.0163198,0.458612,0.0121209,4.49775e+06,4.2576,0.506864,0.971121,0.0663014,0.00947611,0.31587
870ec1377967,3,ESS threshold (0.5),aiserver,2026-09-14T08:33:53+00:00,d7328d3e3c3f,ess_threshold (threshold=0.5),0.214431,0.5,0,0.468,0.0181643,0.504187,0.0155143,72.7472,1.27675,0.277463,0.512161,0.0380192,0.00900073,0.300024
dd695784ddbc,4,ESS threshold (0.5),aiserver,2026-09-14T08:33:53+00:00,d7328d3e3c3f,ess_threshold (threshold=0.5),0.799416,0.8,0,0.36625,0.0138776,0.294358,0.0142897,164755,188.148,1.22029,1.36487,0.096321,0.0118013,0.393378
ebc8f7727383,5,ESS threshold (0.5),aiserver,2026-09-14T08:33:53+00:00,d7328d3e3c3f,ess_threshold (threshold=0.5),0.76313,0.766667,0,0.310435,0.01422,0.263428,0.0100395,2.98943e+08,620.968,1.22947,1.45774,0.0930613,0.0117598,0.391992
ff6e940b7332,6,ESS threshold (0.5),aiserver,2026-09-14T08:33:53+00:00,d7328d3e3c3f,ess_threshold (threshold=0.5),0.218933,0.466667,0,0.461429,0.0174978,0.539582,0.0146932,1.0184e+06,1.04267,0.239972,0.655349,0.124965,0.00970608,0.323536
39802c4f3f4b,7,ESS threshold (0.5),aiserver,2026-09-14T08:33:53+00:00,d7328d3e3c3f,ess_threshold (threshold=0.5),0.270426,0.533333,0,0.4725,0.0165451,0.507697,0.0115505,1117.03,1.46255,0.42174,0.557897,0.103549,0.0096588,0.32196
6ab2fd8cf995,8,ESS threshold (0.5),aiserver,2026-09-14T08:33:53+00:00,d7328d3e3c3f,ess_threshold (threshold=0.5),0.199076,0.433333,0,0.438462,0.0191598,0.512705,0.0109852,2.79258e+06,0.541575,0.263448,0.360615,0.11577,0.00896116,0.298705
38a9d9d467f4,9,ESS threshold (0.5),aiserver,2026-09-14T08:33:53+00:00,d7328d3e3c3f,ess_threshold (threshold=0.5),0.539952,0.633333,0,0.402632,0.015003,0.421459,0.0186666,1.14819e+07,2.01779,0.682377,0.828009,0.0525049,0.0110766,0.369221
e2151e9955fa,10,ESS threshold (0.5),aiserver,2026-09-14T08:33:53+00:00,d7328d3e3c3f,ess_threshold (threshold=0.5),0.104459,0.366667,0,0.474545,0.0188982,0.576712,0.0121008,1.3401e+06,0.44303,0.145999,0.147379,0.0854331,0.00922514,0.307505
bcdb967b1b25,11,ESS threshold (0.5),aiserver,2026-09-14T08:33:53+00:00,d7328d3e3c3f,ess_threshold (threshold=0.5),0.213291,0.466667,0,0.48,0.01838,0.528015,0.0279709,12.4622,0.821109,0.285101,0.418102,0.156755,0.00969056,0.323019
0954de075021,12,ESS threshold (0.5),aiserver,2026-09-14T08:33:53+00:00,d7328d3e3c3f,ess_threshold (threshold=0.5),0.116299,0.4,0,0.473333,0.018724,0.56446,0.0100003,8.65751e+06,0.599106,0.124855,0.18311,0.113527,0.00915794,0.305265
f45787d16391,13,ESS threshold (0.5),aiserver,2026-09-14T08:33:53+00:00,d7328d3e3c3f,ess_threshold (threshold=0.5),0.314674,0.533333,0,0.479375,0.0187252,0.480203,0.0110375,127.189,1.34379,0.470441,0.621448,0.179513,0.0102021,0.34007
8a231ff7d009,14,ESS threshold (0.5),aiserver,2026-09-14T08:33:53+00:00,d7328d3e3c3f,ess_threshold (threshold=0.5),0.21935,0.466667,0,0.467143,0.0175878,0.521254,0.010425,1.94705e+06,1.2062,0.263513,0.326663,0.0968188,0.00969538,0.323179
f4253ed6f63a,15,ESS threshold (0.5),aiserver,2026-09-14T08:33:53+00:00,d7328d3e3c3f,ess_threshold (threshold=0.5),0.22052,0.4,0,0.4425,0.0202078,0.536745,0.0102357,484751,0.651489,0.286231,0.142355,0.102051,0.00902495,0.300832
5afe471c03a6,16,ESS threshold (0.5),aiserver,2026-09-14T08:33:53+00:00,d7328d3e3c3f,ess_threshold (threshold=0.5),0.58855,0.7,0,0.437143,0.0137884,0.404188,0.0238132,218021,11.7771,0.783992,1.03685,0.0346556,0.0104593,0.348643
4a32db1de4eb,17,ESS threshold (0.5),aiserver,2026-09-14T08:33:53+00:00,d7328d3e3c3f,ess_threshold (threshold=0.5),0.144881,0.433333,0,0.476154,0.0187615,0.550804,0.0314188,7.84393,0.533784,0.173072,0.266259,0.109967,0.00880708,0.293569
de42f6823b16,18,ESS threshold (0.5),aiserver,2026-09-14T08:33:53+00:00,d7328d3e3c3f,ess_threshold (threshold=0.5),0.153615,0.466667,0,0.447143,0.0193437,0.511345,0.0153564,2.03453,0.472284,0.183946,0.7422,0.156527,0.00914026,0.304675
782e86a6d7de,19,ESS threshold (0.5),aiserver,2026-09-14T08:33:53+00:00,d7328d3e3c3f,ess_threshold (threshold=0.5),0.601868,0.766667,0,0.370435,0.0125039,0.334732,0.0113481,1.39113e+06,78.2166,0.901115,1.08534,0.0408324,0.0114317,0.381057
dcefdce823ee,0,ESS threshold (0.8),aiserver,2026-09-14T08:33:53+00:00,d7328d3e3c3f,ess_threshold (threshold=0.8),0.158901,0.766667,0,0.637826,0.011431,0.660203,0.0225834,877.163,0.507065,0.166404,0.639916,0.0631856,0.0116617,0.388724
5318e51fa2a0,1,ESS threshold (0.8),aiserver,2026-09-14T08:33:53+00:00,d7328d3e3c3f,ess_threshold (threshold=0.8),0.401222,0.766667,0,0.565652,0.0117383,0.545701,0.010834,2.31156e+06,1.99213,0.506383,0.864584,0.0568528,0.0115898,0.386327
104ddfc475c4,2,ESS threshold (0.8),aiserver,2026-09-14T08:33:53+00:00,d7328d3e3c3f,ess_threshold (threshold=0.8),0.272208,0.733333,0,0.549545,0.0119274,0.558122,0.0121209,4.4977e+06,2.35504,0.388953,0.90997,0.0689315,0.0114337,0.381124
b44afd7f4e7e,3,ESS threshold (0.8),aiserver,2026-09-14T08:33:53+00:00,d7328d3e3c3f,ess_threshold (threshold=0.8),0.223541,0.766667,0,0.594783,0.0118021,0.582602,0.0155143,72.6094,1.10187,0.273504,0.511064,0.0559309,0.0115808,0.386028
52b69632a0b8,4,ESS threshold (0.8),aiserver,2026-09-14T08:33:53+00:00,d7328d3e3c3f,ess_threshold (threshold=0.8),0.819359,0.9,0,0.411111,0.0106538,0.309134,0.0142897,164755,188.148,1.219,1.36491,0.0779696,0.0124588,0.415295
350c501af2f6,5,ESS threshold (0.8),aiserver,2026-09-14T08:33:53+00:00,d7328d3e3c3f,ess_threshold (threshold=0.8),0.888342,0.933333,0,0.375,0.0104702,0.260692,0.0100395,2.98947e+08,614.618,1.40817,1.63944,0.0986028,0.0125418,0.41806
1c9ade05a09f,6,ESS threshold (0.8),aiserver,2026-09-14T08:33:53+00:00,d7328d3e3c3f,ess_threshold (threshold=0.8),0.227598,0.766667,0,0.627391,0.0117176,0.632438,0.0146932,1.0184e+06,1.15967,0.253777,0.652106,0.116947,0.0117613,0.392042
da4226b347b8,7,ESS threshold (0.8),aiserver,2026-09-14T08:33:53+00:00,d7328d3e3c3f,ess_threshold (threshold=0.8),0.27325,0.866667,0,0.628462,0.0111396,0.592539,0.0115505,1116.68,1.51027,0.420364,0.549253,0.0899762,0.012144,0.4048
4f3935066b81,8,ESS threshold (0.8),aiserver,2026-09-14T08:33:53+00:00,d7328d3e3c3f,ess_threshold (threshold=0.8),0.176072,0.733333,0,0.632727,0.0118513,0.646297,0.0109852,2.79258e+06,0.498827,0.242039,0.34653,0.0857992,0.0112535,0.375118
c0e3c6d4343a,9,ESS threshold (0.8),aiserver,2026-09-14T08:33:53+00:00,d7328d3e3c3f,ess_threshold (threshold=0.8),0.526034,0.8,0,0.507083,0.0113355,0.486943,0.0186666,1.14819e+07,1.61509,0.68158,0.829325,0.0563672,0.0110778,0.369259
a73734c6107c,10,ESS threshold (0.8),aiserver,2026-09-14T08:33:53+00:00,d7328d3e3c3f,ess_threshold (threshold=0.8),0.107922,0.6,0,0.642778,0.0125854,0.705923,0.0121008,1.3401e+06,0.58451,0.152034,0.142838,0.0923188,0.00981668,0.327223
cb27a9d007c2,11,ESS threshold (0.8),aiserver,2026-09-14T08:33:53+00:00,d7328d3e3c3f,ess_threshold (threshold=0.8),0.218105,0.733333,0,0.620455,0.0117131,0.632858,0.0279709,12.8823,1.62085,0.287176,0.417645,0.171383,0.0106294,0.354314
14989d8fc39b,12,ESS threshold (0.8),aiserver,2026-09-14T08:33:53+00:00,d7328d3e3c3f,ess_threshold (threshold=0.8),0.126595,0.8,0,0.6675,0.0114543,0.677015,0.0100003,8.65751e+06,0.717609,0.131808,0.184431,0.104899,0.0114454,0.381515
8673812da328,13,ESS threshold (0.8),aiserver,2026-09-14T08:33:53+00:00,d7328d3e3c3f,ess_threshold (threshold=0.8),0.39721,0.766667,0,0.562174,0.0115066,0.547418,0.0110375,136.322,2.44495,0.59887,0.684558,0.150801,0.0107951,0.359835
435595eae36e,14,ESS threshold (0.8),aiserver,2026-09-14T08:33:53+00:00,d7328d3e3c3f,ess_threshold (threshold=0.8),0.212872,0.833333,0,0.6528,0.0112053,0.63687,0.010425,1.94705e+06,0.994744,0.262061,0.318736,0.162081,0.0115934,0.386446
5e58fc7b40e0,15,ESS threshold (0.8),aiserver,2026-09-14T08:33:53+00:00,d7328d3e3c3f,ess_threshold (threshold=0.8),0.217,0.833333,0,0.6864,0.0111718,0.679685,0.0102357,484751,0.422853,0.275963,0.136466,0.0919251,0.011721,0.390702
c7cd0df18c52,16,ESS threshold (0.8),aiserver,2026-09-14T08:33:53+00:00,d7328d3e3c3f,ess_threshold (threshold=0.8),0.594425,0.866667,0,0.542692,0.0108988,0.482437,0.0238132,218021,12.1007,0.784513,1.03745,0.0330831,0.0121091,0.403637
466d1079874c,17,ESS threshold (0.8),aiserver,2026-09-14T08:33:53+00:00,d7328d3e3c3f,ess_threshold (threshold=0.8),0.148428,0.866667,0,0.671154,0.0109547,0.663653,0.0314188,7.3051,0.643643,0.176358,0.26844,0.13172,0.0121156,0.403854
dc3702a652b1,18,ESS threshold (0.8),aiserver,2026-09-14T08:33:53+00:00,d7328d3e3c3f,ess_threshold (threshold=0.8),0.167569,0.8,0,0.630833,0.0114088,0.631192,0.0153564,2.09985,0.483829,0.181193,0.731925,0.174677,0.0117712,0.392373
d49af7d2a600,19,ESS threshold (0.8),aiserver,2026-09-14T08:33:53+00:00,d7328d3e3c3f,ess_threshold (threshold=0.8),0.598439,0.866667,0,0.438077,0.0108391,0.373287,0.0113481,1.39113e+06,78.2166,0.902272,1.08049,0.0463994,0.0121203,0.40401
fc8fa68910cf,0,Max weight (0.1),aiserver,2026-09-14T08:33:53+00:00,d7328d3e3c3f,max_weight (threshold=0.1),0.147344,0.266667,0,0.26625,0.035921,0.389559,0.0225834,877.914,0.866054,0.169056,0.645332,0.171765,0.00811843,0.270614
e860b8d2dc9a,1,Max weight (0.1),aiserver,2026-09-14T08:33:53+00:00,d7328d3e3c3f,max_weight (threshold=0.1),0.614231,0.466667,0,0.255,0.0315582,0.326971,0.010834,2.31202e+06,55.1227,0.852307,0.971246,0.0953038,0.0092538,0.30846
12bbc0a59c63,2,Max weight (0.1),aiserver,2026-09-14T08:33:53+00:00,d7328d3e3c3f,max_weight (threshold=0.1),0.331343,0.4,0,0.283333,0.0317259,0.362863,0.0121209,4.49772e+06,2.68944,0.438639,0.940177,0.0606298,0.00889531,0.29651
a19b0256b440,3,Max weight (0.1),aiserver,2026-09-14T08:33:53+00:00,d7328d3e3c3f,max_weight (threshold=0.1),0.224707,0.266667,0,0.23125,0.0412903,0.362523,0.0155143,89.4067,1.84514,0.25755,0.5183,0.0411821,0.00796553,0.265518
824727490afd,4,Max weight (0.1),aiserver,2026-09-14T08:33:53+00:00,d7328d3e3c3f,max_weight (threshold=0.1),0.540222,0.5,0,0.270667,0.0307515,0.293635,0.0142897,163385,12.2441,0.729344,1.26141,0.116577,0.00935378,0.311793
b22e2604d73c,5,Max weight (0.1),aiserver,2026-09-14T08:33:53+00:00,d7328d3e3c3f,max_weight (threshold=0.1),0.750916,0.7,0,0.260952,0.0223997,0.202351,0.0100395,2.98943e+08,620.968,1.23174,1.45791,0.118106,0.0104789,0.349297
621abeecf158,6,Max weight (0.1),aiserver,2026-09-14T08:33:53+00:00,d7328d3e3c3f,max_weight (threshold=0.1),0.201708,0.233333,0,0.231429,0.0363191,0.407384,0.0146932,1.01839e+06,1.27764,0.212162,0.626965,0.187672,0.00766323,0.255441
bb649ebf6307,7,Max weight (0.1),aiserver,2026-09-14T08:33:53+00:00,d7328d3e3c3f,max_weight (threshold=0.1),0.276397,0.3,0,0.254444,0.0373174,0.375272,0.0115505,1221.44,0.637819,0.436967,0.565008,0.0356343,0.00810702,0.270234
fd9b5c6c8e61,8,Max weight (0.1),aiserver,2026-09-14T08:33:53+00:00,d7328d3e3c3f,max_weight (threshold=0.1),0.189978,0.266667,0,0.28,0.0373377,0.393028,0.0109852,2.7926e+06,0.453444,0.296012,0.37157,0.0830491,0.00782801,0.260934
1a5f9a41abcd,9,Max weight (0.1),aiserver,2026-09-14T08:33:53+00:00,d7328d3e3c3f,max_weight (threshold=0.1),0.707377,0.566667,0,0.262353,0.027217,0.256392,0.0128537,1.14829e+07,39.953,0.967649,1.0185,0.121499,0.0103316,0.344387
cd98cdd575c6,10,Max weight (0.1),aiserver,2026-09-14T08:33:53+00:00,d7328d3e3c3f,max_weight (threshold=0.1),0.113923,0.2,0,0.253333,0.041419,0.412029,0.0121008,1.3401e+06,0.885274,0.160252,0.151115,0.105633,0.00790528,0.263509
34e126192e25,11,Max weight (0.1),aiserver,2026-09-14T08:33:53+00:00,d7328d3e3c3f,max_weight (threshold=0.1),0.208987,0.233333,0,0.23,0.041536,0.403638,0.0279709,18.9995,0.899817,0.278419,0.404729,0.194541,0.00824927,0.274976
a9aef4495ede,12,Max weight (0.1),aiserver,2026-09-14T08:33:53+00:00,d7328d3e3c3f,max_weight (threshold=0.1),0.121993,0.233333,0,0.284286,0.0395133,0.406677,0.0100003,8.65751e+06,0.677392,0.131316,0.188174,0.0827907,0.00794379,0.264793
f9e63f92dad5,13,Max weight (0.1),aiserver,2026-09-14T08:33:53+00:00,d7328d3e3c3f,max_weight (threshold=0.1),0.300132,0.333333,0,0.275,0.0357413,0.373802,0.0110375,182.573,1.88353,0.438234,0.643828,0.175213,0.00856817,0.285606
5a47a45e67fd,14,Max weight (0.1),aiserver,2026-09-14T08:33:53+00:00,d7328d3e3c3f,max_weight (threshold=0.1),0.266855,0.233333,0,0.237143,0.0425209,0.361777,0.010425,1.94707e+06,3.70252,0.301148,0.429207,0.0825468,0.00797748,0.265916
29d13b1adaa2,15,Max weight (0.1),aiserver,2026-09-14T08:33:53+00:00,d7328d3e3c3f,max_weight (threshold=0.1),0.20394,0.233333,0,0.245714,0.0418061,0.376394,0.0102357,484751,0.617917,0.276351,0.13078,0.0841258,0.00792284,0.264095
b8f69f986406,16,Max weight (0.1),aiserver,2026-09-14T08:33:53+00:00,d7328d3e3c3f,max_weight (threshold=0.1),0.722883,0.5,0,0.280667,0.0279104,0.31732,0.0238132,219157,104.492,1.03326,1.08383,0.0457956,0.00963548,0.321183
f58e78178198,17,Max weight (0.1),aiserver,2026-09-14T08:33:53+00:00,d7328d3e3c3f,max_weight (threshold=0.1),0.172574,0.266667,0,0.27,0.0386488,0.387461,0.0314188,7.13673,1.01794,0.227173,0.304499,0.124307,0.00812094,0.270698
91a0304d7fc3,18,Max weight (0.1),aiserver,2026-09-14T08:33:53+00:00,d7328d3e3c3f,max_weight (threshold=0.1),0.15956,0.266667,0,0.27625,0.0379563,0.376158,0.0153564,2.60133,1.30005,0.184921,0.744593,0.1785,0.00817456,0.272485
c26ae0dfb33b,19,Max weight (0.1),aiserver,2026-09-14T08:33:53+00:00,d7328d3e3c3f,max_weight (threshold=0.1),0.58499,0.6,0,0.275,0.0269595,0.251841,0.0113481,1.39116e+06,111.751,0.917856,1.06863,0.12643,0.0105923,0.353078
2b8229aa95f8,0,Max weight (0.2),aiserver,2026-09-14T08:33:53+00:00,d7328d3e3c3f,max_weight (threshold=0.2),0.148788,0.333333,0,0.357,0.0224645,0.487637,0.0225834,877.487,0.415723,0.159549,0.639705,0.0680116,0.00847224,0.282408
dd23561ddd08,1,Max weight (0.2),aiserver,2026-09-14T08:33:53+00:00,d7328d3e3c3f,max_weight (threshold=0.2),0.410621,0.5,0,0.397333,0.0196102,0.436345,0.010834,2.31156e+06,1.18269,0.507008,0.867547,0.08073,0.0100139,0.333795
c104bfccdbcf,2,Max weight (0.2),aiserver,2026-09-14T08:33:53+00:00,d7328d3e3c3f,max_weight (threshold=0.2),0.38044,0.533333,0,0.39125,0.0186578,0.427323,0.0121209,4.49775e+06,3.91103,0.509167,0.973291,0.096724,0.0102381,0.34127
9fa254644ca6,3,Max weight (0.2),aiserver,2026-09-14T08:33:53+00:00,d7328d3e3c3f,max_weight (threshold=0.2),0.222775,0.466667,0,0.442857,0.02082,0.4816,0.0155143,72.4693,1.17063,0.27502,0.510073,0.0587489,0.0096683,0.322277
de9d603f6577,4,Max weight (0.2),aiserver,2026-09-14T08:33:53+00:00,d7328d3e3c3f,max_weight (threshold=0.2),0.768785,0.7,0,0.35381,0.0151079,0.328789,0.0142897,163374,138.403,1.04614,1.31939,0.0980126,0.0111006,0.370021
127b6deb0fd1,5,Max weight (0.2),aiserver,2026-09-14T08:33:53+00:00,d7328d3e3c3f,max_weight (threshold=0.2),0.763002,0.766667,0,0.297391,0.0145688,0.2462,0.0100395,2.98943e+08,620.968,1.22952,1.45784,0.0928223,0.0114452,0.381508
dddcaf170250,6,Max weight (0.2),aiserver,2026-09-14T08:33:53+00:00,d7328d3e3c3f,max_weight (threshold=0.2),0.2298,0.433333,0,0.420769,0.0215302,0.47252,0.0146932,1.0184e+06,1.65473,0.256683,0.656029,0.189247,0.00949901,0.316634
1e6d72dc0e4f,7,Max weight (0.2),aiserver,2026-09-14T08:33:53+00:00,d7328d3e3c3f,max_weight (threshold=0.2),0.278385,0.466667,0,0.437857,0.0207129,0.471285,0.0115505,1116.98,1.07083,0.419067,0.55439,0.034227,0.00917536,0.305845
8a7a12340fdf,8,Max weight (0.2),aiserver,2026-09-14T08:33:53+00:00,d7328d3e3c3f,max_weight (threshold=0.2),0.191839,0.4,0,0.406667,0.0210815,0.488387,0.0109852,2.79258e+06,0.437999,0.263108,0.365486,0.0915748,0.00902735,0.300912
5bdcdad7f915,9,Max weight (0.2),aiserver,2026-09-14T08:33:53+00:00,d7328d3e3c3f,max_weight (threshold=0.2),0.551135,0.566667,0,0.372353,0.0178397,0.397229,0.0186666,1.14819e+07,2.08664,0.682557,0.829553,0.0547813,0.00989452,0.329817
5d40ee963a43,10,Max weight (0.2),aiserver,2026-09-14T08:33:53+00:00,d7328d3e3c3f,max_weight (threshold=0.2),0.105061,0.333333,0,0.443,0.022309,0.539863,0.0121008,1.3401e+06,0.584276,0.157919,0.147102,0.118719,0.00843429,0.281143
956a3f628c76,11,Max weight (0.2),aiserver,2026-09-14T08:33:53+00:00,d7328d3e3c3f,max_weight (threshold=0.2),0.241832,0.433333,0,0.433846,0.0215868,0.476307,0.0279709,13.9556,2.71281,0.300995,0.441077,0.172624,0.00907511,0.302504
6c82885a3727,12,Max weight (0.2),aiserver,2026-09-14T08:33:53+00:00,d7328d3e3c3f,max_weight (threshold=0.2),0.119203,0.333333,0,0.402,0.0219292,0.523443,0.0100003,8.65751e+06,0.541929,0.122825,0.171179,0.0422684,0.0083842,0.279473
0a6db32a0f8c,13,Max weight (0.2),aiserver,2026-09-14T08:33:53+00:00,d7328d3e3c3f,max_weight (threshold=0.2),0.314418,0.466667,0,0.441429,0.0214238,0.457315,0.0110375,136.261,1.2893,0.452437,0.627383,0.15998,0.00991475,0.330492
f195f1edcfe4,14,Max weight (0.2),aiserver,2026-09-14T08:33:53+00:00,d7328d3e3c3f,max_weight (threshold=0.2),0.212425,0.433333,0,0.44,0.0213393,0.488184,0.010425,1.94705e+06,1.10155,0.260049,0.321464,0.10652,0.00966768,0.322256
722ca863f8ee,15,Max weight (0.2),aiserver,2026-09-14T08:33:53+00:00,d7328d3e3c3f,max_weight (threshold=0.2),0.216018,0.366667,0,0.439091,0.0224055,0.509422,0.0102357,484751,0.427551,0.279953,0.146184,0.0900158,0.00912448,0.304149
4ec40a291d49,16,Max weight (0.2),aiserver,2026-09-14T08:33:53+00:00,d7328d3e3c3f,max_weight (threshold=0.2),0.61137,0.566667,0,0.384118,0.0191293,0.392301,0.0224689,218330,8.63988,0.78597,1.04623,0.0443388,0.0103127,0.343755
5d77dee8861e,17,Max weight (0.2),aiserver,2026-09-14T08:33:53+00:00,d7328d3e3c3f,max_weight (threshold=0.2),0.174124,0.4,0,0.429167,0.0223183,0.492657,0.0314188,8.49337,0.843918,0.248434,0.301432,0.129404,0.00880678,0.293559
5fbf1c8bda97,18,Max weight (0.2),aiserver,2026-09-14T08:33:53+00:00,d7328d3e3c3f,max_weight (threshold=0.2),0.15396,0.433333,0,0.401538,0.0219176,0.459195,0.0153564,2.12447,0.62657,0.180914,0.7422,0.189744,0.00893585,0.297862
92cc70f62275,19,Max weight (0.2),aiserver,2026-09-14T08:33:53+00:00,d7328d3e3c3f,max_weight (threshold=0.2),0.595544,0.733333,0,0.353182,0.0155136,0.295258,0.0113481,1.39113e+06,78.2166,0.901065,1.08584,0.0636354,0.0111762,0.372541
f5dd0f5fe2e9,0,Max weight (0.5),aiserver,2026-09-14T08:33:53+00:00,d7328d3e3c3f,max_weight (threshold=0.5),0.162926,0.633333,0,0.588947,0.0126392,0.642416,0.0225834,877.281,0.81231,0.17081,0.641835,0.0782069,0.0105964,0.353214
a295f6c0c953,1,Max weight (0.5),aiserver,2026-09-14T08:33:53+00:00,d7328d3e3c3f,max_weight (threshold=0.5),0.669,0.8,0,0.470833,0.01144,0.437775,0.010834,2.31262e+06,10.2434,0.851411,1.13175,0.0803252,0.0109288,0.364295
e4cfb6a5a7ff,2,Max weight (0.5),aiserver,2026-09-14T08:33:53+00:00,d7328d3e3c3f,max_weight (threshold=0.5),0.279163,0.733333,0,0.553182,0.0118778,0.559735,0.0121209,4.4977e+06,2.3017,0.387268,0.91023,0.036492,0.0104184,0.34728
c77992f8b099,3,Max weight (0.5),aiserver,2026-09-14T08:33:53+00:00,d7328d3e3c3f,max_weight (threshold=0.5),0.217937,0.666667,0,0.556,0.0125432,0.571706,0.0155143,72.645,1.05456,0.273143,0.509201,0.0619358,0.0100604,0.335348
6ef5ec9c93b3,4,Max weight (0.5),aiserver,2026-09-14T08:33:53+00:00,d7328d3e3c3f,max_weight (threshold=0.5),0.819359,0.9,0,0.411111,0.0106538,0.309134,0.0142897,164755,188.148,1.219,1.36491,0.0779696,0.0121256,0.404187
8e5c6d61318b,5,Max weight (0.5),aiserver,2026-09-14T08:33:53+00:00,d7328d3e3c3f,max_weight (threshold=0.5),0.888342,0.933333,0,0.375,0.0104702,0.260692,0.0100395,2.98947e+08,614.618,1.40817,1.63944,0.0986028,0.0121812,0.406041
7d0dc3afa90d,6,Max weight (0.5),aiserver,2026-09-14T08:33:53+00:00,d7328d3e3c3f,max_weight (threshold=0.5),0.23595,0.7,0,0.601905,0.0121966,0.620245,0.0146932,1.0184e+06,1.37538,0.25815,0.659112,0.170177,0.0108117,0.360389
23066930bffd,7,Max weight (0.5),aiserver,2026-09-14T08:33:53+00:00,d7328d3e3c3f,max_weight (threshold=0.5),0.277081,0.766667,0,0.584783,0.0120971,0.562188,0.0115505,1116.56,0.827502,0.418528,0.550956,0.0617649,0.0111335,0.371116
8ccf146f2a15,8,Max weight (0.5),aiserver,2026-09-14T08:33:53+00:00,d7328d3e3c3f,max_weight (threshold=0.5),0.181004,0.7,0,0.624762,0.0121463,0.645319,0.0109852,2.79258e+06,0.386266,0.240486,0.343619,0.0835798,0.0107459,0.358198
27ec64b0fd20,9,Max weight (0.5),aiserver,2026-09-14T08:33:53+00:00,d7328d3e3c3f,max_weight (threshold=0.5),0.534313,0.8,0,0.500417,0.0114774,0.475472,0.0186666,1.14819e+07,2.56893,0.682734,0.830482,0.102149,0.0113192,0.377308
82a1c41a13a5,10,Max weight (0.5),aiserver,2026-09-14T08:33:53+00:00,d7328d3e3c3f,max_weight (threshold=0.5),0.107922,0.6,0,0.642778,0.0125854,0.705923,0.0121008,1.3401e+06,0.58451,0.152034,0.142838,0.0923188,0.0100978,0.336593
6653928ae64d,11,Max weight (0.5),aiserver,2026-09-14T08:33:53+00:00,d7328d3e3c3f,max_weight (threshold=0.5),0.204104,0.733333,0,0.606818,0.012084,0.607461,0.0279709,12.3527,0.671926,0.283639,0.4132,0.189512,0.010874,0.362467
f4d1bed663cf,12,Max weight (0.5),aiserver,2026-09-14T08:33:53+00:00,d7328d3e3c3f,max_weight (threshold=0.5),0.117761,0.633333,0,0.638947,0.0127998,0.673909,0.0100003,8.65751e+06,0.504983,0.122365,0.177503,0.0625799,0.010251,0.341702
5c9c1a0a3bf1,13,Max weight (0.5),aiserver,2026-09-14T08:33:53+00:00,d7328d3e3c3f,max_weight (threshold=0.5),0.39721,0.766667,0,0.562174,0.0115066,0.547418,0.0110375,136.322,2.44495,0.59887,0.684558,0.150801,0.0111272,0.370907
7c832357806e,14,Max weight (0.5),aiserver,2026-09-14T08:33:53+00:00,d7328d3e3c3f,max_weight (threshold=0.5),0.224098,0.733333,0,0.609091,0.012069,0.607046,0.010425,1.94705e+06,1.555,0.266427,0.331556,0.125483,0.0108832,0.362772
a6c4ff5f658e,15,Max weight (0.5),aiserver,2026-09-14T08:33:53+00:00,d7328d3e3c3f,max_weight (threshold=0.5),0.208708,0.7,0,0.634762,0.0124775,0.637414,0.0102357,484751,0.521327,0.275225,0.139174,0.100814,0.0106655,0.355516
6c5235897022,16,Max weight (0.5),aiserver,2026-09-14T08:33:53+00:00,d7328d3e3c3f,max_weight (threshold=0.5),0.590968,0.8,0,0.501667,0.0115343,0.457634,0.0238132,218021,12.1007,0.784877,1.03742,0.0122374,0.0105873,0.35291
f07a85282aed,17,Max weight (0.5),aiserver,2026-09-14T08:33:53+00:00,d7328d3e3c3f,max_weight (threshold=0.5),0.144713,0.7,0,0.610952,0.012547,0.630329,0.0314188,7.39559,0.747647,0.176705,0.263476,0.1631,0.00988559,0.32952
8625cf2cae8e,18,Max weight (0.5),aiserver,2026-09-14T08:33:53+00:00,d7328d3e3c3f,max_weight (threshold=0.5),0.16764,0.766667,0,0.605652,0.0119655,0.607293,0.0153564,2.11407,0.50186,0.182546,0.731546,0.142231,0.0103232,0.344106
87a2051154b2,19,Max weight (0.5),aiserver,2026-09-14T08:33:53+00:00,d7328d3e3c3f,max_weight (threshold=0.5),0.598439,0.866667,0,0.438077,0.0108391,0.373287,0.0113481,1.39113e+06,78.2166,0.902272,1.08049,0.0463994,0.0113143,0.377144
