run_id,seed,variant,host,date,code,bearing_std,ate,resample_rate,collapses,unique_after_resampling,max_weight_mean,ess_mean,ess_min,log_likelihood,log_likelihood_per_step,nees_mean,nees_median,position_rmse,heading_rmse,final_position_error,runtime_total_s,runtime_per_step_ms
41a178aaac54,0,0.02,labdesktop,2026-09-20T09:56:11+00:00,1073b69d29e5,0.02,0.04861,0.666667,0,0.39525,0.00103987,0.348551,0.0143854,9.08485,0.302828,6.07241,3.52982,0.0522878,0.0624402,0.0333788,0.082616,2.75387
4cf37f7b1cc4,1,0.02,labdesktop,2026-09-20T09:56:11+00:00,1073b69d29e5,0.02,0.050415,0.533333,0,0.404187,0.00116284,0.45496,0.00252491,24.6571,0.821902,28.5397,20.8074,0.0714846,0.0533794,0.0648686,0.0776647,2.58882
394681c9dd3c,2,0.02,labdesktop,2026-09-20T09:56:11+00:00,1073b69d29e5,0.02,0.0929598,0.466667,0,0.3855,0.00179572,0.469473,0.00086787,-82.9113,-2.76371,406529,827.459,0.190997,0.145491,0.269516,0.0744408,2.48136
33c19cd898af,3,0.02,labdesktop,2026-09-20T09:56:11+00:00,1073b69d29e5,0.02,0.0454918,0.5,0,0.4248,0.00135177,0.479287,0.0177271,-13.6327,-0.454424,74.1746,70.9188,0.0872541,0.0383394,0.0620006,0.0758998,2.52999
8fb94dbe1fec,4,0.02,labdesktop,2026-09-20T09:56:11+00:00,1073b69d29e5,0.02,0.0655289,0.666667,0,0.401325,0.0011334,0.364724,0.029436,-106.479,-3.5493,1360.42,501.063,0.175994,0.107891,0.266163,0.0779951,2.59984
8bcf90c9f4f0,5,0.02,labdesktop,2026-09-20T09:56:11+00:00,1073b69d29e5,0.02,0.042477,0.6,0,0.408611,0.00114518,0.428815,0.005419,31.7283,1.05761,73.6869,61.2564,0.0900274,0.109506,0.117062,0.0740571,2.46857
05a294d34a11,6,0.02,labdesktop,2026-09-20T09:56:11+00:00,1073b69d29e5,0.02,0.0455815,0.566667,0,0.433,0.00126804,0.456649,0.0137479,48.8865,1.62955,27.8983,16.8959,0.0715059,0.0628262,0.0563293,0.0409176,1.36392
8829cab8e470,7,0.02,labdesktop,2026-09-20T09:56:11+00:00,1073b69d29e5,0.02,0.0587126,0.666667,0,0.382125,0.00112946,0.363699,0.00331361,-478.692,-15.9564,22777.8,13795.6,0.364001,0.0980654,0.484355,0.0780726,2.60242
10e6a810715e,8,0.02,labdesktop,2026-09-20T09:56:11+00:00,1073b69d29e5,0.02,0.0608041,0.566667,0,0.427647,0.00120203,0.451076,0.0121846,-112.574,-3.75247,779.759,533.476,0.146424,0.0496855,0.129153,0.0702665,2.34222
003374babe08,9,0.02,labdesktop,2026-09-20T09:56:11+00:00,1073b69d29e5,0.02,0.0522932,0.5,0,0.358167,0.0010938,0.480659,0.00711705,-19.6146,-0.653819,64.2654,35.7932,0.0667731,0.0580076,0.0227539,0.0389566,1.29855
40ed9ec58286,10,0.02,labdesktop,2026-09-20T09:56:11+00:00,1073b69d29e5,0.02,0.0399203,0.6,0,0.396583,0.000798728,0.448525,0.00870839,35.0294,1.16765,38.0459,27.5368,0.0694124,0.0330895,0.0759151,0.0431343,1.43781
eb2559bc483a,11,0.02,labdesktop,2026-09-20T09:56:11+00:00,1073b69d29e5,0.02,0.0394753,0.5,0,0.372567,0.00117319,0.478235,0.00631701,41.8402,1.39467,56.6249,42.0615,0.0673518,0.0703355,0.0859564,0.0387716,1.29239
9fa837070d6b,12,0.02,labdesktop,2026-09-20T09:56:11+00:00,1073b69d29e5,0.02,0.0692773,0.5,0,0.375767,0.00104817,0.48068,0.00322141,-12.3939,-0.413129,105.792,47.5909,0.117878,0.0594396,0.145389,0.0784149,2.61383
53a1dfcf78a6,13,0.02,labdesktop,2026-09-20T09:56:11+00:00,1073b69d29e5,0.02,0.0889051,0.566667,0,0.409147,0.00118329,0.41114,0.000502013,19.2958,0.643194,3013.52,303.342,0.123491,0.0838122,0.157394,0.0814912,2.71637
25cef84b81de,14,0.02,labdesktop,2026-09-20T09:56:11+00:00,1073b69d29e5,0.02,0.0506531,0.633333,0,0.423658,0.00107569,0.418193,0.00454996,-40.8927,-1.36309,189.874,217.982,0.136258,0.0678363,0.156936,0.0884315,2.94772
606c11129bde,15,0.02,labdesktop,2026-09-20T09:56:11+00:00,1073b69d29e5,0.02,0.0762997,0.566667,0,0.440676,0.00128772,0.458952,0.00186744,-216.849,-7.22831,4477.02,4357.19,0.235725,0.0798372,0.286567,0.0818217,2.72739
2151e6f705b8,16,0.02,labdesktop,2026-09-20T09:56:11+00:00,1073b69d29e5,0.02,0.0439969,0.366667,0,0.416045,0.00172506,0.536236,0.00180648,78.9846,2.63282,430.619,180.655,0.0916905,0.0542666,0.0293626,0.0407747,1.35916
93c51fcb1b6d,17,0.02,labdesktop,2026-09-20T09:56:11+00:00,1073b69d29e5,0.02,0.0877515,0.466667,0,0.36325,0.00109344,0.508139,0.00144885,-74.3954,-2.47985,129.288,62.1722,0.0967399,0.0779149,0.0596976,0.0390396,1.30132
300c65e75e05,18,0.02,labdesktop,2026-09-20T09:56:11+00:00,1073b69d29e5,0.02,0.0486,0.566667,0,0.401853,0.00111008,0.441839,0.0141865,19.5163,0.650545,23.3307,14.6035,0.0840546,0.0531771,0.089581,0.0711043,2.37014
e520d30b2ae1,19,0.02,labdesktop,2026-09-20T09:56:11+00:00,1073b69d29e5,0.02,0.0533148,0.666667,0,0.43735,0.000977014,0.418633,0.0578437,-66.3649,-2.21216,797.884,695.101,0.182584,0.086423,0.272682,0.0462598,1.54199
78ebe35a6bf3,0,0.0267,labdesktop,2026-09-20T09:56:11+00:00,1073b69d29e5,0.0267,0.0422359,0.466667,0,0.439,0.00132355,0.469065,0.0651334,134.754,4.49181,2.07965,1.6968,0.0439427,0.0513803,0.0174835,0.0714458,2.38153
5d7c24f12128,1,0.0267,labdesktop,2026-09-20T09:56:11+00:00,1073b69d29e5,0.0267,0.0566485,0.466667,0,0.429071,0.00127557,0.516401,0.0282634,148.19,4.93965,3.75467,3.02942,0.0622893,0.0583054,0.0366767,0.0710483,2.36828
9d341da4a4b4,2,0.0267,labdesktop,2026-09-20T09:56:11+00:00,1073b69d29e5,0.0267,0.0635297,0.533333,0,0.453156,0.00100555,0.503973,0.00548028,100.608,3.3536,61.427,52.6204,0.113473,0.0619998,0.0467776,0.0730565,2.43522
3d23f2bcc811,3,0.0267,labdesktop,2026-09-20T09:56:11+00:00,1073b69d29e5,0.0267,0.0545484,0.433333,0,0.473269,0.00117665,0.509591,0.140188,123.605,4.12017,20.1173,13.8247,0.0749505,0.0352226,0.0251957,0.0368754,1.22918
64660d87785a,4,0.0267,labdesktop,2026-09-20T09:56:11+00:00,1073b69d29e5,0.0267,0.0605574,0.466667,0,0.470464,0.00118605,0.522917,0.0836186,124.424,4.14747,14.1432,15.4553,0.0850202,0.0723823,0.0749123,0.0399479,1.3316
54878bae11b5,5,0.0267,labdesktop,2026-09-20T09:56:11+00:00,1073b69d29e5,0.0267,0.0463982,0.466667,0,0.44275,0.00122274,0.504943,0.00833876,155.86,5.19534,3.96029,3.68605,0.053044,0.0786695,0.0142367,0.0389232,1.29744
90ef9d170278,6,0.0267,labdesktop,2026-09-20T09:56:11+00:00,1073b69d29e5,0.0267,0.0471459,0.433333,0,0.410385,0.00106528,0.525828,0.0544478,153.914,5.13048,8.13282,8.89781,0.0667116,0.051637,0.0149549,0.0666451,2.2215
6676e8d72d44,7,0.0267,labdesktop,2026-09-20T09:56:11+00:00,1073b69d29e5,0.0267,0.0616813,0.533333,0,0.420063,0.00118196,0.491399,0.0215528,106.2,3.54,719.436,345.876,0.146046,0.0776368,0.0539291,0.0732489,2.44163
9be791c6e504,8,0.0267,labdesktop,2026-09-20T09:56:11+00:00,1073b69d29e5,0.0267,0.0603635,0.566667,0,0.470912,0.00104975,0.506449,0.0117336,49.3014,1.64338,249.205,172.272,0.155707,0.0771073,0.173238,0.0716999,2.39
81b28753936b,9,0.0267,labdesktop,2026-09-20T09:56:11+00:00,1073b69d29e5,0.0267,0.05142,0.433333,0,0.399423,0.00122447,0.494033,0.0583952,119.174,3.97246,4.40636,3.30709,0.0518183,0.0555985,0.0198139,0.0678466,2.26155
72c8aa9d9da8,10,0.0267,labdesktop,2026-09-20T09:56:11+00:00,1073b69d29e5,0.0267,0.040286,0.466667,0,0.444714,0.00104309,0.504658,0.0225407,151.915,5.06382,7.49595,6.67185,0.0619107,0.0304105,0.0664761,0.0375528,1.25176
43f72c44d844,11,0.0267,labdesktop,2026-09-20T09:56:11+00:00,1073b69d29e5,0.0267,0.0370771,0.5,0,0.4723,0.000920431,0.552003,0.0251447,158.694,5.28981,15.5221,13.3101,0.0465271,0.0519091,0.0314,0.0386664,1.28888
71b0d5899ce0,12,0.0267,labdesktop,2026-09-20T09:56:11+00:00,1073b69d29e5,0.0267,0.0619567,0.366667,0,0.403818,0.000971856,0.59779,0.0561384,114.108,3.80361,31.6083,35.5904,0.104975,0.0781395,0.12213,0.0345874,1.15291
e0b64fe42d8b,13,0.0267,labdesktop,2026-09-20T09:56:11+00:00,1073b69d29e5,0.0267,0.052548,0.4,0,0.460333,0.0012098,0.532808,0.0867468,166.044,5.53479,10.271,10.7642,0.0750961,0.0667407,0.0303154,0.0359483,1.19828
55538fc3bc44,14,0.0267,labdesktop,2026-09-20T09:56:11+00:00,1073b69d29e5,0.0267,0.0513982,0.466667,0,0.393,0.00135582,0.479196,0.0488651,113.174,3.77245,10.4419,6.88854,0.0834047,0.0567246,0.0466695,0.0677989,2.25996
ab61cf86f885,15,0.0267,labdesktop,2026-09-20T09:56:11+00:00,1073b69d29e5,0.0267,0.068275,0.433333,0,0.436385,0.00116965,0.535734,0.0453721,129.982,4.33273,21.3,20.3899,0.098306,0.094536,0.0072671,0.0695971,2.3199
394345ee3842,16,0.0267,labdesktop,2026-09-20T09:56:11+00:00,1073b69d29e5,0.0267,0.0585795,0.433333,0,0.418654,0.00120776,0.519086,0.00786594,186.113,6.20377,19.6077,6.57634,0.0672322,0.052451,0.0109599,0.0682348,2.27449
df5db3dff9ac,17,0.0267,labdesktop,2026-09-20T09:56:11+00:00,1073b69d29e5,0.0267,0.0654344,0.466667,0,0.438071,0.00141928,0.536472,0.105516,103.267,3.44224,87.4498,77.5545,0.122403,0.0697372,0.162538,0.0705719,2.3524
7183a95195ae,18,0.0267,labdesktop,2026-09-20T09:56:11+00:00,1073b69d29e5,0.0267,0.0412364,0.466667,0,0.453643,0.00112514,0.513271,0.124975,135.035,4.50118,9.12212,7.80641,0.0724681,0.0441612,0.0789853,0.0391477,1.30492
8b100a1d2e78,19,0.0267,labdesktop,2026-09-20T09:56:11+00:00,1073b69d29e5,0.0267,0.0592077,0.633333,0,0.485211,0.00137062,0.439383,0.0805894,135.059,4.50195,18.9806,15.8666,0.086215,0.06603,0.0940173,0.0445113,1.48371
0c06c745bca4,0,0.0356,labdesktop,2026-09-20T09:56:11+00:00,1073b69d29e5,0.0356,0.0395503,0.366667,0,0.489773,0.00127575,0.559169,0.178573,189.658,6.32193,1.12557,1.04556,0.0406453,0.0453001,0.0118103,0.0348707,1.16236
9a23be6e9a0d,1,0.0356,labdesktop,2026-09-20T09:56:11+00:00,1073b69d29e5,0.0356,0.0535323,0.4,0,0.448583,0.00113108,0.568676,0.0774618,199.602,6.6534,1.82187,1.40869,0.0563578,0.0464949,0.0367486,0.0691738,2.30579
5e35c32dffaf,2,0.0356,labdesktop,2026-09-20T09:56:11+00:00,1073b69d29e5,0.0356,0.0588264,0.3,0,0.429333,0.00109956,0.618723,0.0338496,170.763,5.69209,9.31462,8.82619,0.0887654,0.0517789,0.0540605,0.0652803,2.17601
b8af4ea09429,3,0.0356,labdesktop,2026-09-20T09:56:11+00:00,1073b69d29e5,0.0356,0.0486873,0.366667,0,0.494727,0.00113288,0.560958,0.198309,184.495,6.14982,8.94998,6.15657,0.0693489,0.0312451,0.0235577,0.0697395,2.32465
263425067363,4,0.0356,labdesktop,2026-09-20T09:56:11+00:00,1073b69d29e5,0.0356,0.0571352,0.366667,0,0.495318,0.00114666,0.565828,0.155638,183.584,6.11947,10.1557,10.5142,0.0648136,0.0548588,0.0330523,0.066138,2.2046
f2a128ca9a78,5,0.0356,labdesktop,2026-09-20T09:56:11+00:00,1073b69d29e5,0.0356,0.044929,0.266667,0,0.43175,0.00126675,0.59746,0.0341932,200.335,6.67783,1.87,1.53615,0.0514791,0.0616354,0.00891806,0.0314906,1.04969
41541d3163e2,6,0.0356,labdesktop,2026-09-20T09:56:11+00:00,1073b69d29e5,0.0356,0.0450741,0.333333,0,0.448,0.00108081,0.602265,0.133098,199.494,6.64979,4.85283,5.50719,0.0609144,0.0440491,0.0198243,0.0336444,1.12148
289b4f01debe,7,0.0356,labdesktop,2026-09-20T09:56:11+00:00,1073b69d29e5,0.0356,0.0585589,0.366667,0,0.444364,0.00116333,0.594764,0.0401759,201.263,6.70876,22.3479,24.1511,0.109222,0.0667177,0.145209,0.0340507,1.13502
4fc1f39ab46f,8,0.0356,labdesktop,2026-09-20T09:56:11+00:00,1073b69d29e5,0.0356,0.0793051,0.4,0,0.472375,0.0010064,0.588045,0.0338841,166.8,5.56001,13.4531,9.86123,0.0966532,0.0846799,0.0557956,0.0360713,1.20238
661c6cccc342,9,0.0356,labdesktop,2026-09-20T09:56:11+00:00,1073b69d29e5,0.0356,0.0444449,0.466667,0,0.499393,0.00102531,0.536374,0.143598,177.312,5.91041,1.20966,0.674469,0.0461247,0.0465461,0.0179691,0.0665159,2.2172
a2956d52f82b,10,0.0356,labdesktop,2026-09-20T09:56:11+00:00,1073b69d29e5,0.0356,0.0313322,0.333333,0,0.50925,0.00118629,0.588973,0.184464,202.321,6.74403,3.53566,3.48108,0.0469893,0.027599,0.0396898,0.0331319,1.1044
1c5e3651abe1,11,0.0356,labdesktop,2026-09-20T09:56:11+00:00,1073b69d29e5,0.0356,0.031445,0.3,0,0.478,0.00149156,0.574135,0.171133,206.069,6.86898,6.5254,6.15701,0.0393548,0.0381408,0.0242244,0.0666405,2.22135
066f36c81fdb,12,0.0356,labdesktop,2026-09-20T09:56:11+00:00,1073b69d29e5,0.0356,0.0518233,0.366667,0,0.446864,0.000999708,0.564357,0.135525,175.079,5.83598,8.4278,7.93299,0.0738801,0.0587518,0.0527766,0.0673885,2.24628
c5cf0162465f,13,0.0356,labdesktop,2026-09-20T09:56:11+00:00,1073b69d29e5,0.0356,0.0478808,0.366667,0,0.531545,0.00116251,0.606471,0.193546,208.657,6.95524,4.83644,4.15332,0.0719489,0.0531013,0.0481674,0.0677883,2.25961
ca395e1c32c5,14,0.0356,labdesktop,2026-09-20T09:56:11+00:00,1073b69d29e5,0.0356,0.0465139,0.366667,0,0.4605,0.00115948,0.571811,0.148025,169.198,5.63992,4.40287,2.95276,0.0743347,0.0451507,0.0258212,0.036233,1.20777
50156aded29a,15,0.0356,labdesktop,2026-09-20T09:56:11+00:00,1073b69d29e5,0.0356,0.0539721,0.3,0,0.432833,0.00123444,0.579559,0.188505,195.964,6.53212,10.1023,11.323,0.0861327,0.0457607,0.00807367,0.031372,1.04573
698d8235ec83,16,0.0356,labdesktop,2026-09-20T09:56:11+00:00,1073b69d29e5,0.0356,0.0472651,0.333333,0,0.4428,0.00124566,0.556692,0.09433,223.484,7.44947,5.17833,3.52299,0.0573474,0.0397895,0.0143376,0.0328722,1.09574
904b08db7f7f,17,0.0356,labdesktop,2026-09-20T09:56:11+00:00,1073b69d29e5,0.0356,0.0675535,0.4,0,0.450542,0.00108328,0.549122,0.0618129,171.451,5.71504,5.24465,3.70453,0.0796403,0.0543567,0.0552912,0.0643446,2.14482
252b82137a78,18,0.0356,labdesktop,2026-09-20T09:56:11+00:00,1073b69d29e5,0.0356,0.0382898,0.4,0,0.4675,0.00112428,0.563073,0.17903,184.337,6.14456,7.20377,5.01249,0.0763728,0.0427315,0.084395,0.0356153,1.18718
924e7e921ba7,19,0.0356,labdesktop,2026-09-20T09:56:11+00:00,1073b69d29e5,0.0356,0.0548102,0.433333,0,0.460077,0.00125797,0.501751,0.126802,195.299,6.50998,5.68171,5.03994,0.0730383,0.0579445,0.0588012,0.0683138,2.27713
6aa7c69e77af,0,0.0474,labdesktop,2026-09-20T09:56:11+00:00,1073b69d29e5,0.0474,0.038592,0.266667,0,0.483,0.00116108,0.618662,0.249544,205.755,6.85849,0.856142,0.895836,0.0401096,0.0407075,0.0150279,0.0622474,2.07491
ee5e2be81d68,1,0.0474,labdesktop,2026-09-20T09:56:11+00:00,1073b69d29e5,0.0474,0.0446456,0.333333,0,0.4939,0.00115253,0.603038,0.184552,214.539,7.15131,1.10523,0.812836,0.0482582,0.0406928,0.0220635,0.0656822,2.18941
3802e56e1ff7,2,0.0474,labdesktop,2026-09-20T09:56:11+00:00,1073b69d29e5,0.0474,0.0521803,0.333333,0,0.4763,0.0012417,0.590784,0.0704726,188.99,6.29965,6.49385,6.4943,0.0766531,0.0422434,0.0250875,0.0347072,1.15691
6aaa0661fd60,3,0.0474,labdesktop,2026-09-20T09:56:12+00:00,1073b69d29e5,0.0474,0.0371766,0.3,0,0.525722,0.00120221,0.61952,0.188283,203.417,6.78057,5.18001,4.30316,0.0636209,0.0255232,0.0216786,0.0313855,1.04618
89fb4cc888e4,4,0.0474,labdesktop,2026-09-20T09:56:12+00:00,1073b69d29e5,0.0474,0.0454426,0.266667,0,0.472688,0.00112256,0.620979,0.230325,199.838,6.66127,5.36166,5.28552,0.0556863,0.0405059,0.0387582,0.0300361,1.0012
40b15c1082cd,5,0.0474,labdesktop,2026-09-20T09:56:12+00:00,1073b69d29e5,0.0474,0.0467703,0.266667,0,0.480938,0.0011759,0.634477,0.0673956,211.82,7.06067,1.04122,0.816984,0.0488156,0.052232,0.0206538,0.0300521,1.00174
fafcea05d2e5,6,0.0474,labdesktop,2026-09-20T09:56:12+00:00,1073b69d29e5,0.0474,0.0438938,0.333333,0,0.4937,0.00111454,0.607373,0.186895,209.618,6.98726,3.36015,3.46678,0.0579186,0.0429983,0.0174688,0.0333037,1.11012
395a44b78e74,7,0.0474,labdesktop,2026-09-20T09:56:12+00:00,1073b69d29e5,0.0474,0.0480214,0.3,0,0.507944,0.00118611,0.602168,0.242914,213.619,7.12063,3.58401,3.02552,0.0782456,0.0513484,0.0875362,0.0330331,1.1011
7e2a268688da,8,0.0474,labdesktop,2026-09-20T09:56:12+00:00,1073b69d29e5,0.0474,0.0878226,0.3,0,0.442944,0.0010044,0.631408,0.143594,189.678,6.3226,8.6418,8.34893,0.107256,0.0900197,0.0598808,0.0368591,1.22864
ce2e70a7814b,9,0.0474,labdesktop,2026-09-20T09:56:12+00:00,1073b69d29e5,0.0474,0.0435622,0.366667,0,0.518545,0.00108802,0.600755,0.264603,195.717,6.5239,0.989066,0.628875,0.0488911,0.0422206,0.0328911,0.0647899,2.15966
85425336e475,10,0.0474,labdesktop,2026-09-20T09:56:12+00:00,1073b69d29e5,0.0474,0.027603,0.3,0,0.525889,0.00107544,0.631733,0.256431,215.874,7.19579,2.4055,2.16114,0.0410357,0.0257417,0.0296043,0.0624752,2.08251
6c436aeaeba7,11,0.0474,labdesktop,2026-09-20T09:56:12+00:00,1073b69d29e5,0.0474,0.0319406,0.233333,0,0.488429,0.00131856,0.623954,0.243859,216.459,7.21529,4.30601,3.76007,0.0375131,0.031365,0.024459,0.0594097,1.98032
f8a795481356,12,0.0474,labdesktop,2026-09-20T09:56:12+00:00,1073b69d29e5,0.0474,0.041016,0.3,0,0.466778,0.00129507,0.571144,0.217599,192.312,6.41041,6.72139,6.24576,0.0630059,0.0437848,0.0511613,0.0623377,2.07792
490110fd2c2f,13,0.0474,labdesktop,2026-09-20T09:56:12+00:00,1073b69d29e5,0.0474,0.0477057,0.3,0,0.507667,0.00111205,0.619805,0.252135,217.848,7.26159,3.81041,3.34919,0.0710348,0.0453718,0.0511784,0.0321162,1.07054
60e7637cc99b,14,0.0474,labdesktop,2026-09-20T09:56:12+00:00,1073b69d29e5,0.0474,0.0432999,0.366667,0,0.498091,0.00122475,0.59034,0.245479,183.538,6.11792,4.48821,4.28106,0.075662,0.0377759,0.0254258,0.0346671,1.15557
02ba6e6412d6,15,0.0474,labdesktop,2026-09-20T09:56:12+00:00,1073b69d29e5,0.0474,0.0437802,0.3,0,0.506556,0.00101368,0.646242,0.263402,218.116,7.27053,6.39427,7.48824,0.0751208,0.0337789,0.0020454,0.066329,2.21097
69eeb9d67e08,16,0.0474,labdesktop,2026-09-20T09:56:12+00:00,1073b69d29e5,0.0474,0.0393109,0.233333,0,0.420071,0.00115628,0.601676,0.0887119,229.019,7.63396,3.00013,2.27523,0.0517312,0.0325502,0.0171409,0.0298112,0.993707
591fe36cdc67,17,0.0474,labdesktop,2026-09-20T09:56:12+00:00,1073b69d29e5,0.0474,0.0559927,0.3,0,0.446111,0.00101757,0.601215,0.146143,194.409,6.48031,2.47212,1.42615,0.0661407,0.0438146,0.042967,0.0634424,2.11475
8f8bd3defac2,18,0.0474,labdesktop,2026-09-20T09:56:12+00:00,1073b69d29e5,0.0474,0.035924,0.266667,0,0.499687,0.00123728,0.629055,0.253339,198.107,6.60357,7.08355,4.59502,0.0806682,0.0410783,0.0912153,0.0603229,2.01076
c358989bcb9e,19,0.0474,labdesktop,2026-09-20T09:56:12+00:00,1073b69d29e5,0.0474,0.0484856,0.333333,0,0.48245,0.00113638,0.586225,0.124422,215.43,7.18099,2.87317,2.83277,0.0636843,0.0482804,0.0479877,0.0627838,2.09279
b98e1f4867a4,0,0.0632,labdesktop,2026-09-20T09:56:12+00:00,1073b69d29e5,0.0632,0.0376939,0.233333,0,0.494071,0.00113455,0.648001,0.309769,200.46,6.682,0.788373,0.612457,0.0406149,0.0366875,0.0188547,0.0308946,1.02982
b8f443baa4c7,1,0.0632,labdesktop,2026-09-20T09:56:12+00:00,1073b69d29e5,0.0632,0.0430272,0.233333,0,0.523214,0.00134122,0.592601,0.289823,208.036,6.93452,0.913781,0.704309,0.0463691,0.0354011,0.0126841,0.0302566,1.00855
dcc8b55160b9,2,0.0632,labdesktop,2026-09-20T09:56:12+00:00,1073b69d29e5,0.0632,0.0501792,0.3,0,0.509389,0.0011585,0.629346,0.135964,184.078,6.13595,5.66488,5.58031,0.0705253,0.0414864,0.0182086,0.0332843,1.10948
e9f3c495671e,3,0.0632,labdesktop,2026-09-20T09:56:12+00:00,1073b69d29e5,0.0632,0.0375259,0.266667,0,0.5235,0.00118331,0.639136,0.229128,198.919,6.63064,3.44395,2.48371,0.0608743,0.0223593,0.0266427,0.0324528,1.08176
5709d3cd4f8d,4,0.0632,labdesktop,2026-09-20T09:56:12+00:00,1073b69d29e5,0.0632,0.0372897,0.233333,0,0.495571,0.00115593,0.623012,0.304553,194.342,6.47808,4.77285,4.68294,0.0518452,0.031685,0.0453913,0.0292481,0.974936
a00ba0af114d,5,0.0632,labdesktop,2026-09-20T09:56:12+00:00,1073b69d29e5,0.0632,0.0491716,0.233333,0,0.470643,0.00141744,0.609513,0.0939705,202.49,6.74966,1.3911,1.04976,0.0525396,0.0527745,0.00955747,0.0591422,1.97141
e5e398fa9642,6,0.0632,labdesktop,2026-09-20T09:56:12+00:00,1073b69d29e5,0.0632,0.0460551,0.3,0,0.485556,0.00118641,0.599333,0.20083,200.842,6.69475,2.56427,2.39712,0.0560283,0.0420439,0.027728,0.0612952,2.04317
d0396c61d85f,7,0.0632,labdesktop,2026-09-20T09:56:12+00:00,1073b69d29e5,0.0632,0.041153,0.233333,0,0.4945,0.00127556,0.600936,0.2383,205.981,6.86602,2.36975,2.13648,0.0657825,0.0396205,0.0820964,0.0593166,1.97722
3e7b68ff69b9,8,0.0632,labdesktop,2026-09-20T09:56:12+00:00,1073b69d29e5,0.0632,0.0966595,0.3,0,0.461667,0.00112122,0.591053,0.155185,186.919,6.23063,6.56922,6.67443,0.112195,0.0932169,0.0238098,0.0318416,1.06139
90521c6009da,9,0.0632,labdesktop,2026-09-20T09:56:12+00:00,1073b69d29e5,0.0632,0.0473015,0.333333,0,0.50565,0.00110262,0.603785,0.207756,192.56,6.41866,1.58972,1.30684,0.0594754,0.0454973,0.0668293,0.0343621,1.1454
a63a56fd9701,10,0.0632,labdesktop,2026-09-20T09:56:12+00:00,1073b69d29e5,0.0632,0.0274696,0.266667,0,0.533875,0.00135311,0.602335,0.316073,209.019,6.9673,2.02343,1.90951,0.0413684,0.0244908,0.0219844,0.0587725,1.95908
570c5d639ab9,11,0.0632,labdesktop,2026-09-20T09:56:12+00:00,1073b69d29e5,0.0632,0.0372396,0.2,0,0.485917,0.00124813,0.617776,0.257328,207.379,6.91262,1.82093,1.57211,0.0398918,0.0284543,0.0362377,0.0288191,0.960635
6b782adc5a15,12,0.0632,labdesktop,2026-09-20T09:56:12+00:00,1073b69d29e5,0.0632,0.0347041,0.3,0,0.535333,0.00101172,0.667206,0.283492,186.89,6.22965,5.71809,5.07501,0.0649358,0.0330987,0.0617088,0.0318376,1.06125
e177d6d6873a,13,0.0632,labdesktop,2026-09-20T09:56:12+00:00,1073b69d29e5,0.0632,0.0484506,0.3,0,0.520722,0.00106471,0.628563,0.300844,208.488,6.94959,3.70406,3.36622,0.0755743,0.0384811,0.0643092,0.0591333,1.97111
25234cc953ac,14,0.0632,labdesktop,2026-09-20T09:56:12+00:00,1073b69d29e5,0.0632,0.0422084,0.3,0,0.473722,0.00128036,0.578421,0.281078,177.378,5.9126,4.03335,3.33065,0.0784603,0.0324965,0.02551,0.0317366,1.05789
ea7e4f35fcd0,15,0.0632,labdesktop,2026-09-20T09:56:12+00:00,1073b69d29e5,0.0632,0.0379719,0.2,0,0.495667,0.00101015,0.673755,0.163277,215.519,7.18397,4.03802,4.66382,0.0683697,0.0239108,0.00484517,0.0278201,0.927336
fa1d31f894c7,16,0.0632,labdesktop,2026-09-20T09:56:12+00:00,1073b69d29e5,0.0632,0.0402986,0.233333,0,0.503143,0.00108089,0.636434,0.164103,217.228,7.24092,1.9005,1.21512,0.0529455,0.0302741,0.0101104,0.0292701,0.975669
37965deefbb7,17,0.0632,labdesktop,2026-09-20T09:56:12+00:00,1073b69d29e5,0.0632,0.0527259,0.266667,0,0.440937,0.00107218,0.608196,0.154808,192.197,6.40655,1.75807,1.34022,0.0630796,0.0361977,0.0383864,0.0605354,2.01785
ae66d99dcbad,18,0.0632,labdesktop,2026-09-20T09:56:12+00:00,1073b69d29e5,0.0632,0.0386296,0.266667,0,0.511813,0.00115242,0.620457,0.320336,191.392,6.37972,6.98391,5.24841,0.0866656,0.0415574,0.0877224,0.031826,1.06087
c87eeefd00c6,19,0.0632,labdesktop,2026-09-20T09:56:12+00:00,1073b69d29e5,0.0632,0.0447791,0.3,0,0.489889,0.00112691,0.600824,0.278058,211.349,7.04496,2.3791,2.15916,0.0613033,0.0425869,0.0401045,0.0342331,1.1411
807ecb35f204,0,0.0843,labdesktop,2026-09-20T09:56:12+00:00,1073b69d29e5,0.0843,0.0395584,0.266667,0,0.520937,0.00103513,0.653528,0.316558,182.23,6.07433,0.93421,0.729942,0.0451572,0.035356,0.023765,0.0627437,2.09146
7dba042f6e93,1,0.0843,labdesktop,2026-09-20T09:56:12+00:00,1073b69d29e5,0.0843,0.0419934,0.2,0,0.472917,0.00120812,0.616157,0.228185,189.412,6.31373,0.929082,0.685408,0.0469456,0.0319205,0.00969157,0.056005,1.86683
f560adfba445,2,0.0843,labdesktop,2026-09-20T09:56:12+00:00,1073b69d29e5,0.0843,0.0607051,0.3,0,0.469167,0.00124036,0.571327,0.165791,166.876,5.56252,3.44333,2.89387,0.0739735,0.0354813,0.0290745,0.0332447,1.10816
759018949613,3,0.0843,labdesktop,2026-09-20T09:56:12+00:00,1073b69d29e5,0.0843,0.0347163,0.266667,0,0.538,0.00107968,0.650545,0.268404,181.687,6.05622,2.75188,2.26212,0.0589028,0.020693,0.0276696,0.0317311,1.0577
b1ef32257ff8,4,0.0843,labdesktop,2026-09-20T09:56:12+00:00,1073b69d29e5,0.0843,0.0348349,0.233333,0,0.497,0.00106731,0.648726,0.284864,175.91,5.86368,3.75282,3.69845,0.0536786,0.0285041,0.0554486,0.0297717,0.992389
c1bf6e2d114a,5,0.0843,labdesktop,2026-09-20T09:56:12+00:00,1073b69d29e5,0.0843,0.0513436,0.266667,0,0.495375,0.00113871,0.633174,0.107745,182.197,6.07324,2.13832,2.2444,0.0633827,0.0538564,0.0204793,0.0587021,1.95674
ca3c3ea4bfb4,6,0.0843,labdesktop,2026-09-20T09:56:12+00:00,1073b69d29e5,0.0843,0.047234,0.333333,0,0.5219,0.00116667,0.595365,0.209022,181.338,6.04461,2.60604,2.72742,0.0557821,0.0413055,0.0320574,0.0627679,2.09226
213159ff0d51,7,0.0843,labdesktop,2026-09-20T09:56:12+00:00,1073b69d29e5,0.0843,0.0372135,0.266667,0,0.530563,0.00117184,0.648182,0.273947,186.416,6.21385,1.9447,1.79906,0.0570805,0.0315294,0.0726851,0.0307255,1.02418
27dff0666ff2,8,0.0843,labdesktop,2026-09-20T09:56:12+00:00,1073b69d29e5,0.0843,0.0986212,0.333333,0,0.47665,0.00110802,0.581524,0.148157,171.916,5.73055,8.45506,8.22461,0.113458,0.0941441,0.0509663,0.0625375,2.08458
71c39414a904,9,0.0843,labdesktop,2026-09-20T09:56:12+00:00,1073b69d29e5,0.0843,0.0551655,0.266667,0,0.482625,0.0011842,0.596179,0.243492,175.833,5.8611,2.24367,1.8549,0.0731117,0.0509431,0.0864009,0.0298624,0.995415
e0c9f49b03cf,10,0.0843,labdesktop,2026-09-20T09:56:12+00:00,1073b69d29e5,0.0843,0.0292501,0.233333,0,0.537214,0.00119704,0.638573,0.368452,190.035,6.3345,1.96285,2.0288,0.0469485,0.0241187,0.0138863,0.029161,0.972033
f46a5b3b5723,11,0.0843,labdesktop,2026-09-20T09:56:12+00:00,1073b69d29e5,0.0843,0.0468441,0.266667,0,0.515312,0.00117476,0.610404,0.248788,187.289,6.24296,1.69157,1.49549,0.0485934,0.0286723,0.0345501,0.0302049,1.00683
3bf5bdc17ef7,12,0.0843,labdesktop,2026-09-20T09:56:12+00:00,1073b69d29e5,0.0843,0.0392993,0.266667,0,0.50925,0.00115124,0.635106,0.243958,168.698,5.62327,5.30411,5.64756,0.0735826,0.0315662,0.0544309,0.0595869,1.98623
054b8b875084,13,0.0843,labdesktop,2026-09-20T09:56:12+00:00,1073b69d29e5,0.0843,0.0494046,0.266667,0,0.507562,0.000978776,0.642464,0.328153,188.25,6.27499,3.7738,3.62107,0.0813909,0.0353765,0.0758132,0.0310333,1.03444
7dd7e641d7b1,14,0.0843,labdesktop,2026-09-20T09:56:12+00:00,1073b69d29e5,0.0843,0.0448534,0.3,0,0.508167,0.00107987,0.630781,0.225138,158.47,5.28232,4.31386,3.54494,0.0867059,0.0311937,0.0390868,0.0601856,2.00619
e1549c5ccf0d,15,0.0843,labdesktop,2026-09-20T09:56:12+00:00,1073b69d29e5,0.0843,0.0354593,0.2,0,0.498167,0.00120565,0.648837,0.25013,199.307,6.64358,3.00687,3.29907,0.0608418,0.020691,0.0116466,0.0281109,0.93703
f36267b7baa7,16,0.0843,labdesktop,2026-09-20T09:56:12+00:00,1073b69d29e5,0.0843,0.0447471,0.233333,0,0.521857,0.00107577,0.645813,0.219527,195.555,6.51849,1.58586,1.08084,0.0589196,0.0340622,0.0147544,0.0309679,1.03226
c7867f9247c2,17,0.0843,labdesktop,2026-09-20T09:56:12+00:00,1073b69d29e5,0.0843,0.049073,0.3,0,0.486167,0.0011393,0.599296,0.209198,176.174,5.87246,1.29829,1.04158,0.0586162,0.0339917,0.0331555,0.0322029,1.07343
a68c667c7a42,18,0.0843,labdesktop,2026-09-20T09:56:12+00:00,1073b69d29e5,0.0843,0.0439029,0.266667,0,0.528875,0.00113407,0.638815,0.364034,172.632,5.75441,5.42075,5.11966,0.0905354,0.0428482,0.086031,0.0327684,1.09228
3e81acff7c57,19,0.0843,labdesktop,2026-09-20T09:56:12+00:00,1073b69d29e5,0.0843,0.0440762,0.3,0,0.519333,0.00100007,0.645379,0.342158,194.079,6.46931,2.18952,2.15656,0.0593871,0.0405492,0.0295785,0.0334549,1.11516
84a76c928233,0,0.1125,labdesktop,2026-09-20T09:56:12+00:00,1073b69d29e5,0.1125,0.041192,0.266667,0,0.529125,0.00100478,0.661091,0.320571,156.941,5.23138,0.986177,0.778143,0.0485255,0.0339023,0.0218439,0.0624788,2.08263
e033780dd6bf,1,0.1125,labdesktop,2026-09-20T09:56:12+00:00,1073b69d29e5,0.1125,0.044255,0.2,0,0.486833,0.00116089,0.615521,0.24791,163.881,5.46271,0.961386,0.61884,0.0510481,0.0315498,0.0132571,0.0580482,1.93494
77b44cbe2d1f,2,0.1125,labdesktop,2026-09-20T09:56:12+00:00,1073b69d29e5,0.1125,0.0667806,0.333333,0,0.51835,0.0011436,0.604541,0.189774,142.98,4.76599,4.53296,4.25703,0.0783673,0.0361842,0.0418873,0.0618598,2.06199
9052bbfb72f7,3,0.1125,labdesktop,2026-09-20T09:56:12+00:00,1073b69d29e5,0.1125,0.0375397,0.266667,0,0.524687,0.00111742,0.643405,0.287597,156.651,5.2217,2.14641,1.6079,0.0596427,0.0203393,0.027324,0.0580244,1.93415
37bfc809faae,4,0.1125,labdesktop,2026-09-20T09:56:12+00:00,1073b69d29e5,0.1125,0.0339107,0.266667,0,0.534687,0.00102802,0.659244,0.246059,150.606,5.02019,3.34252,3.46767,0.0571188,0.0284217,0.0625347,0.032118,1.0706
211b75852376,5,0.1125,labdesktop,2026-09-20T09:56:12+00:00,1073b69d29e5,0.1125,0.0505205,0.266667,0,0.508188,0.00121312,0.607417,0.109305,156.628,5.22092,2.27674,2.42331,0.067577,0.045961,0.0189076,0.0308467,1.02822
7a0227d47832,6,0.1125,labdesktop,2026-09-20T09:56:12+00:00,1073b69d29e5,0.1125,0.0491731,0.333333,0,0.51795,0.00105158,0.604139,0.206843,155.753,5.19176,2.6149,2.45008,0.0559293,0.0418035,0.0376684,0.0328629,1.09543
e284bd0fb138,7,0.1125,labdesktop,2026-09-20T09:56:12+00:00,1073b69d29e5,0.1125,0.0376206,0.266667,0,0.517062,0.00129805,0.620257,0.290756,159.836,5.32787,1.45278,1.38421,0.053432,0.0282553,0.0569479,0.0306839,1.0228
53929849f77b,8,0.1125,labdesktop,2026-09-20T09:56:12+00:00,1073b69d29e5,0.1125,0.0971816,0.333333,0,0.48445,0.000956847,0.632693,0.145022,147.64,4.92134,10.4549,10.609,0.120033,0.0944793,0.0654975,0.0336961,1.1232
3db7746c40fe,9,0.1125,labdesktop,2026-09-20T09:56:12+00:00,1073b69d29e5,0.1125,0.0627245,0.266667,0,0.506687,0.00109603,0.621561,0.241562,151.074,5.0358,2.86154,2.48512,0.0843599,0.0572167,0.0895547,0.0583211,1.94404
f361f596f2f7,10,0.1125,labdesktop,2026-09-20T09:56:12+00:00,1073b69d29e5,0.1125,0.0318108,0.266667,0,0.528062,0.0013761,0.596324,0.386305,164.208,5.47362,2.04357,2.13807,0.0549847,0.0236235,0.0125236,0.0604938,2.01646
1de58f587901,11,0.1125,labdesktop,2026-09-20T09:56:12+00:00,1073b69d29e5,0.1125,0.0578549,0.266667,0,0.512375,0.00101014,0.652605,0.245069,161.046,5.3682,1.84753,1.80994,0.0616235,0.0313624,0.0390412,0.0313673,1.04558
999501a4abba,12,0.1125,labdesktop,2026-09-20T09:56:12+00:00,1073b69d29e5,0.1125,0.0439979,0.266667,0,0.5035,0.00117104,0.63918,0.241279,144.082,4.80273,6.37057,6.7679,0.0861422,0.0353803,0.0675789,0.0629075,2.09692
449396e4e2f8,13,0.1125,labdesktop,2026-09-20T09:56:12+00:00,1073b69d29e5,0.1125,0.0544502,0.266667,0,0.499562,0.00103339,0.626867,0.316353,161.692,5.38973,3.75548,3.98587,0.0888247,0.0336615,0.0862813,0.0583389,1.94463
65c31077d695,14,0.1125,labdesktop,2026-09-20T09:56:12+00:00,1073b69d29e5,0.1125,0.049177,0.266667,0,0.546,0.0015437,0.606775,0.372457,132.777,4.4259,4.94828,4.38993,0.0947715,0.031569,0.038501,0.0312608,1.04203
2be9df883774,15,0.1125,labdesktop,2026-09-20T09:56:12+00:00,1073b69d29e5,0.1125,0.035486,0.2,0,0.525667,0.0010659,0.67296,0.320364,174.804,5.82681,2.52088,2.8489,0.0580086,0.0206451,0.0147595,0.0276646,0.922153
de474623d0c6,16,0.1125,labdesktop,2026-09-20T09:56:12+00:00,1073b69d29e5,0.1125,0.0490536,0.3,0,0.524778,0.00103113,0.61829,0.253396,168.072,5.60241,1.30823,1.01082,0.0621074,0.0358554,0.00687959,0.0574937,1.91646
6091d22eee5e,17,0.1125,labdesktop,2026-09-20T09:56:12+00:00,1073b69d29e5,0.1125,0.0477713,0.3,0,0.499722,0.00101994,0.618389,0.263405,152.245,5.07483,1.34969,1.13031,0.0576236,0.031541,0.0412676,0.031832,1.06107
0b20555f041e,18,0.1125,labdesktop,2026-09-20T09:56:12+00:00,1073b69d29e5,0.1125,0.0494239,0.3,0,0.522611,0.00118619,0.616662,0.263132,146.88,4.89599,6.28308,5.06676,0.0962378,0.0437996,0.0927442,0.0313876,1.04625
5f3ca042e228,19,0.1125,labdesktop,2026-09-20T09:56:12+00:00,1073b69d29e5,0.1125,0.0460943,0.266667,0,0.528813,0.00112609,0.630797,0.367866,168.874,5.62913,1.97563,1.97869,0.0592083,0.0395958,0.0346618,0.0305319,1.01773
afc1fbe78f8d,0,0.15,labdesktop,2026-09-20T09:56:12+00:00,1073b69d29e5,0.15,0.0453177,0.233333,0,0.528143,0.00109337,0.65243,0.307792,127.512,4.25041,1.05872,0.785027,0.0537588,0.0350548,0.0276677,0.029297,0.976566
1d0bad181bf6,1,0.15,labdesktop,2026-09-20T09:56:13+00:00,1073b69d29e5,0.15,0.0471844,0.2,0,0.494833,0.00112394,0.634183,0.269665,134.387,4.47955,0.960863,0.67596,0.0565563,0.0299557,0.0129162,0.0723473,2.41158
e262910015fa,2,0.15,labdesktop,2026-09-20T09:56:13+00:00,1073b69d29e5,0.15,0.0625219,0.3,0,0.506778,0.00101786,0.60741,0.207038,115.789,3.85963,7.49853,8.16149,0.0775178,0.0355273,0.0243748,0.0333912,1.11304
ba167b0a4482,3,0.15,labdesktop,2026-09-20T09:56:13+00:00,1073b69d29e5,0.15,0.0398623,0.333333,0,0.52905,0.00113767,0.606708,0.25492,127.483,4.24944,1.81055,1.51916,0.060221,0.0208223,0.027293,0.0455392,1.51797
376dfe302cec,4,0.15,labdesktop,2026-09-20T09:56:13+00:00,1073b69d29e5,0.15,0.0345844,0.333333,0,0.54905,0.000946636,0.640274,0.277193,121.325,4.04418,3.09938,2.96988,0.0593266,0.0286798,0.0636244,0.0746443,2.48814
7a9d8c9c3525,5,0.15,labdesktop,2026-09-20T09:56:13+00:00,1073b69d29e5,0.15,0.0534038,0.266667,0,0.496625,0.00128025,0.59495,0.0953909,127.161,4.23869,3.16515,3.17751,0.076356,0.0462014,0.0243277,0.0633339,2.11113
cc1a70fbb567,6,0.15,labdesktop,2026-09-20T09:56:13+00:00,1073b69d29e5,0.15,0.0487024,0.3,0,0.489556,0.00118711,0.589185,0.203896,126.069,4.20231,3.56876,3.54196,0.0580884,0.0404301,0.0360692,0.0597099,1.99033
b00a5cce6d82,7,0.15,labdesktop,2026-09-20T09:56:13+00:00,1073b69d29e5,0.15,0.0363253,0.233333,0,0.5315,0.00129476,0.627793,0.311761,130.636,4.35453,1.30394,1.1406,0.0533147,0.0261332,0.0531393,0.0293381,0.977938
ec7cea6dc7f3,8,0.15,labdesktop,2026-09-20T09:56:13+00:00,1073b69d29e5,0.15,0.0949118,0.3,0,0.467222,0.00107299,0.623158,0.144087,119.673,3.9891,10.8024,10.5236,0.120695,0.0966798,0.0758484,0.0314741,1.04914
fa43f12bfb86,9,0.15,labdesktop,2026-09-20T09:56:13+00:00,1073b69d29e5,0.15,0.0717122,0.3,0,0.515556,0.00107724,0.59358,0.245582,122.233,4.07445,3.20832,2.83536,0.0965174,0.061656,0.105511,0.0315743,1.05248
ed2779bc86d5,10,0.15,labdesktop,2026-09-20T09:56:13+00:00,1073b69d29e5,0.15,0.0350645,0.266667,0,0.54925,0.00111819,0.639188,0.40096,134.796,4.4932,1.99567,2.12623,0.0604505,0.0232298,0.0141348,0.0301377,1.00459
784b04cd3e5c,11,0.15,labdesktop,2026-09-20T09:56:13+00:00,1073b69d29e5,0.15,0.0657128,0.266667,0,0.511125,0.00107283,0.639315,0.228636,130.962,4.3654,1.51591,1.39178,0.0703952,0.0341326,0.04705,0.029894,0.996467
ed243ef54944,12,0.15,labdesktop,2026-09-20T09:56:13+00:00,1073b69d29e5,0.15,0.0491363,0.266667,0,0.514563,0.00106147,0.656334,0.195195,115.172,3.83905,7.06633,7.71027,0.0977886,0.038131,0.077559,0.0608009,2.0267
970d6367747d,13,0.15,labdesktop,2026-09-20T09:56:13+00:00,1073b69d29e5,0.15,0.0589771,0.266667,0,0.52825,0.00118982,0.641154,0.320241,132.114,4.40381,3.60664,3.60485,0.0934213,0.0330458,0.0756125,0.0594653,1.98218
7d367ebc8017,14,0.15,labdesktop,2026-09-20T09:56:13+00:00,1073b69d29e5,0.15,0.0517112,0.3,0,0.546111,0.00128581,0.603103,0.331965,103.417,3.44724,6.05577,5.10045,0.102237,0.0323026,0.0496255,0.0635177,2.11726
83bd7ddc10fa,15,0.15,labdesktop,2026-09-20T09:56:13+00:00,1073b69d29e5,0.15,0.0354497,0.2,0,0.539333,0.00102896,0.687173,0.374531,146.101,4.87004,2.37434,2.48604,0.057325,0.0218819,0.0114341,0.0294364,0.981214
6dddbd933e61,16,0.15,labdesktop,2026-09-20T09:56:13+00:00,1073b69d29e5,0.15,0.0518106,0.3,0,0.5155,0.00116282,0.592207,0.287983,137.743,4.59144,1.18834,0.831482,0.0662561,0.0386222,0.0140372,0.0605896,2.01965
cba276dbe8d9,17,0.15,labdesktop,2026-09-20T09:56:13+00:00,1073b69d29e5,0.15,0.0477713,0.3,0,0.510222,0.00101937,0.618703,0.265219,123.636,4.12118,1.24991,1.12828,0.0571569,0.0307093,0.0382183,0.0328386,1.09462
6e3fe5ee054f,18,0.15,labdesktop,2026-09-20T09:56:13+00:00,1073b69d29e5,0.15,0.0529221,0.3,0,0.5075,0.00121259,0.598031,0.27512,117.825,3.9275,5.47015,4.73739,0.0975372,0.0434657,0.0884761,0.0326347,1.08782
9c798f8990f2,19,0.15,labdesktop,2026-09-20T09:56:13+00:00,1073b69d29e5,0.15,0.0453278,0.266667,0,0.513313,0.00105508,0.650742,0.150278,140.301,4.6767,1.95279,1.883,0.0578955,0.0375454,0.0327851,0.0310757,1.03586
75ddbaed8f37,0,0.2,labdesktop,2026-09-20T09:56:13+00:00,1073b69d29e5,0.2,0.0469932,0.266667,0,0.552125,0.00108075,0.639357,0.306519,96.0784,3.20261,0.979589,0.786477,0.0550211,0.0338306,0.0217413,0.0579946,1.93315
35977e4333a4,1,0.2,labdesktop,2026-09-20T09:56:13+00:00,1073b69d29e5,0.2,0.0486549,0.233333,0,0.505071,0.00108397,0.651645,0.281052,102.698,3.42326,1.02805,0.669443,0.0606102,0.0293057,0.0143158,0.0293427,0.978091
dfc4fb9cc72d,2,0.2,labdesktop,2026-09-20T09:56:13+00:00,1073b69d29e5,0.2,0.0671684,0.3,0,0.509778,0.0013221,0.594255,0.21847,84.4359,2.81453,6.59016,6.01097,0.0875349,0.0324365,0.0330731,0.0616234,2.05411
58e8f2398072,3,0.2,labdesktop,2026-09-20T09:56:13+00:00,1073b69d29e5,0.2,0.0420185,0.266667,0,0.4875,0.00135821,0.577551,0.222569,96.0337,3.20112,1.68808,1.49681,0.0600782,0.0212317,0.0341589,0.0307299,1.02433
4cc55d3c88d4,4,0.2,labdesktop,2026-09-20T09:56:13+00:00,1073b69d29e5,0.2,0.0367039,0.333333,0,0.5364,0.000964814,0.62878,0.258465,89.787,2.9929,3.17711,2.78661,0.0621021,0.0312721,0.0682485,0.0634512,2.11504
0949c2c516a7,5,0.2,labdesktop,2026-09-20T09:56:13+00:00,1073b69d29e5,0.2,0.0515359,0.233333,0,0.480357,0.00146077,0.59915,0.0980467,95.4851,3.18284,4.08767,3.69537,0.0804538,0.0544348,0.0354073,0.0301402,1.00467
f6e1e3f90ff4,6,0.2,labdesktop,2026-09-20T09:56:13+00:00,1073b69d29e5,0.2,0.0497402,0.3,0,0.479444,0.00120713,0.592151,0.207378,94.3117,3.14372,3.2776,3.03437,0.0634591,0.0398768,0.0355172,0.0325118,1.08373
00da247159f4,7,0.2,labdesktop,2026-09-20T09:56:13+00:00,1073b69d29e5,0.2,0.0388514,0.266667,0,0.541438,0.00127333,0.63417,0.316331,98.95,3.29833,1.55577,1.52914,0.0590196,0.0273029,0.0684301,0.0314114,1.04705
05b66ae881e5,8,0.2,labdesktop,2026-09-20T09:56:13+00:00,1073b69d29e5,0.2,0.0934932,0.3,0,0.457667,0.00127788,0.579097,0.144031,88.0556,2.93519,12.6951,13.4663,0.122199,0.0968174,0.0878348,0.0591803,1.97268
6e9a629cba72,9,0.2,labdesktop,2026-09-20T09:56:13+00:00,1073b69d29e5,0.2,0.0734545,0.266667,0,0.495062,0.000997031,0.639026,0.229413,91.6589,3.0553,4.62773,3.75816,0.102528,0.063668,0.116458,0.0582473,1.94158
7d27684954ba,10,0.2,labdesktop,2026-09-20T09:56:13+00:00,1073b69d29e5,0.2,0.0387853,0.266667,0,0.549438,0.00108603,0.646298,0.375219,103.291,3.44305,2.17556,2.29491,0.065433,0.0230725,0.0164952,0.0301874,1.00625
982265edc236,11,0.2,labdesktop,2026-09-20T09:56:13+00:00,1073b69d29e5,0.2,0.0690761,0.266667,0,0.516687,0.00102663,0.657209,0.212801,99.2469,3.30823,1.88032,1.65798,0.0771171,0.0351209,0.0418951,0.0312443,1.04148
95d85c98399a,12,0.2,labdesktop,2026-09-20T09:56:13+00:00,1073b69d29e5,0.2,0.053946,0.266667,0,0.486937,0.00133203,0.599661,0.164031,84.0416,2.80139,9.92183,10.3166,0.106987,0.0427294,0.0815797,0.0611939,2.0398
9f52661dff3d,13,0.2,labdesktop,2026-09-20T09:56:13+00:00,1073b69d29e5,0.2,0.060276,0.266667,0,0.502,0.00129465,0.612021,0.293375,99.5975,3.31992,4.20169,3.92807,0.10057,0.0334982,0.070757,0.0311213,1.03738
e7a66ec23eb4,14,0.2,labdesktop,2026-09-20T09:56:13+00:00,1073b69d29e5,0.2,0.0509058,0.266667,0,0.553813,0.00148121,0.602995,0.377496,72.1069,2.40356,6.81004,6.20365,0.108211,0.0324778,0.0556421,0.0609771,2.03257
a6adbc895d6a,15,0.2,labdesktop,2026-09-20T09:56:13+00:00,1073b69d29e5,0.2,0.0366354,0.2,0,0.542,0.00102156,0.684363,0.373005,114.874,3.82915,2.10225,2.23998,0.0555428,0.0225251,0.0112136,0.0280554,0.935179
4e0bead554e6,16,0.2,labdesktop,2026-09-20T09:56:13+00:00,1073b69d29e5,0.2,0.0560886,0.3,0,0.519667,0.00111562,0.608475,0.300524,105.459,3.51528,1.03601,0.67954,0.0683102,0.040274,0.010781,0.0596509,1.98836
162198a2a094,17,0.2,labdesktop,2026-09-20T09:56:13+00:00,1073b69d29e5,0.2,0.0477977,0.3,0,0.509556,0.00103808,0.625398,0.267926,92.2781,3.07594,1.07748,0.961841,0.0579494,0.0305302,0.0440875,0.0319688,1.06563
4da4f8de814d,18,0.2,labdesktop,2026-09-20T09:56:13+00:00,1073b69d29e5,0.2,0.0537372,0.333333,0,0.5235,0.00111923,0.604055,0.275111,85.6649,2.8555,7.71262,5.9542,0.10805,0.045324,0.100951,0.0327393,1.09131
06b905bcbd95,19,0.2,labdesktop,2026-09-20T09:56:13+00:00,1073b69d29e5,0.2,0.0455801,0.266667,0,0.516437,0.00109837,0.647209,0.149307,108.807,3.62689,1.7627,1.82439,0.0570249,0.0374705,0.0268095,0.0300276,1.00092
