run_id,seed,variant,host,date,code,proposal,n_particles,ate,resample_rate,collapses,unique_after_resampling,max_weight_mean,ess_mean,ess_min,map_error,map_error_aligned,landmarks_mapped,nees_mean,nees_median,position_rmse,heading_rmse,final_position_error,runtime_total_s,runtime_per_step_ms
ee081aa043fc,0,"proposal: FastSLAM 1.0, n_particles: 5",aiserver,2026-09-14T08:34:03+00:00,d7328d3e3c3f,fastslam1,5,0.380495,0.278,0,0.62446,0.28136,0.762502,0.331079,1.48954,0.132063,8,5.04533e+07,3424.14,1.3527,0.110512,1.08821,0.637653,1.27531
3b65cd59b08f,1,"proposal: FastSLAM 1.0, n_particles: 5",aiserver,2026-09-14T08:34:03+00:00,d7328d3e3c3f,fastslam1,5,0.403088,0.276,0,0.608696,0.276591,0.765542,0.322832,1.51744,0.218324,8,1.6538e+08,19182.4,1.54414,0.0764535,1.57781,0.641875,1.28375
69bf6199afab,2,"proposal: FastSLAM 1.0, n_particles: 5",aiserver,2026-09-14T08:34:03+00:00,d7328d3e3c3f,fastslam1,5,0.308572,0.288,0,0.626389,0.279275,0.754507,0.287074,0.739979,0.148485,8,2.45667e+07,2557.69,0.677046,0.0517683,0.782595,0.642617,1.28523
6c895cf575d1,3,"proposal: FastSLAM 1.0, n_particles: 5",aiserver,2026-09-14T08:34:03+00:00,d7328d3e3c3f,fastslam1,5,0.280272,0.262,0,0.610687,0.28415,0.757496,0.373037,1.95048,0.0711906,8,1.00755e+08,6971.3,1.71059,0.142098,1.81817,0.638039,1.27608
b5707e950110,4,"proposal: FastSLAM 1.0, n_particles: 5",aiserver,2026-09-14T08:34:03+00:00,d7328d3e3c3f,fastslam1,5,0.330755,0.256,0,0.629687,0.286671,0.763428,0.274387,1.25495,0.157753,8,1.55855e+07,694.269,1.01602,0.110435,0.737368,0.64383,1.28766
19dd9e8ec4b6,5,"proposal: FastSLAM 1.0, n_particles: 5",aiserver,2026-09-14T08:34:03+00:00,d7328d3e3c3f,fastslam1,5,0.361167,0.266,0,0.633083,0.28487,0.761364,0.346069,2.10199,0.16528,8,1.35583e+08,20603,1.87284,0.123885,1.49081,0.649126,1.29825
59d31a5ee9ab,6,"proposal: FastSLAM 1.0, n_particles: 5",aiserver,2026-09-14T08:34:03+00:00,d7328d3e3c3f,fastslam1,5,0.291746,0.25,0,0.6368,0.281856,0.770665,0.280562,0.599603,0.0744039,8,2.84577e+07,3149.93,0.608876,0.0366025,0.824348,0.639788,1.27958
8ee4f4f33e48,7,"proposal: FastSLAM 1.0, n_particles: 5",aiserver,2026-09-14T08:34:03+00:00,d7328d3e3c3f,fastslam1,5,0.265054,0.262,0,0.635115,0.281808,0.768052,0.39139,0.335006,0.153758,8,7.09998e+06,865.272,0.359949,0.0321469,0.601981,0.637834,1.27567
7ee14c1f686f,8,"proposal: FastSLAM 1.0, n_particles: 5",aiserver,2026-09-14T08:34:03+00:00,d7328d3e3c3f,fastslam1,5,0.317978,0.272,0,0.626471,0.279555,0.765769,0.397291,0.774908,0.18094,8,2.74087e+07,1711.44,0.798619,0.070942,1.02479,0.638929,1.27786
fc0f88ee7fad,9,"proposal: FastSLAM 1.0, n_particles: 5",aiserver,2026-09-14T08:34:03+00:00,d7328d3e3c3f,fastslam1,5,0.273247,0.27,0,0.631111,0.283788,0.764076,0.425421,0.558382,0.160362,8,2.13521e+07,2387.64,0.559669,0.0415556,0.715822,0.637001,1.274
0e4a90453e2f,10,"proposal: FastSLAM 1.0, n_particles: 5",aiserver,2026-09-14T08:34:03+00:00,d7328d3e3c3f,fastslam1,5,0.287344,0.258,0,0.623256,0.283336,0.766031,0.330029,1.55987,0.162238,8,7.18206e+07,4956.4,1.38232,0.112389,1.02191,0.63324,1.26648
5db3f141b7b7,11,"proposal: FastSLAM 1.0, n_particles: 5",aiserver,2026-09-14T08:34:03+00:00,d7328d3e3c3f,fastslam1,5,0.396816,0.278,0,0.625899,0.280983,0.761374,0.272654,0.790433,0.128653,8,1.58807e+07,1422.84,0.783618,0.0718095,1.82326,0.63217,1.26434
0f45e490e1b0,12,"proposal: FastSLAM 1.0, n_particles: 5",aiserver,2026-09-14T08:34:03+00:00,d7328d3e3c3f,fastslam1,5,0.395204,0.268,0,0.616418,0.283876,0.760507,0.26911,2.46417,0.179227,8,4.48095e+08,55830.5,2.43117,0.0867238,2.52627,0.636343,1.27269
b03abf380f15,13,"proposal: FastSLAM 1.0, n_particles: 5",aiserver,2026-09-14T08:34:03+00:00,d7328d3e3c3f,fastslam1,5,0.403128,0.256,0,0.610937,0.278766,0.776737,0.353171,1.19646,0.235574,8,8.21093e+07,8017.8,1.11079,0.0649208,1.15917,0.638972,1.27794
3fbe2c2fd8d0,14,"proposal: FastSLAM 1.0, n_particles: 5",aiserver,2026-09-14T08:34:03+00:00,d7328d3e3c3f,fastslam1,5,0.365853,0.264,0,0.619697,0.282365,0.76431,0.342624,1.1245,0.170733,8,3.00487e+07,1882.67,1.00948,0.0794419,0.6235,0.639297,1.27859
76e1e7d179aa,15,"proposal: FastSLAM 1.0, n_particles: 5",aiserver,2026-09-14T08:34:03+00:00,d7328d3e3c3f,fastslam1,5,0.321071,0.276,0,0.634783,0.27937,0.76804,0.383719,0.42415,0.133313,8,1.72762e+07,1653.56,0.506028,0.0388473,0.668355,0.639011,1.27802
1fd2863dacf5,16,"proposal: FastSLAM 1.0, n_particles: 5",aiserver,2026-09-14T08:34:03+00:00,d7328d3e3c3f,fastslam1,5,0.395841,0.274,0,0.639416,0.286039,0.752636,0.295186,2.02595,0.193362,8,1.28844e+08,10869.1,1.81236,0.132439,2.05349,0.641495,1.28299
103613e6fb9d,17,"proposal: FastSLAM 1.0, n_particles: 5",aiserver,2026-09-14T08:34:03+00:00,d7328d3e3c3f,fastslam1,5,0.274394,0.262,0,0.615267,0.28619,0.759473,0.392918,1.58835,0.165966,8,2.5435e+07,1128.13,1.36309,0.126798,0.417655,0.639806,1.27961
414eb80d05ad,18,"proposal: FastSLAM 1.0, n_particles: 5",aiserver,2026-09-14T08:34:03+00:00,d7328d3e3c3f,fastslam1,5,0.383531,0.28,0,0.627143,0.280857,0.76224,0.334207,1.13199,0.261415,8,1.08303e+08,14224.2,1.11429,0.0341196,1.25901,0.639737,1.27947
2dbcdd51b1c4,19,"proposal: FastSLAM 1.0, n_particles: 5",aiserver,2026-09-14T08:34:03+00:00,d7328d3e3c3f,fastslam1,5,0.268627,0.248,0,0.632258,0.28046,0.776276,0.293108,0.248283,0.115951,8,5.86184e+06,518.807,0.370947,0.0332483,0.202658,0.644323,1.28865
6e2b9ee38695,0,"proposal: FastSLAM 1.0, n_particles: 10",aiserver,2026-09-14T08:34:03+00:00,d7328d3e3c3f,fastslam1,10,0.281935,0.292,0,0.643151,0.146463,0.759564,0.40703,0.756651,0.0691336,8,99.125,26.9061,0.563605,0.0620097,0.559853,0.693067,1.38613
9b018f9c8abe,1,"proposal: FastSLAM 1.0, n_particles: 10",aiserver,2026-09-14T08:34:03+00:00,d7328d3e3c3f,fastslam1,10,0.310826,0.304,0,0.654605,0.146349,0.750663,0.427293,0.647325,0.161193,8,256.382,38.2255,0.466523,0.0547868,0.737676,0.696652,1.3933
ce790aa32654,2,"proposal: FastSLAM 1.0, n_particles: 10",aiserver,2026-09-14T08:34:03+00:00,d7328d3e3c3f,fastslam1,10,0.22418,0.304,0,0.641447,0.144731,0.7572,0.396386,0.800303,0.103274,8,990.97,150.883,0.802933,0.0445501,1.22292,0.697469,1.39494
2ff7bbbb2205,3,"proposal: FastSLAM 1.0, n_particles: 10",aiserver,2026-09-14T08:34:03+00:00,d7328d3e3c3f,fastslam1,10,0.286291,0.288,0,0.644444,0.146328,0.760085,0.434259,2.33883,0.143621,8,4172.6,1116.21,2.12383,0.132723,1.77144,0.692299,1.3846
b137de0ee5e4,4,"proposal: FastSLAM 1.0, n_particles: 10",aiserver,2026-09-14T08:34:03+00:00,d7328d3e3c3f,fastslam1,10,0.252823,0.286,0,0.637762,0.148707,0.751942,0.347515,0.817575,0.0769935,8,1843.21,400.504,0.866872,0.0254558,0.947546,0.693702,1.3874
a7bba9f2869b,5,"proposal: FastSLAM 1.0, n_particles: 10",aiserver,2026-09-14T08:34:03+00:00,d7328d3e3c3f,fastslam1,10,0.267503,0.302,0,0.648344,0.149418,0.748707,0.409722,0.694109,0.17089,8,513.208,175.551,0.784706,0.0472358,0.818757,0.701369,1.40274
5dc144453800,6,"proposal: FastSLAM 1.0, n_particles: 10",aiserver,2026-09-14T08:34:03+00:00,d7328d3e3c3f,fastslam1,10,0.287118,0.298,0,0.645638,0.146737,0.752167,0.414723,0.768282,0.111022,8,412.642,75.9156,0.846637,0.0575649,0.770036,0.699332,1.39866
e399544ba25d,7,"proposal: FastSLAM 1.0, n_particles: 10",aiserver,2026-09-14T08:34:03+00:00,d7328d3e3c3f,fastslam1,10,0.25145,0.304,0,0.639474,0.146774,0.749857,0.368236,1.27289,0.127761,8,1839.17,95.7314,0.966268,0.0904293,0.963326,0.692182,1.38436
d18f715b8f2f,8,"proposal: FastSLAM 1.0, n_particles: 10",aiserver,2026-09-14T08:34:03+00:00,d7328d3e3c3f,fastslam1,10,0.234378,0.296,0,0.643919,0.147556,0.746476,0.390973,0.547852,0.080615,8,329.823,63.8803,0.531595,0.0461004,0.746712,0.695468,1.39094
6a3f469ca5af,9,"proposal: FastSLAM 1.0, n_particles: 10",aiserver,2026-09-14T08:34:03+00:00,d7328d3e3c3f,fastslam1,10,0.303133,0.292,0,0.644521,0.147108,0.751892,0.365979,0.688658,0.135417,8,269.586,112.649,0.698598,0.0639281,0.734928,0.696408,1.39282
bdea57ae8c4f,10,"proposal: FastSLAM 1.0, n_particles: 10",aiserver,2026-09-14T08:34:03+00:00,d7328d3e3c3f,fastslam1,10,0.212137,0.294,0,0.638776,0.147135,0.753384,0.434261,2.23711,0.0544463,8,3407.99,904.258,2.05152,0.133214,1.97692,0.697528,1.39506
dea6128d1a5e,11,"proposal: FastSLAM 1.0, n_particles: 10",aiserver,2026-09-14T08:34:03+00:00,d7328d3e3c3f,fastslam1,10,0.206615,0.28,0,0.642143,0.147195,0.758091,0.390016,0.327952,0.0628529,8,14.9284,6.38981,0.357103,0.0345099,0.452872,0.704714,1.40943
7d9afd7a3054,12,"proposal: FastSLAM 1.0, n_particles: 10",aiserver,2026-09-14T08:34:04+00:00,d7328d3e3c3f,fastslam1,10,0.231129,0.304,0,0.640132,0.147103,0.749235,0.405887,0.854125,0.10208,8,468.918,99.8757,0.796811,0.0694608,0.767563,0.691512,1.38302
a0129dfb0107,13,"proposal: FastSLAM 1.0, n_particles: 10",aiserver,2026-09-14T08:34:04+00:00,d7328d3e3c3f,fastslam1,10,0.289889,0.304,0,0.648026,0.145562,0.75244,0.349225,2.39898,0.131411,8,8492.58,2227.04,2.27249,0.117479,2.65156,0.693641,1.38728
26d3e558136d,14,"proposal: FastSLAM 1.0, n_particles: 10",aiserver,2026-09-14T08:34:04+00:00,d7328d3e3c3f,fastslam1,10,0.219581,0.288,0,0.647222,0.14722,0.760404,0.399844,0.746979,0.131508,8,486.956,68.664,0.7633,0.0490516,1.01803,0.69391,1.38782
2e59cfac2287,15,"proposal: FastSLAM 1.0, n_particles: 10",aiserver,2026-09-14T08:34:04+00:00,d7328d3e3c3f,fastslam1,10,0.290745,0.302,0,0.639073,0.147,0.749493,0.25829,0.61547,0.160069,8,1168.65,200.345,0.689349,0.0268062,0.530793,0.696239,1.39248
a422aa63e00a,16,"proposal: FastSLAM 1.0, n_particles: 10",aiserver,2026-09-14T08:34:04+00:00,d7328d3e3c3f,fastslam1,10,0.241114,0.306,0,0.643137,0.14609,0.752282,0.379359,0.343478,0.106845,8,92.7962,13.452,0.379713,0.0344162,0.376469,0.696859,1.39372
64000db62296,17,"proposal: FastSLAM 1.0, n_particles: 10",aiserver,2026-09-14T08:34:04+00:00,d7328d3e3c3f,fastslam1,10,0.246875,0.298,0,0.63557,0.147108,0.753886,0.446195,2.07094,0.0710509,8,2438.24,506.612,1.78611,0.143057,1.25012,0.696961,1.39392
677815d00939,18,"proposal: FastSLAM 1.0, n_particles: 10",aiserver,2026-09-14T08:34:04+00:00,d7328d3e3c3f,fastslam1,10,0.241667,0.294,0,0.631973,0.147439,0.745472,0.176937,1.30299,0.116117,8,479838,181.089,1.18246,0.0969611,1.10566,0.696817,1.39363
b5441fea31e3,19,"proposal: FastSLAM 1.0, n_particles: 10",aiserver,2026-09-14T08:34:04+00:00,d7328d3e3c3f,fastslam1,10,0.211825,0.282,0,0.643972,0.149687,0.753367,0.419815,0.176781,0.106003,8,156.538,13.2765,0.230459,0.0265445,0.349805,0.696076,1.39215
d8565aa61f3d,0,"proposal: FastSLAM 1.0, n_particles: 25",aiserver,2026-09-14T08:34:05+00:00,d7328d3e3c3f,fastslam1,25,0.180919,0.306,0,0.638693,0.0602488,0.749073,0.422979,0.341155,0.0633483,8,20.7292,13.4915,0.451625,0.0320499,0.332659,0.925686,1.85137
0ea6d9580344,1,"proposal: FastSLAM 1.0, n_particles: 25",aiserver,2026-09-14T08:34:05+00:00,d7328d3e3c3f,fastslam1,25,0.314781,0.308,0,0.647532,0.0602358,0.747815,0.343804,1.57834,0.118885,8,463.83,85.0401,1.43376,0.0379064,1.3422,0.934314,1.86863
e1dd97a98fa0,2,"proposal: FastSLAM 1.0, n_particles: 25",aiserver,2026-09-14T08:34:05+00:00,d7328d3e3c3f,fastslam1,25,0.143111,0.304,0,0.644737,0.0603236,0.751247,0.412868,0.345827,0.0850884,8,32.9643,4.98855,0.282326,0.0301806,0.181267,0.927695,1.85539
fb36021ae10e,3,"proposal: FastSLAM 1.0, n_particles: 25",aiserver,2026-09-14T08:34:05+00:00,d7328d3e3c3f,fastslam1,25,0.170467,0.31,0,0.644129,0.0602086,0.749294,0.444836,0.572012,0.141378,8,15.2135,10.0334,0.425284,0.0356833,0.308521,0.922228,1.84446
d42556572342,4,"proposal: FastSLAM 1.0, n_particles: 25",aiserver,2026-09-14T08:34:05+00:00,d7328d3e3c3f,fastslam1,25,0.158527,0.306,0,0.645752,0.0604393,0.747331,0.405532,0.459989,0.0976769,8,27.2385,23.4816,0.494463,0.0264053,0.466602,0.921204,1.84241
175566ff94a6,5,"proposal: FastSLAM 1.0, n_particles: 25",aiserver,2026-09-14T08:34:05+00:00,d7328d3e3c3f,fastslam1,25,0.249055,0.31,0,0.648774,0.0602918,0.746936,0.40662,0.488119,0.09249,8,25.0789,12.214,0.579768,0.0491227,0.255378,0.931302,1.8626
9f336b7208b9,6,"proposal: FastSLAM 1.0, n_particles: 25",aiserver,2026-09-14T08:34:05+00:00,d7328d3e3c3f,fastslam1,25,0.240238,0.306,0,0.655686,0.0602562,0.752472,0.429903,0.439085,0.140428,8,61.4913,11.0864,0.467102,0.0264559,0.665469,0.929809,1.85962
b56c7283df8f,7,"proposal: FastSLAM 1.0, n_particles: 25",aiserver,2026-09-14T08:34:05+00:00,d7328d3e3c3f,fastslam1,25,0.156839,0.3,0,0.642667,0.0604287,0.751566,0.45537,1.76644,0.0621119,8,530.6,247.979,1.73138,0.0913265,1.45363,0.939238,1.87848
7d850f28bad7,8,"proposal: FastSLAM 1.0, n_particles: 25",aiserver,2026-09-14T08:34:05+00:00,d7328d3e3c3f,fastslam1,25,0.21134,0.308,0,0.638442,0.0602904,0.748182,0.352815,0.583213,0.122545,8,50.7052,7.96896,0.529143,0.0601293,0.623516,0.932746,1.86549
e442b989a6a5,9,"proposal: FastSLAM 1.0, n_particles: 25",aiserver,2026-09-14T08:34:05+00:00,d7328d3e3c3f,fastslam1,25,0.329685,0.31,0,0.653419,0.0601579,0.752533,0.428334,0.377427,0.0901796,8,29.522,7.45208,0.450969,0.0519449,0.262004,0.913014,1.82603
a1d14bef9493,10,"proposal: FastSLAM 1.0, n_particles: 25",aiserver,2026-09-14T08:34:05+00:00,d7328d3e3c3f,fastslam1,25,0.245607,0.298,0,0.642685,0.0612991,0.748403,0.407696,0.363066,0.0959086,8,11.9204,4.8944,0.269359,0.0345851,0.277858,0.921306,1.84261
a2c6ee2202da,11,"proposal: FastSLAM 1.0, n_particles: 25",aiserver,2026-09-14T08:34:05+00:00,d7328d3e3c3f,fastslam1,25,0.225654,0.304,0,0.644737,0.0604202,0.749244,0.449951,0.632443,0.0468464,8,13.3947,7.8677,0.514821,0.047179,0.433794,0.929736,1.85947
a940c149420a,12,"proposal: FastSLAM 1.0, n_particles: 25",aiserver,2026-09-14T08:34:05+00:00,d7328d3e3c3f,fastslam1,25,0.216001,0.3,0,0.650133,0.0604219,0.753526,0.423211,0.860081,0.0980499,8,67.6697,21.2518,0.790014,0.0324246,0.883069,0.934733,1.86947
180876225d1f,13,"proposal: FastSLAM 1.0, n_particles: 25",aiserver,2026-09-14T08:34:05+00:00,d7328d3e3c3f,fastslam1,25,0.221062,0.31,0,0.650065,0.0601926,0.75156,0.397841,0.444035,0.0974065,8,48.084,24.1812,0.426013,0.0252106,0.31432,0.921016,1.84203
9825e8dc723a,14,"proposal: FastSLAM 1.0, n_particles: 25",aiserver,2026-09-14T08:34:05+00:00,d7328d3e3c3f,fastslam1,25,0.184593,0.308,0,0.646494,0.0603723,0.749053,0.4346,0.389467,0.0980789,8,39.5897,17.566,0.438384,0.0281529,0.384912,0.922867,1.84573
fc2304b44d67,15,"proposal: FastSLAM 1.0, n_particles: 25",aiserver,2026-09-14T08:34:05+00:00,d7328d3e3c3f,fastslam1,25,0.185358,0.308,0,0.643896,0.0609893,0.745144,0.460129,1.24047,0.110022,8,92.4707,47.5946,1.09607,0.0825302,1.2995,0.934231,1.86846
7d238e6b8435,16,"proposal: FastSLAM 1.0, n_particles: 25",aiserver,2026-09-14T08:34:06+00:00,d7328d3e3c3f,fastslam1,25,0.253012,0.308,0,0.645714,0.0606426,0.748212,0.374759,0.491556,0.108497,8,83.1119,36.8262,0.467895,0.0396173,0.341493,0.929118,1.85824
f53bb3ff9435,17,"proposal: FastSLAM 1.0, n_particles: 25",aiserver,2026-09-14T08:34:06+00:00,d7328d3e3c3f,fastslam1,25,0.185487,0.298,0,0.651544,0.0611215,0.750003,0.280743,0.742454,0.0732083,8,76.5038,42.0049,0.68206,0.0468624,0.58419,0.935245,1.87049
ba675468e65e,18,"proposal: FastSLAM 1.0, n_particles: 25",aiserver,2026-09-14T08:34:06+00:00,d7328d3e3c3f,fastslam1,25,0.191088,0.306,0,0.637908,0.0608632,0.74826,0.232478,1.4002,0.060476,8,125.927,62.2937,1.27052,0.0956905,1.01571,0.927226,1.85445
313b54070fe7,19,"proposal: FastSLAM 1.0, n_particles: 25",aiserver,2026-09-14T08:34:06+00:00,d7328d3e3c3f,fastslam1,25,0.176204,0.29,0,0.643034,0.0608504,0.752818,0.474084,0.795719,0.0896885,8,28.2722,15.6536,0.664233,0.0516213,0.51229,0.927543,1.85509
92e847e85b53,0,"proposal: FastSLAM 1.0, n_particles: 100",aiserver,2026-09-14T08:34:06+00:00,d7328d3e3c3f,fastslam1,100,0.257106,0.312,0,0.651667,0.0154474,0.749874,0.491126,1.42537,0.0583262,8,34.6885,6.73354,1.22811,0.0597748,1.21692,1.60697,3.21394
86ba73e94f52,1,"proposal: FastSLAM 1.0, n_particles: 100",aiserver,2026-09-14T08:34:06+00:00,d7328d3e3c3f,fastslam1,100,0.325843,0.312,0,0.649103,0.0155099,0.745137,0.496389,1.53548,0.0608392,8,77.1926,26.399,1.24907,0.0694385,1.1688,1.61043,3.22087
fad553820870,2,"proposal: FastSLAM 1.0, n_particles: 100",aiserver,2026-09-14T08:34:06+00:00,d7328d3e3c3f,fastslam1,100,0.220158,0.314,0,0.648025,0.0154667,0.747588,0.45956,1.01679,0.0433966,8,5.30867,4.45471,0.73961,0.0310791,0.89945,1.60262,3.20525
b14770fa2407,3,"proposal: FastSLAM 1.0, n_particles: 100",aiserver,2026-09-14T08:34:06+00:00,d7328d3e3c3f,fastslam1,100,0.290508,0.306,0,0.655556,0.0154431,0.752812,0.461527,1.28671,0.0259153,8,12.1835,5.15611,0.940019,0.0755678,1.01971,1.61394,3.22787
8b193f3df9e9,4,"proposal: FastSLAM 1.0, n_particles: 100",aiserver,2026-09-14T08:34:07+00:00,d7328d3e3c3f,fastslam1,100,0.210114,0.31,0,0.649226,0.0153621,0.750047,0.424931,0.353262,0.0570444,8,1.52982,1.5445,0.757601,0.0410661,0.276424,1.58882,3.17765
bd4285bc5eb3,5,"proposal: FastSLAM 1.0, n_particles: 100",aiserver,2026-09-14T08:34:07+00:00,d7328d3e3c3f,fastslam1,100,0.326592,0.304,0,0.644539,0.0155904,0.74688,0.491688,1.05363,0.0436705,8,0.980107,0.616089,0.630005,0.0258302,1.12179,1.58802,3.17603
9920dadaeed2,6,"proposal: FastSLAM 1.0, n_particles: 100",aiserver,2026-09-14T08:34:07+00:00,d7328d3e3c3f,fastslam1,100,0.142218,0.318,0,0.65434,0.0153518,0.747892,0.466867,1.15392,0.0411063,8,35.4132,32.5329,1.0353,0.0704941,1.12529,1.5894,3.17879
db503d67ae28,7,"proposal: FastSLAM 1.0, n_particles: 100",aiserver,2026-09-14T08:34:07+00:00,d7328d3e3c3f,fastslam1,100,0.450267,0.312,0,0.6525,0.0154766,0.747365,0.347491,1.37432,0.0811474,8,21.6432,2.85368,1.02847,0.0711652,0.852877,1.58899,3.17799
c2860a6b108d,8,"proposal: FastSLAM 1.0, n_particles: 100",aiserver,2026-09-14T08:34:07+00:00,d7328d3e3c3f,fastslam1,100,0.256234,0.312,0,0.655962,0.0154454,0.75031,0.475585,0.113546,0.048572,8,2.06058,1.66845,0.48708,0.042577,0.337455,1.59345,3.1869
4d44d59a93fd,9,"proposal: FastSLAM 1.0, n_particles: 100",aiserver,2026-09-14T08:34:07+00:00,d7328d3e3c3f,fastslam1,100,0.156039,0.31,0,0.651935,0.01556,0.748401,0.469957,1.63338,0.0714784,8,25.5239,16.0497,1.31632,0.0912625,1.3704,1.59391,3.18782
deca86d68143,10,"proposal: FastSLAM 1.0, n_particles: 100",aiserver,2026-09-14T08:34:07+00:00,d7328d3e3c3f,fastslam1,100,0.219427,0.306,0,0.649869,0.0155208,0.749244,0.498975,0.931656,0.058893,8,3.02301,2.72464,0.674212,0.0688035,1.03779,1.59681,3.19362
8d8e0031dc37,11,"proposal: FastSLAM 1.0, n_particles: 100",aiserver,2026-09-14T08:34:07+00:00,d7328d3e3c3f,fastslam1,100,0.345052,0.312,0,0.649487,0.0154474,0.747858,0.471495,0.360415,0.0389375,8,1.18274,0.869081,0.418194,0.0352262,0.281779,1.59411,3.18822
ea6926a99829,12,"proposal: FastSLAM 1.0, n_particles: 100",aiserver,2026-09-14T08:34:07+00:00,d7328d3e3c3f,fastslam1,100,0.446071,0.312,0,0.651603,0.0154082,0.750369,0.510787,2.12346,0.0636074,8,12.9065,1.81224,1.33941,0.0758427,1.9574,1.61342,3.22683
e25ffce2512f,13,"proposal: FastSLAM 1.0, n_particles: 100",aiserver,2026-09-14T08:34:07+00:00,d7328d3e3c3f,fastslam1,100,0.251325,0.312,0,0.649615,0.0155576,0.746056,0.481833,0.167614,0.0630582,8,3.43745,2.60346,0.688706,0.0587446,0.449955,1.58824,3.17647
249ea8e9b90c,14,"proposal: FastSLAM 1.0, n_particles: 100",aiserver,2026-09-14T08:34:07+00:00,d7328d3e3c3f,fastslam1,100,0.185448,0.31,0,0.652065,0.0156171,0.745597,0.505487,0.579025,0.0895907,8,5.42669,4.26373,0.700226,0.0325545,0.631308,1.59103,3.18206
714a07d609cd,15,"proposal: FastSLAM 1.0, n_particles: 100",aiserver,2026-09-14T08:34:07+00:00,d7328d3e3c3f,fastslam1,100,0.18725,0.32,0,0.651,0.0153758,0.746032,0.484585,0.709638,0.0364838,8,2.51183,2.64697,0.476418,0.0173198,0.738303,1.58673,3.17346
978bf4a47261,16,"proposal: FastSLAM 1.0, n_particles: 100",aiserver,2026-09-14T08:34:08+00:00,d7328d3e3c3f,fastslam1,100,0.142074,0.306,0,0.646863,0.0155747,0.746357,0.452219,0.182294,0.045213,8,2.01723,1.29351,0.183616,0.019205,0.177293,1.59406,3.18812
97e02ce11406,17,"proposal: FastSLAM 1.0, n_particles: 100",aiserver,2026-09-14T08:34:08+00:00,d7328d3e3c3f,fastslam1,100,0.118593,0.31,0,0.655742,0.0154403,0.750763,0.466943,0.162424,0.0672955,8,0.985672,0.729485,0.169666,0.0190249,0.27569,1.59632,3.19263
c0623704f751,18,"proposal: FastSLAM 1.0, n_particles: 100",aiserver,2026-09-14T08:34:08+00:00,d7328d3e3c3f,fastslam1,100,0.225096,0.318,0,0.648868,0.015433,0.744598,0.36514,0.719364,0.0731629,8,9.05962,2.83342,0.721644,0.0316676,0.601067,1.60199,3.20398
5bb919d90484,19,"proposal: FastSLAM 1.0, n_particles: 100",aiserver,2026-09-14T08:34:08+00:00,d7328d3e3c3f,fastslam1,100,0.187617,0.312,0,0.650513,0.0154879,0.746907,0.454078,0.924879,0.0616646,8,9.39427,4.34654,0.76102,0.0379044,0.94928,1.60635,3.21269
61659d9a1e2e,0,"proposal: FastSLAM 2.0, n_particles: 5",aiserver,2026-09-14T08:34:08+00:00,d7328d3e3c3f,fastslam2,5,0.22224,0.142,0,0.650704,0.293466,0.815234,0.446535,0.131086,0.0936711,8,555199,15.4721,0.285808,0.0334699,0.310791,0.987167,1.97433
8b066d63c475,1,"proposal: FastSLAM 2.0, n_particles: 5",aiserver,2026-09-14T08:34:08+00:00,d7328d3e3c3f,fastslam2,5,0.277012,0.142,0,0.639437,0.29017,0.815357,0.348586,0.444099,0.1403,8,4.59974e+06,176.235,0.441665,0.0409343,0.596972,0.984025,1.96805
21b45d11bcf6,2,"proposal: FastSLAM 2.0, n_particles: 5",aiserver,2026-09-14T08:34:08+00:00,d7328d3e3c3f,fastslam2,5,0.186933,0.144,0,0.641667,0.290306,0.818084,0.445241,0.601932,0.061257,8,8.2545e+06,446.875,0.593752,0.0395109,0.532324,0.988098,1.9762
a921f83f5b1d,3,"proposal: FastSLAM 2.0, n_particles: 5",aiserver,2026-09-14T08:34:08+00:00,d7328d3e3c3f,fastslam2,5,0.314595,0.14,0,0.651429,0.289591,0.812763,0.473478,0.798601,0.0892631,8,1.8591e+07,768.641,0.723305,0.0460802,1.01775,0.989883,1.97977
60e7dbcda8b1,4,"proposal: FastSLAM 2.0, n_particles: 5",aiserver,2026-09-14T08:34:08+00:00,d7328d3e3c3f,fastslam2,5,0.230626,0.128,0,0.665625,0.29354,0.810265,0.387899,0.125369,0.111945,8,397582,12.8992,0.246942,0.0302682,0.464796,0.996651,1.9933
9c9e58f6dd76,5,"proposal: FastSLAM 2.0, n_particles: 5",aiserver,2026-09-14T08:34:08+00:00,d7328d3e3c3f,fastslam2,5,0.323043,0.142,0,0.678873,0.293359,0.809874,0.380514,1.46214,0.131329,8,2.83138e+07,1366.44,1.37552,0.0603152,1.34315,0.997149,1.9943
4d4e0a0c9b70,6,"proposal: FastSLAM 2.0, n_particles: 5",aiserver,2026-09-14T08:34:08+00:00,d7328d3e3c3f,fastslam2,5,0.236738,0.132,0,0.645455,0.296454,0.813918,0.411895,1.65498,0.121377,8,5.30747e+07,2850.05,1.53732,0.0805412,1.59296,0.991581,1.98316
6855dd71beef,7,"proposal: FastSLAM 2.0, n_particles: 5",aiserver,2026-09-14T08:34:08+00:00,d7328d3e3c3f,fastslam2,5,0.279373,0.156,0,0.671795,0.289296,0.811013,0.481958,0.33546,0.085738,8,3.03168e+06,63.4121,0.446378,0.0432061,0.416956,0.995539,1.99108
9b572d51beea,8,"proposal: FastSLAM 2.0, n_particles: 5",aiserver,2026-09-14T08:34:08+00:00,d7328d3e3c3f,fastslam2,5,0.293753,0.138,0,0.672464,0.294363,0.815256,0.449847,0.423679,0.12335,8,1.25503e+06,56.6338,0.405316,0.0534871,0.169236,0.995271,1.99054
d4ccdd64ce8b,9,"proposal: FastSLAM 2.0, n_particles: 5",aiserver,2026-09-14T08:34:08+00:00,d7328d3e3c3f,fastslam2,5,0.273772,0.148,0,0.667568,0.291047,0.807399,0.425692,0.646051,0.0880145,8,6.836e+06,82.2919,0.65878,0.0661321,0.777265,0.994774,1.98955
1c5cb158f833,10,"proposal: FastSLAM 2.0, n_particles: 5",aiserver,2026-09-14T08:34:08+00:00,d7328d3e3c3f,fastslam2,5,0.264928,0.126,0,0.644444,0.293881,0.817228,0.426332,0.826727,0.132961,8,9.959e+06,481.925,0.786021,0.0563122,0.557053,0.99785,1.9957
7ef61746c14d,11,"proposal: FastSLAM 2.0, n_particles: 5",aiserver,2026-09-14T08:34:08+00:00,d7328d3e3c3f,fastslam2,5,0.221094,0.128,0,0.66875,0.300814,0.812257,0.418987,0.824776,0.0657851,8,1.58037e+07,925.411,0.764154,0.0284157,0.944318,0.996066,1.99213
a07661e53373,12,"proposal: FastSLAM 2.0, n_particles: 5",aiserver,2026-09-14T08:34:09+00:00,d7328d3e3c3f,fastslam2,5,0.221469,0.14,0,0.674286,0.294534,0.80691,0.499963,1.69696,0.1181,8,2.86526e+07,2061.12,1.62665,0.088767,1.80826,0.995938,1.99188
2b39a79e655e,13,"proposal: FastSLAM 2.0, n_particles: 5",aiserver,2026-09-14T08:34:09+00:00,d7328d3e3c3f,fastslam2,5,0.229322,0.128,0,0.646875,0.29346,0.816767,0.455068,0.581222,0.0578838,8,8.13836e+06,249.861,0.67701,0.0389208,0.523022,0.994017,1.98803
a27cb717a50d,14,"proposal: FastSLAM 2.0, n_particles: 5",aiserver,2026-09-14T08:34:09+00:00,d7328d3e3c3f,fastslam2,5,0.307082,0.126,0,0.634921,0.295236,0.817946,0.372465,0.441421,0.14637,8,2.55811e+06,80.0393,0.43748,0.0487594,0.726488,0.994411,1.98882
5851cdcca45b,15,"proposal: FastSLAM 2.0, n_particles: 5",aiserver,2026-09-14T08:34:09+00:00,d7328d3e3c3f,fastslam2,5,0.246834,0.142,0,0.656338,0.293505,0.804813,0.438565,1.47634,0.0649957,8,3.43806e+07,1466.34,1.34526,0.0999015,1.10812,1.00948,2.01895
1b978b13ad8b,16,"proposal: FastSLAM 2.0, n_particles: 5",aiserver,2026-09-14T08:34:09+00:00,d7328d3e3c3f,fastslam2,5,0.240668,0.146,0,0.652055,0.293286,0.804933,0.422688,0.948784,0.088262,8,2.07703e+07,1249.69,0.918374,0.0476882,0.951772,0.982851,1.9657
7cdcc20e7306,17,"proposal: FastSLAM 2.0, n_particles: 5",aiserver,2026-09-14T08:34:09+00:00,d7328d3e3c3f,fastslam2,5,0.222945,0.128,0,0.653125,0.292907,0.815796,0.429167,0.245434,0.0688325,8,1.42529e+06,35.5972,0.27595,0.0358455,0.248373,0.980618,1.96124
bfddb13c5fbf,18,"proposal: FastSLAM 2.0, n_particles: 5",aiserver,2026-09-14T08:34:09+00:00,d7328d3e3c3f,fastslam2,5,0.267558,0.138,0,0.672464,0.292968,0.813977,0.4593,0.668586,0.140282,8,4.34979e+06,123.682,0.734516,0.0566447,0.706288,0.986318,1.97264
7bec7b714072,19,"proposal: FastSLAM 2.0, n_particles: 5",aiserver,2026-09-14T08:34:09+00:00,d7328d3e3c3f,fastslam2,5,0.284467,0.138,0,0.634783,0.295259,0.813315,0.526536,1.15664,0.109847,8,3.66283e+07,908.712,1.17722,0.0408871,0.931526,0.987305,1.97461
167c53aaaab1,0,"proposal: FastSLAM 2.0, n_particles: 10",aiserver,2026-09-14T08:34:09+00:00,d7328d3e3c3f,fastslam2,10,0.18228,0.142,0,0.66338,0.159292,0.80239,0.545279,0.807535,0.0694758,8,141.428,67.7255,0.791539,0.0617963,0.476293,1.07041,2.14081
d6eecf17d6e8,1,"proposal: FastSLAM 2.0, n_particles: 10",aiserver,2026-09-14T08:34:09+00:00,d7328d3e3c3f,fastslam2,10,0.172803,0.158,0,0.66962,0.156756,0.800908,0.495771,1.49243,0.10744,8,480.74,197.814,1.29467,0.0835492,1.44665,1.07237,2.14474
58eea83620d3,2,"proposal: FastSLAM 2.0, n_particles: 10",aiserver,2026-09-14T08:34:09+00:00,d7328d3e3c3f,fastslam2,10,0.200386,0.168,0,0.666667,0.154414,0.803619,0.47925,0.634668,0.134028,8,84.2101,43.8312,0.622375,0.040612,0.677543,1.07255,2.1451
34f7e4c3fcac,3,"proposal: FastSLAM 2.0, n_particles: 10",aiserver,2026-09-14T08:34:09+00:00,d7328d3e3c3f,fastslam2,10,0.164587,0.148,0,0.668919,0.15579,0.802992,0.505286,0.377594,0.0558396,8,20.3934,11.1545,0.346262,0.0311762,0.326999,1.07461,2.14923
6b82f8c7a0c2,4,"proposal: FastSLAM 2.0, n_particles: 10",aiserver,2026-09-14T08:34:10+00:00,d7328d3e3c3f,fastslam2,10,0.182565,0.152,0,0.677632,0.157282,0.798696,0.502398,0.124291,0.081743,8,9.69247,2.42029,0.217696,0.0329767,0.36032,1.07153,2.14305
ddeb903e8692,5,"proposal: FastSLAM 2.0, n_particles: 10",aiserver,2026-09-14T08:34:10+00:00,d7328d3e3c3f,fastslam2,10,0.308814,0.148,0,0.677027,0.156439,0.803212,0.482469,1.00351,0.0733126,8,164.997,31.97,0.680065,0.0687657,1.11495,1.07662,2.15324
c8598c16f3cd,6,"proposal: FastSLAM 2.0, n_particles: 10",aiserver,2026-09-14T08:34:10+00:00,d7328d3e3c3f,fastslam2,10,0.180349,0.156,0,0.661538,0.158167,0.797578,0.500521,0.753514,0.0466063,8,101.919,41.3632,0.681723,0.0567575,0.730119,1.07999,2.15999
cf49d49374e7,7,"proposal: FastSLAM 2.0, n_particles: 10",aiserver,2026-09-14T08:34:10+00:00,d7328d3e3c3f,fastslam2,10,0.267429,0.16,0,0.68125,0.156448,0.802188,0.491269,0.262887,0.0928858,8,19.6196,9.37525,0.385442,0.0378254,0.202949,1.07824,2.15648
b7abedaa4fa5,8,"proposal: FastSLAM 2.0, n_particles: 10",aiserver,2026-09-14T08:34:10+00:00,d7328d3e3c3f,fastslam2,10,0.210417,0.154,0,0.657143,0.158118,0.802218,0.425997,2.4134,0.096593,8,954.845,502.784,2.19541,0.134795,2.22588,1.07783,2.15565
0285d76592b5,9,"proposal: FastSLAM 2.0, n_particles: 10",aiserver,2026-09-14T08:34:10+00:00,d7328d3e3c3f,fastslam2,10,0.183896,0.16,0,0.665,0.155343,0.805591,0.476039,1.23819,0.103678,8,252.925,71.1214,1.13425,0.0869803,1.10807,1.07931,2.15862
bcdaae27fbd2,10,"proposal: FastSLAM 2.0, n_particles: 10",aiserver,2026-09-14T08:34:10+00:00,d7328d3e3c3f,fastslam2,10,0.268529,0.148,0,0.683784,0.157539,0.79589,0.51954,1.30497,0.0998907,8,409.695,133.996,1.36172,0.0821589,1.40739,1.07582,2.15164
177c3d48a952,11,"proposal: FastSLAM 2.0, n_particles: 10",aiserver,2026-09-14T08:34:10+00:00,d7328d3e3c3f,fastslam2,10,0.191057,0.154,0,0.68961,0.155338,0.804134,0.504354,1.04011,0.0893056,8,307.537,183.417,0.978785,0.0494353,0.936476,1.09219,2.18438
bbc523b8f74b,12,"proposal: FastSLAM 2.0, n_particles: 10",aiserver,2026-09-14T08:34:10+00:00,d7328d3e3c3f,fastslam2,10,0.281318,0.152,0,0.665789,0.156727,0.803019,0.484549,0.415439,0.138497,8,137.416,44.7233,0.535599,0.0342637,0.737628,1.06704,2.13408
d5f96123a51a,13,"proposal: FastSLAM 2.0, n_particles: 10",aiserver,2026-09-14T08:34:10+00:00,d7328d3e3c3f,fastslam2,10,0.201217,0.16,0,0.66375,0.15393,0.807083,0.526543,1.00882,0.0655982,8,395.57,76.0027,0.915884,0.063772,0.897155,1.07005,2.14009
cee3deb2281e,14,"proposal: FastSLAM 2.0, n_particles: 10",aiserver,2026-09-14T08:34:10+00:00,d7328d3e3c3f,fastslam2,10,0.151195,0.148,0,0.678378,0.157958,0.801837,0.535633,0.690541,0.0910157,8,77.3915,25.3672,0.630237,0.0337556,0.559961,1.06396,2.12793
775b905e0fb7,15,"proposal: FastSLAM 2.0, n_particles: 10",aiserver,2026-09-14T08:34:10+00:00,d7328d3e3c3f,fastslam2,10,0.199257,0.162,0,0.664198,0.1553,0.796998,0.503317,0.224999,0.0836481,8,62.7128,14.6155,0.287344,0.0263985,0.261224,1.07331,2.14663
2b7b0cd02f5c,16,"proposal: FastSLAM 2.0, n_particles: 10",aiserver,2026-09-14T08:34:11+00:00,d7328d3e3c3f,fastslam2,10,0.231999,0.15,0,0.674667,0.15972,0.792742,0.462984,0.518135,0.113682,8,39.9786,13.2017,0.438705,0.0475701,0.437375,1.07491,2.14982
aaa0ce3cb416,17,"proposal: FastSLAM 2.0, n_particles: 10",aiserver,2026-09-14T08:34:11+00:00,d7328d3e3c3f,fastslam2,10,0.17407,0.156,0,0.671795,0.157936,0.799104,0.453906,0.228831,0.108735,8,13.5313,6.87353,0.220043,0.0229988,0.204844,1.07307,2.14614
d1194ef215be,18,"proposal: FastSLAM 2.0, n_particles: 10",aiserver,2026-09-14T08:34:11+00:00,d7328d3e3c3f,fastslam2,10,0.26066,0.158,0,0.66962,0.156458,0.802245,0.504453,1.03774,0.114822,8,212.058,120.791,0.947803,0.0276869,1.13021,1.06872,2.13743
2894e7c3783b,19,"proposal: FastSLAM 2.0, n_particles: 10",aiserver,2026-09-14T08:34:11+00:00,d7328d3e3c3f,fastslam2,10,0.278389,0.152,0,0.663158,0.156679,0.807902,0.496959,1.00788,0.051716,8,76.8967,36.5424,0.808617,0.0692734,1.32781,1.07055,2.1411
68cf5cd382fd,0,"proposal: FastSLAM 2.0, n_particles: 25",aiserver,2026-09-14T08:34:11+00:00,d7328d3e3c3f,fastslam2,25,0.395354,0.166,0,0.681928,0.0667046,0.794361,0.554643,1.71082,0.0855408,8,63.6647,3.59242,1.34009,0.0768426,1.45664,1.30222,2.60443
2735ddcfc2c3,1,"proposal: FastSLAM 2.0, n_particles: 25",aiserver,2026-09-14T08:34:11+00:00,d7328d3e3c3f,fastslam2,25,0.188888,0.172,0,0.68,0.0660843,0.790156,0.419533,0.265612,0.0990507,8,10.3405,2.45505,0.243686,0.0192274,0.307464,1.32815,2.65629
9cca2dbdc026,2,"proposal: FastSLAM 2.0, n_particles: 25",aiserver,2026-09-14T08:34:11+00:00,d7328d3e3c3f,fastslam2,25,0.255421,0.176,0,0.682273,0.0657563,0.795831,0.497619,0.711283,0.0906963,8,13.4049,12.3429,0.702315,0.0691963,0.638522,1.32271,2.64541
b744bb6e3ec3,3,"proposal: FastSLAM 2.0, n_particles: 25",aiserver,2026-09-14T08:34:11+00:00,d7328d3e3c3f,fastslam2,25,0.176532,0.164,0,0.681951,0.0661169,0.799905,0.540675,0.281431,0.0661384,8,7.9013,2.02541,0.256899,0.0274883,0.484122,1.33837,2.67673
fa777a40db8c,4,"proposal: FastSLAM 2.0, n_particles: 25",aiserver,2026-09-14T08:34:12+00:00,d7328d3e3c3f,fastslam2,25,0.281224,0.168,0,0.672381,0.0660084,0.795868,0.50496,0.249443,0.0884928,8,5.35703,3.35934,0.451403,0.0310646,0.15085,1.31783,2.63566
ecab997d7523,5,"proposal: FastSLAM 2.0, n_particles: 25",aiserver,2026-09-14T08:34:12+00:00,d7328d3e3c3f,fastslam2,25,0.252189,0.17,0,0.677176,0.065971,0.799084,0.553238,0.749874,0.0681384,8,29.826,7.37742,0.619652,0.0281026,0.897173,1.33111,2.66222
cbcc1e7c6523,6,"proposal: FastSLAM 2.0, n_particles: 25",aiserver,2026-09-14T08:34:12+00:00,d7328d3e3c3f,fastslam2,25,0.419007,0.168,0,0.676667,0.066349,0.794365,0.507059,0.186469,0.0879807,8,1.35142,1.11481,0.491158,0.0527171,0.304181,1.33186,2.66373
697868615291,7,"proposal: FastSLAM 2.0, n_particles: 25",aiserver,2026-09-14T08:34:12+00:00,d7328d3e3c3f,fastslam2,25,0.151653,0.172,0,0.676744,0.0658431,0.79171,0.453928,0.280673,0.0730244,8,7.43989,3.07967,0.289798,0.0218407,0.386315,1.33744,2.67488
5b89b9a61078,8,"proposal: FastSLAM 2.0, n_particles: 25",aiserver,2026-09-14T08:34:12+00:00,d7328d3e3c3f,fastslam2,25,0.333607,0.166,0,0.675663,0.066771,0.795431,0.523984,0.198218,0.0961975,8,8.51565,1.35334,0.377956,0.0366303,0.675267,1.35624,2.71247
98935449bd62,9,"proposal: FastSLAM 2.0, n_particles: 25",aiserver,2026-09-14T08:34:12+00:00,d7328d3e3c3f,fastslam2,25,0.308207,0.174,0,0.681379,0.0663154,0.793859,0.529951,2.04377,0.0818578,8,135.911,59.5627,1.77669,0.105159,1.76757,1.32658,2.65315
bb77309984d1,10,"proposal: FastSLAM 2.0, n_particles: 25",aiserver,2026-09-14T08:34:12+00:00,d7328d3e3c3f,fastslam2,25,0.239976,0.152,0,0.676842,0.0667649,0.797404,0.539568,2.32069,0.0856791,8,67.5452,23.8237,1.80971,0.136595,2.1499,1.35733,2.71467
60155d802995,11,"proposal: FastSLAM 2.0, n_particles: 25",aiserver,2026-09-14T08:34:12+00:00,d7328d3e3c3f,fastslam2,25,0.175974,0.168,0,0.671905,0.0659852,0.794864,0.519677,1.00102,0.0851911,8,33.2313,26.4122,0.955623,0.062833,0.694534,1.32096,2.64192
6796982b2108,12,"proposal: FastSLAM 2.0, n_particles: 25",aiserver,2026-09-14T08:34:12+00:00,d7328d3e3c3f,fastslam2,25,0.212971,0.168,0,0.678095,0.0657475,0.798946,0.531917,0.760394,0.0801274,8,8.58649,4.74561,0.611552,0.0456121,0.722609,1.32464,2.64928
79a9afcbdd9c,13,"proposal: FastSLAM 2.0, n_particles: 25",aiserver,2026-09-14T08:34:12+00:00,d7328d3e3c3f,fastslam2,25,0.144779,0.166,0,0.66506,0.0665074,0.793916,0.548761,0.655507,0.0835347,8,12.489,8.13815,0.542238,0.0518442,0.907726,1.32438,2.64877
ffefd512c127,14,"proposal: FastSLAM 2.0, n_particles: 25",aiserver,2026-09-14T08:34:12+00:00,d7328d3e3c3f,fastslam2,25,0.241351,0.166,0,0.672289,0.0664165,0.798544,0.509382,1.33617,0.0966914,8,140.664,87.488,1.2159,0.0565994,1.14962,1.3281,2.65621
400d300e5286,15,"proposal: FastSLAM 2.0, n_particles: 25",aiserver,2026-09-14T08:34:12+00:00,d7328d3e3c3f,fastslam2,25,0.261821,0.172,0,0.684651,0.0661935,0.79541,0.530424,0.641198,0.0602694,8,19.8903,5.42026,0.562217,0.0237546,0.583364,1.32215,2.6443
e09db9bb9313,16,"proposal: FastSLAM 2.0, n_particles: 25",aiserver,2026-09-14T08:34:13+00:00,d7328d3e3c3f,fastslam2,25,0.36562,0.162,0,0.669136,0.0670345,0.794505,0.456396,1.41518,0.0658074,8,27.1869,29.2908,1.06707,0.0994211,1.27727,1.32356,2.64711
74d62ece87ed,17,"proposal: FastSLAM 2.0, n_particles: 25",aiserver,2026-09-14T08:34:13+00:00,d7328d3e3c3f,fastslam2,25,0.39993,0.16,0,0.69,0.0669596,0.793977,0.500594,0.657851,0.0587775,8,3.0658,1.80481,0.43566,0.0326539,0.759472,1.34078,2.68157
c569cded2f04,18,"proposal: FastSLAM 2.0, n_particles: 25",aiserver,2026-09-14T08:34:13+00:00,d7328d3e3c3f,fastslam2,25,0.26745,0.176,0,0.68,0.0660211,0.793414,0.474331,0.616702,0.0651241,8,67.9153,49.6029,0.731315,0.026539,0.671054,1.33815,2.67631
239eee8e97d2,19,"proposal: FastSLAM 2.0, n_particles: 25",aiserver,2026-09-14T08:34:13+00:00,d7328d3e3c3f,fastslam2,25,0.422896,0.176,0,0.679545,0.0654953,0.795194,0.574974,0.139926,0.0410047,8,1.63596,1.13786,0.474981,0.0382126,0.415681,1.35964,2.71928
0ed70fa7fbad,0,"proposal: FastSLAM 2.0, n_particles: 100",aiserver,2026-09-14T08:34:14+00:00,d7328d3e3c3f,fastslam2,100,0.32101,0.17,0,0.682941,0.0176548,0.792771,0.5625,0.0604716,0.0444992,8,0.87397,0.797144,0.528304,0.041392,0.0179324,2.47252,4.94504
59ce637b532f,1,"proposal: FastSLAM 2.0, n_particles: 100",aiserver,2026-09-14T08:34:14+00:00,d7328d3e3c3f,fastslam2,100,0.166671,0.172,0,0.680814,0.0174748,0.792588,0.542815,1.32379,0.0371968,8,14.001,15.4957,1.2147,0.0584671,1.08183,2.47299,4.94598
8e11d01403bc,2,"proposal: FastSLAM 2.0, n_particles: 100",aiserver,2026-09-14T08:34:14+00:00,d7328d3e3c3f,fastslam2,100,0.29729,0.18,0,0.680222,0.0173569,0.789987,0.504881,0.441253,0.0606909,8,2.88138,2.8576,0.772898,0.0536235,0.555739,2.48277,4.96554
9171471bc0ee,3,"proposal: FastSLAM 2.0, n_particles: 100",aiserver,2026-09-14T08:34:15+00:00,d7328d3e3c3f,fastslam2,100,0.311063,0.166,0,0.680964,0.0174297,0.799471,0.556291,0.568222,0.0356233,8,1.15131,0.725656,0.378554,0.0291677,0.468293,2.47553,4.95107
5f68910e4330,4,"proposal: FastSLAM 2.0, n_particles: 100",aiserver,2026-09-14T08:34:15+00:00,d7328d3e3c3f,fastslam2,100,0.190822,0.174,0,0.681609,0.0173497,0.794931,0.546749,0.419501,0.0385159,8,2.45797,1.70551,0.604825,0.0302156,0.442958,2.49444,4.98888
1e61782b5b56,5,"proposal: FastSLAM 2.0, n_particles: 100",aiserver,2026-09-14T08:34:15+00:00,d7328d3e3c3f,fastslam2,100,0.268731,0.174,0,0.675287,0.0173607,0.790924,0.542409,1.29001,0.0632171,8,4.72006,2.99352,0.97317,0.0651884,0.993253,2.4819,4.96381
776463412a4f,6,"proposal: FastSLAM 2.0, n_particles: 100",aiserver,2026-09-14T08:34:15+00:00,d7328d3e3c3f,fastslam2,100,0.138494,0.172,0,0.677674,0.0173324,0.795519,0.527577,0.171546,0.0248016,8,0.854057,0.810853,0.293246,0.0243637,0.134332,2.47096,4.94193
c4dc81e6e56e,7,"proposal: FastSLAM 2.0, n_particles: 100",aiserver,2026-09-14T08:34:15+00:00,d7328d3e3c3f,fastslam2,100,0.23485,0.18,0,0.683778,0.0174796,0.790804,0.52129,0.606576,0.0711703,8,1.26781,0.81186,0.714904,0.0370368,0.475097,2.46384,4.92769
03e8f2989369,8,"proposal: FastSLAM 2.0, n_particles: 100",aiserver,2026-09-14T08:34:15+00:00,d7328d3e3c3f,fastslam2,100,0.389041,0.172,0,0.681512,0.0176373,0.792896,0.466138,2.40711,0.0495341,8,3.0229,1.31455,1.46915,0.0958146,2.18736,2.47329,4.94659
823aefb8dc16,9,"proposal: FastSLAM 2.0, n_particles: 100",aiserver,2026-09-14T08:34:15+00:00,d7328d3e3c3f,fastslam2,100,0.233954,0.18,0,0.677222,0.0172647,0.793876,0.514455,1.22062,0.0444776,8,3.27451,2.60693,0.904203,0.0597323,1.10069,2.47115,4.9423
18daeb165407,10,"proposal: FastSLAM 2.0, n_particles: 100",aiserver,2026-09-14T08:34:15+00:00,d7328d3e3c3f,fastslam2,100,0.171451,0.172,0,0.684884,0.0174234,0.791661,0.556757,1.42654,0.0425426,8,17.4877,16.5826,1.24537,0.0944282,1.17975,2.4728,4.94561
0a46d4645008,11,"proposal: FastSLAM 2.0, n_particles: 100",aiserver,2026-09-14T08:34:15+00:00,d7328d3e3c3f,fastslam2,100,0.233464,0.17,0,0.681882,0.0173616,0.795884,0.528406,0.961986,0.0280794,8,1.10413,0.753814,0.798851,0.0487783,0.771827,2.4719,4.94381
553d3a63f39a,12,"proposal: FastSLAM 2.0, n_particles: 100",aiserver,2026-09-14T08:34:15+00:00,d7328d3e3c3f,fastslam2,100,0.217048,0.18,0,0.684778,0.0174003,0.790823,0.555289,0.925068,0.0526963,8,3.09766,2.8413,0.91027,0.0583804,0.793357,2.40861,4.81722
08c45e3e9b29,13,"proposal: FastSLAM 2.0, n_particles: 100",aiserver,2026-09-14T08:34:15+00:00,d7328d3e3c3f,fastslam2,100,0.171966,0.176,0,0.681364,0.0172541,0.794615,0.495629,1.08924,0.0532076,8,4.60207,3.11834,0.93689,0.0621597,0.959055,2.40917,4.81833
2c34bf2b1c04,14,"proposal: FastSLAM 2.0, n_particles: 100",aiserver,2026-09-14T08:34:15+00:00,d7328d3e3c3f,fastslam2,100,0.167727,0.174,0,0.686092,0.0174485,0.793791,0.521424,0.658182,0.0494171,8,6.92207,1.90122,0.609135,0.0300392,0.631889,2.40595,4.8119
52d4d3c5854d,15,"proposal: FastSLAM 2.0, n_particles: 100",aiserver,2026-09-14T08:34:15+00:00,d7328d3e3c3f,fastslam2,100,0.235082,0.174,0,0.677471,0.0175508,0.790619,0.507595,1.09907,0.0580626,8,2.03885,1.0464,0.813238,0.0336138,1.11859,2.43742,4.87485
4ffbfdb1d3d3,16,"proposal: FastSLAM 2.0, n_particles: 100",aiserver,2026-09-14T08:34:17+00:00,d7328d3e3c3f,fastslam2,100,0.167176,0.18,0,0.680222,0.0173823,0.793364,0.524573,0.423698,0.0525437,8,2.50122,0.686378,0.336428,0.0246119,0.615759,2.13827,4.27655
6a288624836f,17,"proposal: FastSLAM 2.0, n_particles: 100",aiserver,2026-09-14T08:34:17+00:00,d7328d3e3c3f,fastslam2,100,0.138246,0.17,0,0.682588,0.0177088,0.791206,0.497564,0.604983,0.0425253,8,3.66028,2.33091,0.487957,0.0303733,0.447454,2.13419,4.26838
9c65b621e0f7,18,"proposal: FastSLAM 2.0, n_particles: 100",aiserver,2026-09-14T08:34:17+00:00,d7328d3e3c3f,fastslam2,100,0.268062,0.182,0,0.682637,0.0171175,0.796779,0.538199,0.476968,0.0536993,8,1.5554,0.558302,0.488536,0.0254767,0.451924,2.13908,4.27817
7d1119b781b4,19,"proposal: FastSLAM 2.0, n_particles: 100",aiserver,2026-09-14T08:34:17+00:00,d7328d3e3c3f,fastslam2,100,0.228596,0.172,0,0.681395,0.0174779,0.793992,0.549459,0.210998,0.054655,8,0.37565,0.29347,0.269364,0.019739,0.335125,2.12549,4.25098
