run_id,seed,variant,host,date,code,start,range_std,ate,resample_rate,collapses,unique_after_resampling,max_weight_mean,ess_mean,ess_min,log_likelihood,log_likelihood_per_step,nees_mean,nees_median,position_rmse,heading_rmse,final_position_error,runtime_total_s,runtime_per_step_ms
6e0b155a5c4f,0,"start: Known start, range_std: 0.08",labdesktop,2026-09-20T09:56:38+00:00,1073b69d29e5,known,0.08,0.0518333,0.6,0,0.406611,0.00122037,0.429403,0.0018314,2.86189,0.0953965,10.8136,8.79059,0.0630334,0.0654405,0.0333913,0.0822541,2.7418
fc331422bbdd,1,"start: Known start, range_std: 0.08",labdesktop,2026-09-20T09:56:38+00:00,1073b69d29e5,known,0.08,0.0711283,0.533333,0,0.368125,0.0011599,0.457672,0.0017718,40.8784,1.36261,80.3579,23.5356,0.0831716,0.083462,0.0373615,0.0789682,2.63227
10640683839f,2,"start: Known start, range_std: 0.08",labdesktop,2026-09-20T09:56:38+00:00,1073b69d29e5,known,0.08,0.056931,0.633333,0,0.421895,0.00102387,0.420335,0.0029143,-302.565,-10.0855,2270.77,991.285,0.164046,0.098799,0.246959,0.083216,2.77387
21c3b80f8816,3,"start: Known start, range_std: 0.08",labdesktop,2026-09-20T09:56:38+00:00,1073b69d29e5,known,0.08,0.0362688,0.766667,0,0.442457,0.000971892,0.340504,0.02753,7.98609,0.266203,13.9053,10.201,0.0592015,0.0382394,0.0247169,0.0926995,3.08998
d635f031fb5e,4,"start: Known start, range_std: 0.08",labdesktop,2026-09-20T09:56:39+00:00,1073b69d29e5,known,0.08,0.0430678,0.6,0,0.40025,0.00116232,0.406339,0.00398755,-30.7319,-1.0244,21.6776,17.0723,0.0609147,0.0501858,0.0667696,0.077788,2.59293
b99180567aa2,5,"start: Known start, range_std: 0.08",labdesktop,2026-09-20T09:56:39+00:00,1073b69d29e5,known,0.08,0.0542932,0.633333,0,0.434368,0.00169064,0.399007,0.000506697,-2051.97,-68.399,184569,42326.2,0.586681,0.174127,0.985584,0.077829,2.5943
76641acaf481,6,"start: Known start, range_std: 0.08",labdesktop,2026-09-20T09:56:39+00:00,1073b69d29e5,known,0.08,0.0481093,0.633333,0,0.373184,0.00106294,0.392227,0.00248853,-789.693,-26.3231,30184.4,9295.41,0.361884,0.123044,0.588446,0.0800856,2.66952
5ec9a4d9d190,7,"start: Known start, range_std: 0.08",labdesktop,2026-09-20T09:56:39+00:00,1073b69d29e5,known,0.08,0.0490368,0.6,0,0.393361,0.00116865,0.409424,0.0255791,12.7336,0.424452,183.322,86.0143,0.0966153,0.0523863,0.148223,0.079465,2.64883
c3f91586ad44,8,"start: Known start, range_std: 0.08",labdesktop,2026-09-20T09:56:39+00:00,1073b69d29e5,known,0.08,0.0525889,0.633333,0,0.428947,0.00126001,0.372124,0.00207124,-1361.57,-45.3858,102412,9028.93,0.499145,0.182142,0.869752,0.0457146,1.52382
2f69df0727f4,9,"start: Known start, range_std: 0.08",labdesktop,2026-09-20T09:56:39+00:00,1073b69d29e5,known,0.08,0.046873,0.533333,0,0.377844,0.00132957,0.410524,0.00111722,-536.926,-17.8975,12882,6842.35,0.282105,0.11868,0.412037,0.0412636,1.37545
c6b3c70e5587,10,"start: Known start, range_std: 0.08",labdesktop,2026-09-20T09:56:39+00:00,1073b69d29e5,known,0.08,0.0435798,0.566667,0,0.456529,0.00135995,0.428859,0.0381381,49.8984,1.66328,11.2408,10.8066,0.0632509,0.0617547,0.0352419,0.0429105,1.43035
e239561b1303,11,"start: Known start, range_std: 0.08",labdesktop,2026-09-20T09:56:39+00:00,1073b69d29e5,known,0.08,0.0467047,0.466667,0,0.406536,0.00162489,0.467299,0.00490198,8.75506,0.291835,71.8339,63.9211,0.0786306,0.0500906,0.0803608,0.0397653,1.32551
f7244d347786,12,"start: Known start, range_std: 0.08",labdesktop,2026-09-20T09:56:39+00:00,1073b69d29e5,known,0.08,0.0385976,0.633333,0,0.458132,0.00109637,0.422822,0.0453749,-77.4326,-2.58109,223.836,119.878,0.0963025,0.0404123,0.079725,0.0790431,2.63477
5efab986da29,13,"start: Known start, range_std: 0.08",labdesktop,2026-09-20T09:56:39+00:00,1073b69d29e5,known,0.08,0.0666036,0.6,0,0.411111,0.000865492,0.466417,0.00327738,26.1257,0.870858,44.3641,43.8028,0.0979698,0.0591619,0.0392917,0.0780478,2.60159
ec1aaca430b8,14,"start: Known start, range_std: 0.08",labdesktop,2026-09-20T09:56:39+00:00,1073b69d29e5,known,0.08,0.0432197,0.666667,0,0.388075,0.000872846,0.376214,0.00265576,-157.459,-5.24864,135.39,72.0078,0.115843,0.0746111,0.0944335,0.0801919,2.67306
c25f3ae10234,15,"start: Known start, range_std: 0.08",labdesktop,2026-09-20T09:56:39+00:00,1073b69d29e5,known,0.08,0.0427043,0.5,0,0.449267,0.00133535,0.481526,0.0411203,118.591,3.95303,12.5865,9.45425,0.0609448,0.0327522,0.0145162,0.0745331,2.48444
81b319cdc137,16,"start: Known start, range_std: 0.08",labdesktop,2026-09-20T09:56:39+00:00,1073b69d29e5,known,0.08,0.0500728,0.4,0,0.368042,0.00156548,0.505332,0.0020779,79.9435,2.66478,13.1437,3.1041,0.0622013,0.0540809,0.0128105,0.0703825,2.34608
a1b2ab3015d4,17,"start: Known start, range_std: 0.08",labdesktop,2026-09-20T09:56:39+00:00,1073b69d29e5,known,0.08,0.0531297,0.566667,0,0.381,0.00103766,0.45369,0.00166925,-30.1831,-1.0061,38.807,14.113,0.0620299,0.068757,0.0387486,0.0765642,2.55214
eee5f0c0ed7b,18,"start: Known start, range_std: 0.08",labdesktop,2026-09-20T09:56:39+00:00,1073b69d29e5,known,0.08,0.0435724,0.666667,0,0.378875,0.000934189,0.389178,0.00674518,-90.2698,-3.00899,208.184,225.506,0.141406,0.0744048,0.176082,0.0807736,2.69245
8ebeaa524f5f,19,"start: Known start, range_std: 0.08",labdesktop,2026-09-20T09:56:39+00:00,1073b69d29e5,known,0.08,0.0438331,0.5,0,0.408167,0.00129245,0.454816,0.0235576,41.3751,1.37917,251.287,103.573,0.106253,0.076752,0.133049,0.0753309,2.51103
2b552e71c7f5,0,"start: Known start, range_std: 0.107",labdesktop,2026-09-20T09:56:39+00:00,1073b69d29e5,known,0.107,0.0449431,0.466667,0,0.420107,0.00150308,0.454455,0.0266708,133.161,4.43869,3.01401,2.62359,0.050467,0.0501274,0.019033,0.039756,1.3252
7b95cdcfdd61,1,"start: Known start, range_std: 0.107",labdesktop,2026-09-20T09:56:39+00:00,1073b69d29e5,known,0.107,0.0549292,0.533333,0,0.480531,0.00110303,0.499646,0.104184,158.053,5.26842,3.83046,3.08477,0.0596282,0.059043,0.0152928,0.0417525,1.39175
d275864d36b0,2,"start: Known start, range_std: 0.107",labdesktop,2026-09-20T09:56:39+00:00,1073b69d29e5,known,0.107,0.0545054,0.5,0,0.434033,0.00118062,0.488851,0.00824382,3.23623,0.107874,410.979,206.754,0.13045,0.086645,0.19719,0.0414444,1.38148
f855c59930d4,3,"start: Known start, range_std: 0.107",labdesktop,2026-09-20T09:56:39+00:00,1073b69d29e5,known,0.107,0.0384789,0.6,0,0.497528,0.00138134,0.460179,0.068469,132.726,4.42421,11.6038,10.2857,0.0615623,0.0324678,0.0462334,0.045151,1.50503
1706d0d5324c,4,"start: Known start, range_std: 0.107",labdesktop,2026-09-20T09:56:39+00:00,1073b69d29e5,known,0.107,0.0406735,0.433333,0,0.411462,0.00111894,0.499259,0.0724592,111.846,3.72819,13.6199,13.7029,0.0578118,0.0408903,0.0598242,0.072452,2.41507
a8e1f2560881,5,"start: Known start, range_std: 0.107",labdesktop,2026-09-20T09:56:39+00:00,1073b69d29e5,known,0.107,0.0564729,0.566667,0,0.456059,0.0012059,0.459538,0.00176361,-154.391,-5.14636,6995.97,1639.47,0.284608,0.130312,0.46266,0.0770139,2.56713
615b21764ef1,6,"start: Known start, range_std: 0.107",labdesktop,2026-09-20T09:56:39+00:00,1073b69d29e5,known,0.107,0.0729751,0.5,0,0.343033,0.00121483,0.457861,0.0154899,123.916,4.13052,41.6495,28.1516,0.0775781,0.0713689,0.0758511,0.0728094,2.42698
5bdac3c7f099,7,"start: Known start, range_std: 0.107",labdesktop,2026-09-20T09:56:39+00:00,1073b69d29e5,known,0.107,0.0456789,0.5,0,0.434433,0.00121938,0.481014,0.0494259,146.641,4.88804,4.98007,4.43697,0.062106,0.0484139,0.058427,0.0744267,2.48089
e59286c6e50a,8,"start: Known start, range_std: 0.107",labdesktop,2026-09-20T09:56:39+00:00,1073b69d29e5,known,0.107,0.0684169,0.533333,0,0.436156,0.00106905,0.486822,0.0346709,-99.5709,-3.31903,4787.16,671.022,0.276245,0.133918,0.445405,0.0424351,1.4145
12b447846d12,9,"start: Known start, range_std: 0.107",labdesktop,2026-09-20T09:56:39+00:00,1073b69d29e5,known,0.107,0.0528751,0.466667,0,0.443143,0.00107368,0.533489,0.00544758,68.0404,2.26801,188.392,193.7,0.122346,0.0802566,0.103107,0.0396199,1.32066
a309ed74ce70,10,"start: Known start, range_std: 0.107",labdesktop,2026-09-20T09:56:39+00:00,1073b69d29e5,known,0.107,0.0366852,0.466667,0,0.472821,0.00126857,0.504802,0.147032,159.529,5.31763,6.00999,5.87224,0.0536642,0.0478472,0.0267718,0.0418594,1.39531
590461afadc8,11,"start: Known start, range_std: 0.107",labdesktop,2026-09-20T09:56:39+00:00,1073b69d29e5,known,0.107,0.0476706,0.366667,0,0.453182,0.00151699,0.499506,0.0800342,150.088,5.00292,6.40702,5.09868,0.049028,0.0399765,0.047167,0.0364831,1.2161
c7c9afba43af,12,"start: Known start, range_std: 0.107",labdesktop,2026-09-20T09:56:39+00:00,1073b69d29e5,known,0.107,0.0438023,0.466667,0,0.428679,0.00120291,0.493419,0.0261624,89.4475,2.98158,21.0335,19.9188,0.0813838,0.0339061,0.0593745,0.0717725,2.39242
06ac82f8b098,13,"start: Known start, range_std: 0.107",labdesktop,2026-09-20T09:56:39+00:00,1073b69d29e5,known,0.107,0.0544398,0.433333,0,0.481346,0.00106423,0.543748,0.0209216,153.444,5.11481,11.1715,9.23284,0.0805498,0.052171,0.0489056,0.0703839,2.34613
4eacb3b70628,14,"start: Known start, range_std: 0.107",labdesktop,2026-09-20T09:56:39+00:00,1073b69d29e5,known,0.107,0.0510222,0.6,0,0.430806,0.00114428,0.448939,0.0239609,51.8961,1.72987,13.7205,11.4259,0.0870461,0.0572,0.0312043,0.0747541,2.4918
176928c7bc8c,15,"start: Known start, range_std: 0.107",labdesktop,2026-09-20T09:56:39+00:00,1073b69d29e5,known,0.107,0.0403132,0.366667,0,0.486273,0.00106679,0.598852,0.11131,193.365,6.44551,9.55048,8.5924,0.0648348,0.0270922,0.0107744,0.0673374,2.24458
8726830f38af,16,"start: Known start, range_std: 0.107",labdesktop,2026-09-20T09:56:39+00:00,1073b69d29e5,known,0.107,0.0580027,0.433333,0,0.428808,0.00110476,0.523905,0.0404321,175.267,5.84224,19.8464,12.9075,0.0819694,0.050508,0.0249393,0.0376266,1.25422
edacd9c116a3,17,"start: Known start, range_std: 0.107",labdesktop,2026-09-20T09:56:39+00:00,1073b69d29e5,known,0.107,0.0570507,0.433333,0,0.350192,0.00127898,0.467117,0.0151831,113.997,3.79989,8.94036,6.54991,0.0705132,0.060947,0.0441638,0.0379581,1.26527
7dbd439a1f58,18,"start: Known start, range_std: 0.107",labdesktop,2026-09-20T09:56:39+00:00,1073b69d29e5,known,0.107,0.0429114,0.5,0,0.4112,0.00118369,0.461613,0.0494454,97.2828,3.24276,29.9634,22.1173,0.102559,0.0618914,0.113612,0.0407545,1.35848
3cfb09754942,19,"start: Known start, range_std: 0.107",labdesktop,2026-09-20T09:56:39+00:00,1073b69d29e5,known,0.107,0.0480444,0.4,0,0.437917,0.00124684,0.50971,0.0247987,174.224,5.80746,11.3827,10.7625,0.0676368,0.0628034,0.0458081,0.0363557,1.21186
2c6795534982,0,"start: Known start, range_std: 0.142",labdesktop,2026-09-20T09:56:39+00:00,1073b69d29e5,known,0.142,0.0401665,0.366667,0,0.473909,0.00114578,0.583128,0.112538,188.857,6.29523,1.45647,1.2389,0.0439469,0.0465433,0.0153314,0.0685971,2.28657
dbe2a00bb6e0,1,"start: Known start, range_std: 0.142",labdesktop,2026-09-20T09:56:39+00:00,1073b69d29e5,known,0.142,0.0475269,0.433333,0,0.492115,0.00109519,0.554055,0.177411,203.769,6.79231,2.08145,1.60067,0.0504037,0.0456196,0.0165807,0.0715635,2.38545
cfaa9af60d81,2,"start: Known start, range_std: 0.142",labdesktop,2026-09-20T09:56:39+00:00,1073b69d29e5,known,0.142,0.0537255,0.366667,0,0.441864,0.00125013,0.561026,0.0187625,149.011,4.96704,43.6406,49.7567,0.0830769,0.0625004,0.0304754,0.0665128,2.21709
33966f305f92,3,"start: Known start, range_std: 0.142",labdesktop,2026-09-20T09:56:39+00:00,1073b69d29e5,known,0.142,0.0370419,0.4,0,0.491708,0.00116156,0.561067,0.0521157,186.78,6.226,6.26153,5.64095,0.0613416,0.02642,0.0204401,0.0714155,2.38052
d01c9ce12f8f,4,"start: Known start, range_std: 0.142",labdesktop,2026-09-20T09:56:39+00:00,1073b69d29e5,known,0.142,0.0392202,0.366667,0,0.469409,0.00114434,0.561998,0.0513868,176.234,5.87446,10.3058,10.2774,0.0527982,0.0363444,0.0347126,0.0365229,1.21743
04c5f42a9356,5,"start: Known start, range_std: 0.142",labdesktop,2026-09-20T09:56:39+00:00,1073b69d29e5,known,0.142,0.0568608,0.366667,0,0.446364,0.00135972,0.55337,0.00287665,186.225,6.20749,6.11866,5.28681,0.071031,0.0825533,0.0191962,0.0355263,1.18421
373ca7873f81,6,"start: Known start, range_std: 0.142",labdesktop,2026-09-20T09:56:39+00:00,1073b69d29e5,known,0.142,0.0529446,0.4,0,0.482708,0.00110656,0.556291,0.127251,188.933,6.29776,5.65169,5.55729,0.0610855,0.0548384,0.0296316,0.0364811,1.21604
3445f46ef3df,7,"start: Known start, range_std: 0.142",labdesktop,2026-09-20T09:56:39+00:00,1073b69d29e5,known,0.142,0.0434436,0.433333,0,0.510231,0.00102366,0.58555,0.20817,198.451,6.61504,3.51838,3.27922,0.0652043,0.0473887,0.0644024,0.0713706,2.37902
06e90fdaaf5c,8,"start: Known start, range_std: 0.142",labdesktop,2026-09-20T09:56:39+00:00,1073b69d29e5,known,0.142,0.0817429,0.4,0,0.432083,0.00112326,0.551182,0.0728396,141.556,4.71852,245.183,107.481,0.162824,0.112465,0.19633,0.0694373,2.31458
636e55833fc3,9,"start: Known start, range_std: 0.142",labdesktop,2026-09-20T09:56:39+00:00,1073b69d29e5,known,0.142,0.0578677,0.533333,0,0.504406,0.000955949,0.52032,0.0676997,173.566,5.78555,4.16315,3.76431,0.0739637,0.062963,0.0871018,0.0736193,2.45398
5e873b517575,10,"start: Known start, range_std: 0.142",labdesktop,2026-09-20T09:56:39+00:00,1073b69d29e5,known,0.142,0.0310018,0.3,0,0.506333,0.00124765,0.583519,0.202537,204.785,6.82618,3.63587,3.42473,0.0452822,0.0363426,0.0232115,0.0655647,2.18549
838ea42793f9,11,"start: Known start, range_std: 0.142",labdesktop,2026-09-20T09:56:39+00:00,1073b69d29e5,known,0.142,0.0419529,0.3,0,0.460444,0.00140514,0.569563,0.189621,201.622,6.72074,5.3557,3.5566,0.0439047,0.034878,0.0302192,0.033099,1.1033
1fed2195bb54,12,"start: Known start, range_std: 0.142",labdesktop,2026-09-20T09:56:39+00:00,1073b69d29e5,known,0.142,0.0362468,0.333333,0,0.45595,0.00125002,0.568455,0.145865,162.729,5.42429,10.7551,9.67942,0.0673406,0.0351717,0.0609318,0.0341365,1.13788
714c5741db72,13,"start: Known start, range_std: 0.142",labdesktop,2026-09-20T09:56:39+00:00,1073b69d29e5,known,0.142,0.0499478,0.3,0,0.426222,0.00114306,0.580558,0.134455,203.604,6.7868,7.23034,6.45145,0.0773641,0.0472766,0.0538001,0.0327599,1.092
3b28f1aade3f,14,"start: Known start, range_std: 0.142",labdesktop,2026-09-20T09:56:39+00:00,1073b69d29e5,known,0.142,0.0450434,0.5,0,0.493067,0.000914774,0.541942,0.15073,142.671,4.75569,7.64701,6.83101,0.0828197,0.0440087,0.0374919,0.0411875,1.37292
178d1b5b5326,15,"start: Known start, range_std: 0.142",labdesktop,2026-09-20T09:56:39+00:00,1073b69d29e5,known,0.142,0.0395657,0.266667,0,0.490438,0.00117489,0.622529,0.195193,220.525,7.35082,6.43204,6.6649,0.0665419,0.0242653,0.00923419,0.064065,2.1355
f4dacad3ed57,16,"start: Known start, range_std: 0.142",labdesktop,2026-09-20T09:56:39+00:00,1073b69d29e5,known,0.142,0.0463082,0.433333,0,0.505654,0.000949711,0.572574,0.180139,218.775,7.2925,3.5016,2.28133,0.0608249,0.03792,0.0273715,0.0703476,2.34492
dc1462de3e79,17,"start: Known start, range_std: 0.142",labdesktop,2026-09-20T09:56:39+00:00,1073b69d29e5,known,0.142,0.0525805,0.366667,0,0.422545,0.00123672,0.557475,0.0526822,174.379,5.81265,2.64632,1.64928,0.0642613,0.0482004,0.0507198,0.0678877,2.26292
54b4a15632a3,18,"start: Known start, range_std: 0.142",labdesktop,2026-09-20T09:56:39+00:00,1073b69d29e5,known,0.142,0.0419464,0.433333,0,0.484231,0.00152519,0.505929,0.0825175,170.648,5.68827,8.73439,8.20409,0.0840013,0.0512554,0.0801094,0.0661766,2.20589
a79693efbaa2,19,"start: Known start, range_std: 0.142",labdesktop,2026-09-20T09:56:39+00:00,1073b69d29e5,known,0.142,0.0495325,0.366667,0,0.478045,0.00120181,0.556904,0.132821,210.893,7.02978,5.13114,4.76119,0.065413,0.0564481,0.0364249,0.0357264,1.19088
a5e9b6b1b030,0,"start: Known start, range_std: 0.19",labdesktop,2026-09-20T09:56:39+00:00,1073b69d29e5,known,0.19,0.0377967,0.233333,0,0.465357,0.00126668,0.617137,0.254439,205.875,6.86251,0.912205,0.77683,0.0400596,0.0403194,0.0171136,0.0302794,1.00931
612838bdbfb9,1,"start: Known start, range_std: 0.19",labdesktop,2026-09-20T09:56:39+00:00,1073b69d29e5,known,0.19,0.0444522,0.3,0,0.500611,0.00151968,0.562067,0.234937,215.381,7.17936,1.06909,0.777034,0.048047,0.0410197,0.0160633,0.0327883,1.09294
bda193c9e155,2,"start: Known start, range_std: 0.19",labdesktop,2026-09-20T09:56:39+00:00,1073b69d29e5,known,0.19,0.051573,0.266667,0,0.446187,0.00115363,0.628379,0.0669603,188.319,6.2773,10.8493,9.46504,0.0804497,0.041377,0.042547,0.0320832,1.06944
7c2f1210c55f,3,"start: Known start, range_std: 0.19",labdesktop,2026-09-20T09:56:39+00:00,1073b69d29e5,known,0.19,0.0368218,0.3,0,0.521889,0.00125133,0.611151,0.159743,203.62,6.78735,5.32498,4.57094,0.0625782,0.0247067,0.0223929,0.033039,1.1013
45c4eb79d08f,4,"start: Known start, range_std: 0.19",labdesktop,2026-09-20T09:56:39+00:00,1073b69d29e5,known,0.19,0.0420069,0.233333,0,0.464,0.00117516,0.620059,0.23717,199.28,6.64268,5.10701,5.34908,0.0538323,0.0373171,0.0372558,0.0309241,1.0308
66072892029f,5,"start: Known start, range_std: 0.19",labdesktop,2026-09-20T09:56:40+00:00,1073b69d29e5,known,0.19,0.0497186,0.233333,0,0.427429,0.00115909,0.634678,0.0512771,210.129,7.00431,1.29461,1.04369,0.0522073,0.0616394,0.019234,0.0614699,2.049
ad6707d6c1eb,6,"start: Known start, range_std: 0.19",labdesktop,2026-09-20T09:56:40+00:00,1073b69d29e5,known,0.19,0.0462247,0.366667,0,0.488227,0.00119272,0.566797,0.0963287,208.19,6.93968,3.72946,3.67449,0.0585081,0.044077,0.0213517,0.0673187,2.24396
87128007132f,7,"start: Known start, range_std: 0.19",labdesktop,2026-09-20T09:56:40+00:00,1073b69d29e5,known,0.19,0.0462037,0.3,0,0.524556,0.00124284,0.607705,0.249325,213.352,7.11175,3.4585,3.20397,0.073464,0.0492588,0.0813901,0.0634211,2.11404
9c402ee3cee6,8,"start: Known start, range_std: 0.19",labdesktop,2026-09-20T09:56:40+00:00,1073b69d29e5,known,0.19,0.0914991,0.333333,0,0.4594,0.00103708,0.622961,0.146137,189.703,6.32343,7.62166,6.89566,0.107512,0.0945567,0.0397554,0.061904,2.06347
2f8584f383b2,9,"start: Known start, range_std: 0.19",labdesktop,2026-09-20T09:56:40+00:00,1073b69d29e5,known,0.19,0.0464768,0.4,0,0.513125,0.00103403,0.59108,0.263768,195.466,6.51553,1.3668,0.88835,0.0536186,0.0458875,0.0470117,0.0364776,1.21592
f1b27d37d15c,10,"start: Known start, range_std: 0.19",labdesktop,2026-09-20T09:56:40+00:00,1073b69d29e5,known,0.19,0.0278146,0.266667,0,0.527188,0.00122021,0.61547,0.258066,216.283,7.20943,2.3824,2.21236,0.0416417,0.0268221,0.0257116,0.0321079,1.07026
e57fd2351593,11,"start: Known start, range_std: 0.19",labdesktop,2026-09-20T09:56:40+00:00,1073b69d29e5,known,0.19,0.0335929,0.233333,0,0.499571,0.0012413,0.620739,0.246011,215.882,7.19607,3.61621,3.26377,0.0378747,0.0311049,0.0292656,0.0301044,1.00348
2b835fe22c92,12,"start: Known start, range_std: 0.19",labdesktop,2026-09-20T09:56:40+00:00,1073b69d29e5,known,0.19,0.0374406,0.3,0,0.503444,0.00109161,0.639897,0.218138,190.915,6.36383,7.21936,6.6884,0.0632214,0.0404808,0.0567485,0.0330357,1.10119
855ece38b126,13,"start: Known start, range_std: 0.19",labdesktop,2026-09-20T09:56:40+00:00,1073b69d29e5,known,0.19,0.0476697,0.3,0,0.510333,0.00111982,0.616586,0.250664,217.35,7.24501,4.32118,3.75962,0.0737863,0.0448244,0.0612862,0.0330321,1.10107
8041b439aa49,14,"start: Known start, range_std: 0.19",labdesktop,2026-09-20T09:56:40+00:00,1073b69d29e5,known,0.19,0.042434,0.366667,0,0.506955,0.00116941,0.588697,0.248475,180.837,6.02791,4.15991,3.50421,0.0765831,0.037196,0.0315231,0.0645364,2.15121
0618af70ca99,15,"start: Known start, range_std: 0.19",labdesktop,2026-09-20T09:56:40+00:00,1073b69d29e5,known,0.19,0.041534,0.266667,0,0.504125,0.00104559,0.645022,0.262347,220.703,7.35675,6.40699,7.55211,0.074064,0.029545,0.00114446,0.0317456,1.05819
3c175fa9cb72,16,"start: Known start, range_std: 0.19",labdesktop,2026-09-20T09:56:40+00:00,1073b69d29e5,known,0.19,0.039716,0.266667,0,0.488125,0.0011519,0.608082,0.210554,228.549,7.61829,2.59069,1.71197,0.0516324,0.0329256,0.0182279,0.062413,2.08043
12667227ceda,17,"start: Known start, range_std: 0.19",labdesktop,2026-09-20T09:56:40+00:00,1073b69d29e5,known,0.19,0.0569088,0.3,0,0.432389,0.00104873,0.606768,0.0319081,194.698,6.48993,2.15678,1.22215,0.0653246,0.043112,0.0329665,0.0634711,2.1157
e41032b9b30a,18,"start: Known start, range_std: 0.19",labdesktop,2026-09-20T09:56:40+00:00,1073b69d29e5,known,0.19,0.0365673,0.266667,0,0.493812,0.00124946,0.618968,0.256059,196.964,6.56546,7.09001,5.13954,0.0807248,0.0419311,0.086767,0.0612275,2.04092
49eca071388f,19,"start: Known start, range_std: 0.19",labdesktop,2026-09-20T09:56:40+00:00,1073b69d29e5,known,0.19,0.0486769,0.3,0,0.454667,0.00120283,0.587886,0.154599,217.175,7.23917,3.19466,2.85707,0.0632953,0.0475294,0.0404582,0.0330252,1.10084
fd6b74192245,0,"start: Known start, range_std: 0.253",labdesktop,2026-09-20T09:56:40+00:00,1073b69d29e5,known,0.253,0.036632,0.233333,0,0.506286,0.00108795,0.663717,0.316205,200.683,6.68944,0.702348,0.699393,0.0381907,0.0356784,0.0105154,0.0304304,1.01435
4069b1b1198d,1,"start: Known start, range_std: 0.253",labdesktop,2026-09-20T09:56:40+00:00,1073b69d29e5,known,0.253,0.0453093,0.3,0,0.514944,0.00101386,0.64833,0.25459,206.547,6.8849,0.838518,0.557263,0.0492444,0.0386549,0.0260738,0.0338174,1.12725
bf27f942ea48,2,"start: Known start, range_std: 0.253",labdesktop,2026-09-20T09:56:40+00:00,1073b69d29e5,known,0.253,0.0497624,0.3,0,0.488333,0.00123068,0.621347,0.127745,188.244,6.27479,5.16479,5.51356,0.0798614,0.0396847,0.02825,0.033333,1.1111
ea6a28d04c37,3,"start: Known start, range_std: 0.253",labdesktop,2026-09-20T09:56:40+00:00,1073b69d29e5,known,0.253,0.0413762,0.266667,0,0.526875,0.00112091,0.635775,0.253625,198.132,6.6044,4.3482,3.5147,0.06576,0.0258355,0.0253621,0.0610419,2.03473
0b602db138f5,4,"start: Known start, range_std: 0.253",labdesktop,2026-09-20T09:56:40+00:00,1073b69d29e5,known,0.253,0.0503577,0.266667,0,0.503313,0.00110549,0.63212,0.271501,197.041,6.56803,4.25612,4.17742,0.0600016,0.0409758,0.0261955,0.0634909,2.11636
1809958f7439,5,"start: Known start, range_std: 0.253",labdesktop,2026-09-20T09:56:40+00:00,1073b69d29e5,known,0.253,0.043232,0.3,0,0.499167,0.00116101,0.630955,0.13589,205.348,6.84493,1.14618,0.880337,0.0459724,0.0443304,0.00768911,0.0637846,2.12615
1197c5bc06bd,6,"start: Known start, range_std: 0.253",labdesktop,2026-09-20T09:56:40+00:00,1073b69d29e5,known,0.253,0.0424877,0.3,0,0.5055,0.00104691,0.633314,0.273188,204.325,6.81084,2.92202,2.83135,0.0592266,0.0375914,0.0252561,0.0616121,2.05374
ccb683ea8021,7,"start: Known start, range_std: 0.253",labdesktop,2026-09-20T09:56:40+00:00,1073b69d29e5,known,0.253,0.0504147,0.333333,0,0.52045,0.00111422,0.61605,0.285371,206.69,6.88967,3.9925,3.6931,0.0860625,0.051766,0.0903666,0.0347069,1.1569
ae8a34a980e6,8,"start: Known start, range_std: 0.253",labdesktop,2026-09-20T09:56:40+00:00,1073b69d29e5,known,0.253,0.0879272,0.266667,0,0.463437,0.0010375,0.620838,0.242382,189.742,6.32473,4.76076,4.3905,0.0924578,0.078584,0.0189192,0.0323376,1.07792
fdaa44ec53e5,9,"start: Known start, range_std: 0.253",labdesktop,2026-09-20T09:56:40+00:00,1073b69d29e5,known,0.253,0.0392997,0.333333,0,0.5297,0.00122832,0.596878,0.312136,193.632,6.45441,0.577138,0.383331,0.0413268,0.033817,0.0233887,0.034273,1.14243
6d1a1ba96155,10,"start: Known start, range_std: 0.253",labdesktop,2026-09-20T09:56:40+00:00,1073b69d29e5,known,0.253,0.0279727,0.266667,0,0.512437,0.00112007,0.630393,0.310661,207.839,6.92796,1.88291,1.75919,0.0422171,0.0220703,0.0324241,0.0315555,1.05185
261d75d7e6d7,11,"start: Known start, range_std: 0.253",labdesktop,2026-09-20T09:56:40+00:00,1073b69d29e5,known,0.253,0.0296445,0.233333,0,0.526214,0.00121375,0.65237,0.29683,208.844,6.96147,3.48327,3.12885,0.0374578,0.0315436,0.0284569,0.0302494,1.00831
7545be8d4209,12,"start: Known start, range_std: 0.253",labdesktop,2026-09-20T09:56:40+00:00,1073b69d29e5,known,0.253,0.0431192,0.266667,0,0.493,0.00102691,0.646568,0.249864,191.949,6.39832,4.70029,3.99535,0.062416,0.0433882,0.045596,0.0321378,1.07126
c2e508a171d6,13,"start: Known start, range_std: 0.253",labdesktop,2026-09-20T09:56:40+00:00,1073b69d29e5,known,0.253,0.046703,0.3,0,0.524278,0.00132909,0.596458,0.309412,210.43,7.01432,2.59422,2.30046,0.067803,0.0420632,0.0440273,0.0605819,2.0194
e9c6cb83f2ed,14,"start: Known start, range_std: 0.253",labdesktop,2026-09-20T09:56:40+00:00,1073b69d29e5,known,0.253,0.0433444,0.266667,0,0.517875,0.0012389,0.633025,0.293083,186.98,6.23267,2.82508,2.02642,0.0750767,0.0330116,0.0341739,0.0319537,1.06512
4dfc15d5be25,15,"start: Known start, range_std: 0.253",labdesktop,2026-09-20T09:56:40+00:00,1073b69d29e5,known,0.253,0.0497968,0.266667,0,0.513313,0.00104664,0.635247,0.321708,206.193,6.87309,4.73024,5.53502,0.0806954,0.035507,0.00147794,0.0620372,2.06791
4014123f5ee2,16,"start: Known start, range_std: 0.253",labdesktop,2026-09-20T09:56:40+00:00,1073b69d29e5,known,0.253,0.0395729,0.266667,0,0.481438,0.00104061,0.623327,0.160014,218.904,7.29681,2.56872,2.07715,0.0520332,0.0325709,0.01925,0.0327459,1.09153
02d1635acf3f,17,"start: Known start, range_std: 0.253",labdesktop,2026-09-20T09:56:40+00:00,1073b69d29e5,known,0.253,0.0597041,0.3,0,0.486111,0.000980646,0.624378,0.049194,190.758,6.35862,1.95938,1.09423,0.0735913,0.0425246,0.0491318,0.0623482,2.07827
9b465e29a0d2,18,"start: Known start, range_std: 0.253",labdesktop,2026-09-20T09:56:40+00:00,1073b69d29e5,known,0.253,0.0354122,0.266667,0,0.523625,0.00110694,0.656974,0.30688,196.052,6.53507,5.81492,3.85004,0.0819835,0.0376033,0.0968707,0.060289,2.00963
8f3f0e1331c1,19,"start: Known start, range_std: 0.253",labdesktop,2026-09-20T09:56:40+00:00,1073b69d29e5,known,0.253,0.0472724,0.333333,0,0.5227,0.00114788,0.612597,0.247295,205.476,6.84922,2.721,2.40411,0.0657034,0.044523,0.0483376,0.0349898,1.16633
161a5be6d6d3,0,"start: Known start, range_std: 0.337",labdesktop,2026-09-20T09:56:40+00:00,1073b69d29e5,known,0.337,0.0381084,0.233333,0,0.514071,0.00118973,0.642914,0.346065,182.844,6.09478,0.616336,0.469117,0.0395963,0.0331462,0.0195606,0.0307249,1.02416
cb0675a7abb1,1,"start: Known start, range_std: 0.337",labdesktop,2026-09-20T09:56:40+00:00,1073b69d29e5,known,0.337,0.0461323,0.3,0,0.497944,0.00111116,0.637471,0.238077,187.052,6.23507,0.744393,0.574128,0.0502968,0.0353115,0.0390223,0.0331238,1.10413
d8c2c804544e,2,"start: Known start, range_std: 0.337",labdesktop,2026-09-20T09:56:40+00:00,1073b69d29e5,known,0.337,0.0620275,0.266667,0,0.496938,0.00122628,0.619044,0.16868,176.466,5.8822,2.41455,2.0179,0.0808289,0.0391319,0.0205043,0.0317206,1.05735
c2991d695ba5,3,"start: Known start, range_std: 0.337",labdesktop,2026-09-20T09:56:40+00:00,1073b69d29e5,known,0.337,0.0445241,0.3,0,0.536667,0.00107939,0.637946,0.274625,179.96,5.99865,3.9498,3.5321,0.0696863,0.0275226,0.022289,0.0333431,1.11144
3d4e71a9be4f,4,"start: Known start, range_std: 0.337",labdesktop,2026-09-20T09:56:40+00:00,1073b69d29e5,known,0.337,0.0587321,0.233333,0,0.477214,0.00112022,0.613233,0.172349,181.3,6.04335,4.58398,4.50636,0.0691708,0.0460998,0.0385703,0.031539,1.0513
d2661e26db61,5,"start: Known start, range_std: 0.337",labdesktop,2026-09-20T09:56:40+00:00,1073b69d29e5,known,0.337,0.0383722,0.2,0,0.474333,0.00120791,0.641064,0.223625,188.845,6.29482,1.19215,0.92415,0.0425362,0.0356097,0.0115644,0.0593929,1.97976
265fe42aacc0,6,"start: Known start, range_std: 0.337",labdesktop,2026-09-20T09:56:40+00:00,1073b69d29e5,known,0.337,0.0397379,0.3,0,0.540611,0.000993367,0.659478,0.327786,187.472,6.24905,2.83623,2.96823,0.0631071,0.0337006,0.02398,0.0615727,2.05242
13311d81599f,7,"start: Known start, range_std: 0.337",labdesktop,2026-09-20T09:56:40+00:00,1073b69d29e5,known,0.337,0.0566393,0.366667,0,0.532864,0.00102787,0.628438,0.278589,187.173,6.2391,6.61104,5.84028,0.106628,0.0547091,0.130276,0.0663323,2.21108
46ef73b52b3d,8,"start: Known start, range_std: 0.337",labdesktop,2026-09-20T09:56:40+00:00,1073b69d29e5,known,0.337,0.0760872,0.266667,0,0.5035,0.00105854,0.627922,0.28293,174.209,5.80696,4.47399,4.40137,0.0873333,0.0622552,0.0149452,0.0324423,1.08141
4f0b024deaa3,9,"start: Known start, range_std: 0.337",labdesktop,2026-09-20T09:56:40+00:00,1073b69d29e5,known,0.337,0.0413631,0.266667,0,0.534563,0.00122511,0.617314,0.282315,177.918,5.93061,0.610979,0.464915,0.0421432,0.0300404,0.0185764,0.0588309,1.96103
77a3d314ea5b,10,"start: Known start, range_std: 0.337",labdesktop,2026-09-20T09:56:40+00:00,1073b69d29e5,known,0.337,0.0302914,0.233333,0,0.520429,0.00103372,0.66154,0.355104,188.49,6.28299,1.81515,1.83441,0.0489617,0.0196983,0.0479649,0.0305791,1.0193
1aa6bbbab9c6,11,"start: Known start, range_std: 0.337",labdesktop,2026-09-20T09:56:40+00:00,1073b69d29e5,known,0.337,0.0312907,0.2,0,0.5125,0.00121387,0.631739,0.336462,190.037,6.33457,3.70385,3.55023,0.0416968,0.0337902,0.0243376,0.029111,0.970368
5083c6bf9aea,12,"start: Known start, range_std: 0.337",labdesktop,2026-09-20T09:56:40+00:00,1073b69d29e5,known,0.337,0.0513413,0.233333,0,0.4805,0.00112006,0.626843,0.257581,177.775,5.92583,3.20098,2.69747,0.0689346,0.0475708,0.0484683,0.0307223,1.02408
4620748b8a91,13,"start: Known start, range_std: 0.337",labdesktop,2026-09-20T09:56:40+00:00,1073b69d29e5,known,0.337,0.0490159,0.233333,0,0.507571,0.00116316,0.630209,0.301428,191.723,6.39078,2.33462,2.01747,0.0690047,0.0424305,0.0339502,0.0307201,1.024
5dfc5501689b,14,"start: Known start, range_std: 0.337",labdesktop,2026-09-20T09:56:40+00:00,1073b69d29e5,known,0.337,0.0451337,0.266667,0,0.51825,0.00124341,0.625957,0.324157,176.11,5.87034,2.29103,1.90913,0.0754326,0.0315382,0.0442621,0.0321021,1.07007
331eca8a55ea,15,"start: Known start, range_std: 0.337",labdesktop,2026-09-20T09:56:40+00:00,1073b69d29e5,known,0.337,0.0574985,0.266667,0,0.536,0.00105345,0.644738,0.334806,183.219,6.10731,4.26908,4.87617,0.0894612,0.0436349,0.0045742,0.0321468,1.07156
590443185884,16,"start: Known start, range_std: 0.337",labdesktop,2026-09-20T09:56:40+00:00,1073b69d29e5,known,0.337,0.0440688,0.233333,0,0.490429,0.00105532,0.644009,0.231325,198.351,6.61169,2.65924,2.30983,0.0550854,0.0337104,0.0149251,0.0313359,1.04453
d0844847bf00,17,"start: Known start, range_std: 0.337",labdesktop,2026-09-20T09:56:40+00:00,1073b69d29e5,known,0.337,0.0652663,0.333333,0,0.5038,0.00110875,0.581282,0.19025,173.604,5.7868,2.09504,1.04311,0.0775915,0.0447774,0.044923,0.065861,2.19537
4ff5ba816e26,18,"start: Known start, range_std: 0.337",labdesktop,2026-09-20T09:56:40+00:00,1073b69d29e5,known,0.337,0.036437,0.266667,0,0.5185,0.00110144,0.630591,0.347462,181.409,6.04696,4.5115,3.2689,0.0816782,0.0347586,0.10348,0.0637491,2.12497
fa9442ddde4a,19,"start: Known start, range_std: 0.337",labdesktop,2026-09-20T09:56:40+00:00,1073b69d29e5,known,0.337,0.0472404,0.333333,0,0.53545,0.00109844,0.626097,0.286442,184.071,6.13569,2.08615,1.96807,0.0665332,0.0417564,0.0515757,0.0674729,2.2491
ae2ac28b5d95,0,"start: Known start, range_std: 0.45",labdesktop,2026-09-20T09:56:40+00:00,1073b69d29e5,known,0.45,0.0401529,0.266667,0,0.543438,0.00113744,0.654661,0.368125,157.541,5.25136,0.696883,0.534841,0.0448052,0.0312341,0.0143279,0.0340485,1.13495
dda96990dbce,1,"start: Known start, range_std: 0.45",labdesktop,2026-09-20T09:56:40+00:00,1073b69d29e5,known,0.45,0.0487064,0.266667,0,0.498812,0.0011883,0.622407,0.277644,160.842,5.36139,0.719258,0.579183,0.0550707,0.0385256,0.0484325,0.0589543,1.96514
04f74aece41c,2,"start: Known start, range_std: 0.45",labdesktop,2026-09-20T09:56:40+00:00,1073b69d29e5,known,0.45,0.0596242,0.3,0,0.52,0.000945925,0.665665,0.197149,153.397,5.11323,3.29733,3.21752,0.0913151,0.0378647,0.0280997,0.0336787,1.12262
fc9746e5568f,3,"start: Known start, range_std: 0.45",labdesktop,2026-09-20T09:56:40+00:00,1073b69d29e5,known,0.45,0.0496214,0.3,0,0.537556,0.000967895,0.655463,0.364296,154.694,5.15645,4.39045,4.2453,0.0740858,0.0297955,0.0228601,0.0336567,1.12189
9c5d0b87b4af,4,"start: Known start, range_std: 0.45",labdesktop,2026-09-20T09:56:40+00:00,1073b69d29e5,known,0.45,0.0683386,0.266667,0,0.526812,0.0010825,0.634655,0.287825,157.59,5.25299,4.66785,4.55374,0.0822334,0.0497466,0.0750301,0.032141,1.07137
6e30fe3424ad,5,"start: Known start, range_std: 0.45",labdesktop,2026-09-20T09:56:40+00:00,1073b69d29e5,known,0.45,0.0353687,0.2,0,0.51175,0.00125834,0.641318,0.280047,163.924,5.46412,1.26683,1.02365,0.0415013,0.0284036,0.00972608,0.0601378,2.00459
0ef58c035816,6,"start: Known start, range_std: 0.45",labdesktop,2026-09-20T09:56:40+00:00,1073b69d29e5,known,0.45,0.0403111,0.266667,0,0.522625,0.00120449,0.62482,0.364667,162.946,5.43153,2.62405,2.60277,0.0654202,0.0324825,0.0250215,0.0626831,2.08944
c3877025cbe9,7,"start: Known start, range_std: 0.45",labdesktop,2026-09-20T09:56:40+00:00,1073b69d29e5,known,0.45,0.0601062,0.366667,0,0.537545,0.00112021,0.600296,0.291325,161.937,5.39789,3.29414,2.57549,0.104764,0.0533554,0.061294,0.0657804,2.19268
8fdfca733ef6,8,"start: Known start, range_std: 0.45",labdesktop,2026-09-20T09:56:40+00:00,1073b69d29e5,known,0.45,0.0719904,0.3,0,0.542833,0.00101115,0.643133,0.320432,150.095,5.00316,3.69057,3.46949,0.0881199,0.0546386,0.0153039,0.0375732,1.25244
55327c46055b,9,"start: Known start, range_std: 0.45",labdesktop,2026-09-20T09:56:40+00:00,1073b69d29e5,known,0.45,0.0478049,0.233333,0,0.5045,0.00105465,0.660659,0.273758,153.974,5.13246,1.05975,0.693241,0.0498495,0.0312438,0.0205961,0.0309846,1.03282
fef61103b913,10,"start: Known start, range_std: 0.45",labdesktop,2026-09-20T09:56:40+00:00,1073b69d29e5,known,0.45,0.0364542,0.233333,0,0.523643,0.00120723,0.623228,0.312497,162.188,5.40628,1.798,1.92679,0.0603294,0.0199404,0.0644374,0.0308092,1.02697
8b19f9f703bd,11,"start: Known start, range_std: 0.45",labdesktop,2026-09-20T09:56:40+00:00,1073b69d29e5,known,0.45,0.0353346,0.233333,0,0.519143,0.00123808,0.610084,0.362829,164.227,5.47424,3.97121,4.02871,0.0474344,0.036249,0.0238026,0.0308159,1.0272
8ceecc83ea86,12,"start: Known start, range_std: 0.45",labdesktop,2026-09-20T09:56:40+00:00,1073b69d29e5,known,0.45,0.0601906,0.266667,0,0.477812,0.00112315,0.614603,0.252465,154.85,5.16167,3.25032,2.81332,0.0764352,0.0512136,0.0459551,0.0333762,1.11254
70e181a0e9fd,13,"start: Known start, range_std: 0.45",labdesktop,2026-09-20T09:56:40+00:00,1073b69d29e5,known,0.45,0.0518337,0.2,0,0.516417,0.00133071,0.61213,0.325946,166.135,5.53784,1.87887,1.72815,0.068784,0.0429978,0.0313907,0.0568129,1.89376
c392732d3757,14,"start: Known start, range_std: 0.45",labdesktop,2026-09-20T09:56:40+00:00,1073b69d29e5,known,0.45,0.0475163,0.266667,0,0.519937,0.00123984,0.623776,0.34136,154.561,5.15202,1.80803,1.43065,0.0767901,0.0319906,0.049967,0.0324793,1.08264
f8e2437bdfe9,15,"start: Known start, range_std: 0.45",labdesktop,2026-09-20T09:56:40+00:00,1073b69d29e5,known,0.45,0.0633684,0.266667,0,0.544375,0.00104244,0.636844,0.382113,154.958,5.16527,4.93521,5.66176,0.0923886,0.0437167,0.0161136,0.0324114,1.08038
50b68c0f6943,16,"start: Known start, range_std: 0.45",labdesktop,2026-09-20T09:56:40+00:00,1073b69d29e5,known,0.45,0.0519899,0.233333,0,0.485071,0.00113751,0.629504,0.181424,171.667,5.72223,2.97229,2.70607,0.063021,0.0338149,0.0268868,0.0312778,1.04259
f608225e78d9,17,"start: Known start, range_std: 0.45",labdesktop,2026-09-20T09:56:40+00:00,1073b69d29e5,known,0.45,0.069044,0.2,0,0.485333,0.0011725,0.621206,0.2566,149.042,4.96805,1.91402,1.16271,0.0856994,0.0487034,0.0562054,0.0294008,0.980025
4759710350e7,18,"start: Known start, range_std: 0.45",labdesktop,2026-09-20T09:56:40+00:00,1073b69d29e5,known,0.45,0.0396388,0.266667,0,0.531875,0.00104252,0.63399,0.294713,157.965,5.26551,3.41563,2.67302,0.0834174,0.0335063,0.108025,0.0611745,2.03915
2fbf91ef7c5a,19,"start: Known start, range_std: 0.45",labdesktop,2026-09-20T09:56:40+00:00,1073b69d29e5,known,0.45,0.0479503,0.333333,0,0.5344,0.00109362,0.629461,0.30748,156.953,5.23176,1.84394,1.60361,0.0702107,0.0412752,0.0664243,0.0357108,1.19036
fe1cd452786f,0,"start: Known start, range_std: 0.6",labdesktop,2026-09-20T09:56:40+00:00,1073b69d29e5,known,0.6,0.0424766,0.266667,0,0.5295,0.00116128,0.638581,0.28636,128.249,4.27496,0.833133,0.812574,0.0512287,0.0313953,0.014385,0.0618867,2.06289
9e643f368350,1,"start: Known start, range_std: 0.6",labdesktop,2026-09-20T09:56:40+00:00,1073b69d29e5,known,0.6,0.0516585,0.333333,0,0.519,0.00101347,0.651551,0.301931,130.99,4.36635,0.7637,0.65472,0.0583958,0.0365175,0.0533435,0.0614872,2.04957
bb3e010d7549,2,"start: Known start, range_std: 0.6",labdesktop,2026-09-20T09:56:40+00:00,1073b69d29e5,known,0.6,0.0592077,0.3,0,0.498944,0.00101398,0.639671,0.218674,125.286,4.1762,3.77336,3.18142,0.0997985,0.040674,0.0616299,0.0332679,1.10893
b39f03d4adca,3,"start: Known start, range_std: 0.6",labdesktop,2026-09-20T09:56:40+00:00,1073b69d29e5,known,0.6,0.0546264,0.3,0,0.532667,0.00096455,0.652447,0.356157,125.351,4.17835,4.33809,4.42291,0.0793348,0.0322495,0.0238653,0.0332529,1.10843
e22d028df02a,4,"start: Known start, range_std: 0.6",labdesktop,2026-09-20T09:56:41+00:00,1073b69d29e5,known,0.6,0.0746737,0.266667,0,0.513,0.00112423,0.610898,0.279997,129.087,4.30291,3.78577,3.70209,0.0892919,0.050873,0.0785406,0.0323579,1.0786
9e94123db7e5,5,"start: Known start, range_std: 0.6",labdesktop,2026-09-20T09:56:41+00:00,1073b69d29e5,known,0.6,0.0338408,0.2,0,0.50025,0.00122961,0.650337,0.302451,135.125,4.50416,1.47917,1.11754,0.0428852,0.0261252,0.00947492,0.0562959,1.87653
c866fa633b86,6,"start: Known start, range_std: 0.6",labdesktop,2026-09-20T09:56:41+00:00,1073b69d29e5,known,0.6,0.043222,0.3,0,0.526167,0.00119104,0.621493,0.269158,134.178,4.47261,2.34413,2.09225,0.068829,0.0317961,0.0285374,0.0335251,1.1175
c0d6538d48bb,7,"start: Known start, range_std: 0.6",labdesktop,2026-09-20T09:56:41+00:00,1073b69d29e5,known,0.6,0.0677756,0.366667,0,0.534227,0.0010023,0.625535,0.286903,133.987,4.46624,4.27532,3.97539,0.117505,0.054593,0.112137,0.0641586,2.13862
774712a613a6,8,"start: Known start, range_std: 0.6",labdesktop,2026-09-20T09:56:41+00:00,1073b69d29e5,known,0.6,0.0787893,0.333333,0,0.5198,0.00104586,0.617274,0.200175,119.999,3.99998,4.05074,3.47511,0.0961298,0.0491995,0.0239462,0.064343,2.14477
49889aef15b0,9,"start: Known start, range_std: 0.6",labdesktop,2026-09-20T09:56:41+00:00,1073b69d29e5,known,0.6,0.0557718,0.233333,0,0.499143,0.00101985,0.664998,0.293285,125.661,4.18871,1.17974,0.948421,0.0604399,0.0335811,0.0298764,0.0587145,1.95715
2236725d6e40,10,"start: Known start, range_std: 0.6",labdesktop,2026-09-20T09:56:41+00:00,1073b69d29e5,known,0.6,0.0396973,0.266667,0,0.524313,0.00103981,0.648781,0.275171,132.605,4.42016,2.32594,2.68122,0.070648,0.0216869,0.0783838,0.0329535,1.09845
d36bcfafecd5,11,"start: Known start, range_std: 0.6",labdesktop,2026-09-20T09:56:41+00:00,1073b69d29e5,known,0.6,0.0380203,0.233333,0,0.520429,0.00123355,0.613749,0.369078,134.767,4.49222,4.19199,4.16242,0.0517955,0.0381799,0.0234394,0.0302584,1.00861
40943d60bc49,12,"start: Known start, range_std: 0.6",labdesktop,2026-09-20T09:56:41+00:00,1073b69d29e5,known,0.6,0.0662707,0.266667,0,0.482625,0.001144,0.598944,0.239892,126.661,4.22202,2.48825,2.32808,0.0827403,0.0522462,0.0490755,0.0317931,1.05977
bc089d3cdf8f,13,"start: Known start, range_std: 0.6",labdesktop,2026-09-20T09:56:41+00:00,1073b69d29e5,known,0.6,0.054267,0.166667,0,0.4744,0.00134528,0.610349,0.279077,136.847,4.56156,1.66724,1.56931,0.0705401,0.0448711,0.0282577,0.0284133,0.947111
3bebda215953,14,"start: Known start, range_std: 0.6",labdesktop,2026-09-20T09:56:41+00:00,1073b69d29e5,known,0.6,0.050585,0.266667,0,0.537312,0.00127909,0.627838,0.261596,127.331,4.24437,1.81413,1.46499,0.0808072,0.0316094,0.0686091,0.0318526,1.06175
a9a61539e2e6,15,"start: Known start, range_std: 0.6",labdesktop,2026-09-20T09:56:41+00:00,1073b69d29e5,known,0.6,0.0689298,0.233333,0,0.490929,0.00116722,0.642697,0.16634,123.925,4.13083,5.80478,6.93525,0.0974923,0.0514611,0.0240309,0.0304849,1.01616
8cbcfbd9e154,16,"start: Known start, range_std: 0.6",labdesktop,2026-09-20T09:56:41+00:00,1073b69d29e5,known,0.6,0.0544524,0.233333,0,0.491286,0.00113067,0.630548,0.148986,141.722,4.72407,3.04355,2.57605,0.0674689,0.0341,0.0170214,0.0311663,1.03888
2000e9ed0e7a,17,"start: Known start, range_std: 0.6",labdesktop,2026-09-20T09:56:41+00:00,1073b69d29e5,known,0.6,0.0728449,0.233333,0,0.499357,0.00108356,0.629173,0.249178,120.406,4.01354,2.20432,1.48995,0.0954357,0.0505444,0.0771764,0.0620435,2.06812
4cc346045ae8,18,"start: Known start, range_std: 0.6",labdesktop,2026-09-20T09:56:41+00:00,1073b69d29e5,known,0.6,0.0432332,0.266667,0,0.529813,0.00112697,0.624863,0.255597,130.122,4.3374,2.72589,2.44947,0.0855973,0.033689,0.122108,0.0622854,2.07618
f67263998930,19,"start: Known start, range_std: 0.6",labdesktop,2026-09-20T09:56:41+00:00,1073b69d29e5,known,0.6,0.0497315,0.333333,0,0.52875,0.00113349,0.617234,0.314722,126.466,4.21553,1.59112,1.52184,0.0694495,0.040153,0.0625004,0.0646253,2.15418
7fd78b8d6104,0,"start: Known start, range_std: 0.8",labdesktop,2026-09-20T09:56:41+00:00,1073b69d29e5,known,0.8,0.0440401,0.233333,0,0.5155,0.00116184,0.642729,0.27891,96.99,3.233,0.947724,0.808571,0.054348,0.030359,0.0113277,0.0572915,1.90972
47b1925ca2c5,1,"start: Known start, range_std: 0.8",labdesktop,2026-09-20T09:56:41+00:00,1073b69d29e5,known,0.8,0.0525438,0.333333,0,0.53135,0.00101239,0.639683,0.258688,99.1638,3.30546,0.795633,0.637767,0.0614383,0.0411279,0.0605309,0.0348306,1.16102
4d4c06dc6a6d,2,"start: Known start, range_std: 0.8",labdesktop,2026-09-20T09:56:41+00:00,1073b69d29e5,known,0.8,0.0640999,0.3,0,0.487056,0.00104836,0.628729,0.233385,94.7736,3.15912,3.71564,2.61148,0.10443,0.0410465,0.0519324,0.0330956,1.10319
6a48c9dd1089,3,"start: Known start, range_std: 0.8",labdesktop,2026-09-20T09:56:41+00:00,1073b69d29e5,known,0.8,0.059482,0.3,0,0.531611,0.000999189,0.639075,0.354174,93.7112,3.12371,4.18646,4.20456,0.0830635,0.0349307,0.0280489,0.0329049,1.09683
a00fb0f7918d,4,"start: Known start, range_std: 0.8",labdesktop,2026-09-20T09:56:41+00:00,1073b69d29e5,known,0.8,0.0788215,0.266667,0,0.508188,0.00119944,0.599507,0.271251,98.1171,3.27057,3.35913,2.97323,0.0938706,0.0525413,0.0951075,0.0320911,1.0697
57ea64b043d8,5,"start: Known start, range_std: 0.8",labdesktop,2026-09-20T09:56:41+00:00,1073b69d29e5,known,0.8,0.0354301,0.2,0,0.511667,0.00148866,0.599025,0.308259,103.565,3.45215,1.70769,1.51221,0.0481414,0.0240828,0.0116018,0.0304926,1.01642
c8d2e36d6ace,6,"start: Known start, range_std: 0.8",labdesktop,2026-09-20T09:56:41+00:00,1073b69d29e5,known,0.8,0.0428363,0.266667,0,0.528125,0.00122374,0.626056,0.364059,102.868,3.42895,2.50469,2.28208,0.0708506,0.0317877,0.0326397,0.0319005,1.06335
e1e0ec6a38f7,7,"start: Known start, range_std: 0.8",labdesktop,2026-09-20T09:56:41+00:00,1073b69d29e5,known,0.8,0.0704563,0.4,0,0.539042,0.00107052,0.614401,0.272718,101.632,3.38772,4.31916,4.45451,0.122756,0.0572621,0.0806081,0.0711385,2.37128
dd9b6a40a1c2,8,"start: Known start, range_std: 0.8",labdesktop,2026-09-20T09:56:41+00:00,1073b69d29e5,known,0.8,0.063844,0.366667,0,0.516273,0.00122972,0.601874,0.206178,86.7578,2.89193,4.71913,4.4132,0.11196,0.0435817,0.0702532,0.0379238,1.26413
0bdc7c8b572a,9,"start: Known start, range_std: 0.8",labdesktop,2026-09-20T09:56:41+00:00,1073b69d29e5,known,0.8,0.0629627,0.233333,0,0.501286,0.00103257,0.664896,0.308243,94.665,3.1555,1.7816,1.39495,0.0754208,0.0361481,0.0650341,0.0710259,2.36753
04c1e8318089,10,"start: Known start, range_std: 0.8",labdesktop,2026-09-20T09:56:41+00:00,1073b69d29e5,known,0.8,0.0427328,0.266667,0,0.5175,0.00103422,0.650111,0.244669,100.993,3.36644,2.66597,3.07944,0.0787569,0.0232256,0.0905673,0.0706863,2.35621
e6531b968d95,11,"start: Known start, range_std: 0.8",labdesktop,2026-09-20T09:56:41+00:00,1073b69d29e5,known,0.8,0.0413547,0.233333,0,0.5195,0.00124956,0.622592,0.341297,103.083,3.43609,4.09163,4.30848,0.0552544,0.0408797,0.0185979,0.0669773,2.23258
81a111e5916d,12,"start: Known start, range_std: 0.8",labdesktop,2026-09-20T09:56:41+00:00,1073b69d29e5,known,0.8,0.0727958,0.266667,0,0.499812,0.00121126,0.609233,0.22714,95.6999,3.19,2.58953,2.33585,0.0915272,0.053001,0.0469236,0.0380557,1.26852
0c3e043da889,13,"start: Known start, range_std: 0.8",labdesktop,2026-09-20T09:56:41+00:00,1073b69d29e5,known,0.8,0.0568326,0.2,0,0.493167,0.00110163,0.664609,0.281641,105.198,3.50659,1.6358,1.47894,0.0728396,0.04649,0.0288339,0.0308165,1.02722
64031961c9a1,14,"start: Known start, range_std: 0.8",labdesktop,2026-09-20T09:56:41+00:00,1073b69d29e5,known,0.8,0.0523135,0.266667,0,0.534625,0.00125009,0.653978,0.330245,97.5137,3.25046,1.57282,1.17285,0.0794593,0.0317633,0.0488491,0.0330231,1.10077
c91bf4aef6a8,15,"start: Known start, range_std: 0.8",labdesktop,2026-09-20T09:56:41+00:00,1073b69d29e5,known,0.8,0.0806352,0.266667,0,0.493625,0.001187,0.610838,0.167854,91.4081,3.04694,4.40532,4.59295,0.111061,0.0539901,0.0163222,0.0325941,1.08647
274671148513,16,"start: Known start, range_std: 0.8",labdesktop,2026-09-20T09:56:41+00:00,1073b69d29e5,known,0.8,0.0605597,0.266667,0,0.478875,0.00112937,0.61557,0.119555,110.151,3.67171,3.05663,2.63695,0.0720808,0.0354191,0.0178425,0.0324561,1.08187
a2f387d3d953,17,"start: Known start, range_std: 0.8",labdesktop,2026-09-20T09:56:41+00:00,1073b69d29e5,known,0.8,0.0729922,0.233333,0,0.482786,0.00112387,0.641063,0.247323,89.3265,2.97755,2.14802,1.47043,0.0988192,0.0513507,0.0898592,0.0311395,1.03798
47f8625d7d92,18,"start: Known start, range_std: 0.8",labdesktop,2026-09-20T09:56:41+00:00,1073b69d29e5,known,0.8,0.0447014,0.266667,0,0.522687,0.00116322,0.616372,0.223486,99.3639,3.31213,2.12434,1.94631,0.0846291,0.0339164,0.112938,0.0676989,2.25663
fc82f9c5876f,19,"start: Known start, range_std: 0.8",labdesktop,2026-09-20T09:56:41+00:00,1073b69d29e5,known,0.8,0.0507156,0.233333,0,0.494786,0.00129352,0.618175,0.296579,94.6207,3.15402,1.95568,1.5369,0.0773427,0.0403642,0.0745753,0.0663076,2.21025
5a6029a86744,0,"start: Uniform start, range_std: 0.08",labdesktop,2026-09-20T09:56:41+00:00,1073b69d29e5,uniform,0.08,0.137589,1,0,0.0818167,0.0005,0.0236696,0.000515237,-143979,-4799.3,4.4202e+09,1.0736e+09,5.55609,1.53953,9.53934,0.0986247,3.28749
a962ac5c424a,1,"start: Uniform start, range_std: 0.08",labdesktop,2026-09-20T09:56:41+00:00,1073b69d29e5,uniform,0.08,0.157318,0.866667,0,0.370962,0.000771165,0.234347,0.000845695,-12796.2,-426.54,4.1685e+06,1.2041e+06,1.50758,0.335361,2.47582,0.0921054,3.07018
6a952ca7a2f5,2,"start: Uniform start, range_std: 0.08",labdesktop,2026-09-20T09:56:41+00:00,1073b69d29e5,uniform,0.08,2.63366,0.966667,0,0.117138,0.000521573,0.0594533,0.000506472,-74526.8,-2484.23,1.26712e+09,1.10827e+08,3.96674,1.22998,3.12013,0.0920046,3.06682
dc9398b5456b,3,"start: Uniform start, range_std: 0.08",labdesktop,2026-09-20T09:56:41+00:00,1073b69d29e5,uniform,0.08,0.098173,0.9,0,0.255278,0.000614694,0.153378,0.000502411,-31260.6,-1042.02,1.2857e+07,7.67226e+06,2.46195,0.769579,4.19284,0.0921765,3.07255
1937cd392e5b,4,"start: Uniform start, range_std: 0.08",labdesktop,2026-09-20T09:56:41+00:00,1073b69d29e5,uniform,0.08,0.0833318,0.933333,0,0.364107,0.000653334,0.194174,0.000539706,-36364,-1212.13,1.8842e+07,6.56809e+06,2.6185,0.686328,4.49106,0.0925754,3.08585
a1bd35da77e4,5,"start: Uniform start, range_std: 0.08",labdesktop,2026-09-20T09:56:41+00:00,1073b69d29e5,uniform,0.08,2.7353,1,0,0.114483,0.0005,0.0275991,0.00050002,-65453.7,-2181.79,8.37595e+08,4.92879e+07,3.41573,3.12919,5.6513,0.0916763,3.05588
0d35c59ecd5a,6,"start: Uniform start, range_std: 0.08",labdesktop,2026-09-20T09:56:41+00:00,1073b69d29e5,uniform,0.08,0.0860438,0.9,0,0.294759,0.000780681,0.177344,0.000526126,-28785.1,-959.502,4.67654e+08,6.44957e+06,2.14235,0.675094,3.64864,0.055676,1.85587
a74ad4367112,7,"start: Uniform start, range_std: 0.08",labdesktop,2026-09-20T09:56:41+00:00,1073b69d29e5,uniform,0.08,0.0883885,0.9,0,0.311481,0.000622751,0.169154,0.000695553,-16534.3,-551.143,7.48416e+06,1.33675e+06,1.68929,0.408213,2.82114,0.0930657,3.10219
5428381faf06,8,"start: Uniform start, range_std: 0.08",labdesktop,2026-09-20T09:56:41+00:00,1073b69d29e5,uniform,0.08,3.02084,0.933333,0,0.287589,0.000630213,0.152898,0.000637593,-62696.7,-2089.89,7.65366e+07,1.1516e+07,3.46186,0.865748,4.57738,0.095551,3.18503
4cefe8c42abc,9,"start: Uniform start, range_std: 0.08",labdesktop,2026-09-20T09:56:41+00:00,1073b69d29e5,uniform,0.08,2.6811,0.966667,0,0.0998621,0.000558144,0.0400868,0.0005,-78379.1,-2612.64,1.07879e+09,1.07792e+08,4.02449,1.25355,2.91832,0.0948197,3.16066
c75b8dcd085b,10,"start: Uniform start, range_std: 0.08",labdesktop,2026-09-20T09:56:41+00:00,1073b69d29e5,uniform,0.08,2.55711,1,0,0.0848333,0.0005,0.0198009,0.00050024,-183764,-6125.46,6.23386e+09,8.37573e+08,6.10158,2.06951,7.99732,0.0951797,3.17266
356228a082a7,11,"start: Uniform start, range_std: 0.08",labdesktop,2026-09-20T09:56:41+00:00,1073b69d29e5,uniform,0.08,0.0444153,0.8,0,0.46875,0.000945229,0.341395,0.001013,-4446.63,-148.221,837122,318211,0.891939,0.270634,1.47206,0.0526739,1.7558
6fe9d1e04edb,12,"start: Uniform start, range_std: 0.08",labdesktop,2026-09-20T09:56:41+00:00,1073b69d29e5,uniform,0.08,2.68964,0.966667,0,0.0409483,0.000559027,0.027336,0.000500041,-118690,-3956.33,2.14274e+09,6.75815e+08,4.82664,1.64649,4.97085,0.0922125,3.07375
bedc16e4ddf2,13,"start: Uniform start, range_std: 0.08",labdesktop,2026-09-20T09:56:41+00:00,1073b69d29e5,uniform,0.08,3.05539,0.933333,0,0.288357,0.00067345,0.14059,0.000507371,-67825.7,-2260.86,9.05217e+08,1.70605e+07,3.62565,0.776488,4.64405,0.0926616,3.08872
e4724e3b7c29,14,"start: Uniform start, range_std: 0.08",labdesktop,2026-09-20T09:56:41+00:00,1073b69d29e5,uniform,0.08,2.71934,0.966667,0,0.153621,0.000582502,0.0526888,0.0005,-53061.1,-1768.7,4.04598e+08,2.80287e+07,3.39459,2.02583,2.75366,0.0922886,3.07629
5f31f4635be9,15,"start: Uniform start, range_std: 0.08",labdesktop,2026-09-20T09:56:41+00:00,1073b69d29e5,uniform,0.08,0.125671,0.966667,0,0.109655,0.000599904,0.0465296,0.000642585,-86212.9,-2873.76,2.86814e+09,1.51386e+08,4.21097,1.12917,7.26881,0.0890822,2.96941
44a5c1e65cd3,16,"start: Uniform start, range_std: 0.08",labdesktop,2026-09-20T09:56:41+00:00,1073b69d29e5,uniform,0.08,0.0868107,0.9,0,0.293907,0.000664299,0.18145,0.000507874,-36896.3,-1229.88,8.49794e+08,8.60312e+06,2.55841,0.860461,4.38564,0.0908981,3.02994
17d0be78e7ff,17,"start: Uniform start, range_std: 0.08",labdesktop,2026-09-20T09:56:41+00:00,1073b69d29e5,uniform,0.08,0.0936086,0.733333,0,0.460386,0.00100277,0.375417,0.000570275,-4225.21,-140.84,1.95423e+06,211212,0.833286,0.365768,1.39123,0.0824967,2.74989
ba439c6ad9a6,18,"start: Uniform start, range_std: 0.08",labdesktop,2026-09-20T09:56:41+00:00,1073b69d29e5,uniform,0.08,2.97022,0.966667,0,0.303121,0.00059697,0.134969,0.000501978,-69591.4,-2319.71,1.61433e+09,1.51148e+07,3.62825,1.08502,4.23601,0.0922307,3.07436
846593cb6abd,19,"start: Uniform start, range_std: 0.08",labdesktop,2026-09-20T09:56:41+00:00,1073b69d29e5,uniform,0.08,0.0460065,0.8,0,0.464417,0.000956231,0.33609,0.00150945,-4415.26,-147.175,1.59627e+06,222227,0.882363,0.380986,1.50042,0.0848264,2.82755
618f42859654,0,"start: Uniform start, range_std: 0.107",labdesktop,2026-09-20T09:56:42+00:00,1073b69d29e5,uniform,0.107,0.130649,0.933333,0,0.141304,0.000735311,0.0731197,0.000727295,-62640,-2088,5.85803e+08,7.68813e+07,4.51816,1.24651,7.80953,0.0889033,2.96344
54515384e1d7,1,"start: Uniform start, range_std: 0.107",labdesktop,2026-09-20T09:56:42+00:00,1073b69d29e5,uniform,0.107,0.0531801,0.4,0,0.412792,0.00129703,0.554315,0.00104169,101.221,3.37403,1555.92,173.548,0.128828,0.0913816,0.131104,0.0692048,2.30683
d47917ad3598,2,"start: Uniform start, range_std: 0.107",labdesktop,2026-09-20T09:56:42+00:00,1073b69d29e5,uniform,0.107,2.64227,0.966667,0,0.166793,0.000509504,0.085814,0.000586814,-49733,-1657.77,8.61067e+08,2.74536e+07,4.08325,1.23883,3.06683,0.0894844,2.98281
3736a08c505b,3,"start: Uniform start, range_std: 0.107",labdesktop,2026-09-20T09:56:42+00:00,1073b69d29e5,uniform,0.107,0.0842979,0.833333,0,0.30656,0.000850702,0.203826,0.000538417,-19957.2,-665.238,8.20736e+06,969811,2.47776,0.771628,4.21526,0.0862006,2.87335
53fdb9b6e679,4,"start: Uniform start, range_std: 0.107",labdesktop,2026-09-20T09:56:42+00:00,1073b69d29e5,uniform,0.107,0.0972683,0.833333,0,0.36982,0.000837655,0.252849,0.000633796,-25330.8,-844.361,4.98072e+07,6.02949e+06,2.63733,0.692692,4.53432,0.0531109,1.77036
b359674b283a,5,"start: Uniform start, range_std: 0.107",labdesktop,2026-09-20T09:56:42+00:00,1073b69d29e5,uniform,0.107,2.73642,1,0,0.190633,0.0005,0.055231,0.0005,-44580.5,-1486.02,1.23108e+09,1.15211e+07,3.3999,3.12385,5.61129,0.0916305,3.05435
1d9d5adb8f2d,6,"start: Uniform start, range_std: 0.107",labdesktop,2026-09-20T09:56:42+00:00,1073b69d29e5,uniform,0.107,0.0869445,0.833333,0,0.32322,0.000947732,0.228912,0.000800603,-20965.1,-698.835,1.22314e+07,2.92515e+06,2.16229,0.669156,3.70207,0.0852915,2.84305
928a1229f28c,7,"start: Uniform start, range_std: 0.107",labdesktop,2026-09-20T09:56:42+00:00,1073b69d29e5,uniform,0.107,0.0831976,0.866667,0,0.422885,0.000621262,0.271693,0.00116496,-9818.37,-327.279,1.22501e+06,295277,1.68552,0.403618,2.82827,0.0864517,2.88172
1ebc925b25f0,8,"start: Uniform start, range_std: 0.107",labdesktop,2026-09-20T09:56:42+00:00,1073b69d29e5,uniform,0.107,3.02154,0.933333,0,0.347464,0.000649983,0.200938,0.00050498,-42815.6,-1427.19,1.38896e+09,9.42179e+06,3.47133,0.854704,4.61301,0.0882639,2.94213
33565a77fe56,9,"start: Uniform start, range_std: 0.107",labdesktop,2026-09-20T09:56:42+00:00,1073b69d29e5,uniform,0.107,0.0634776,0.8,0,0.314396,0.000972329,0.24196,0.00051357,-13571.6,-452.385,3.62129e+08,1.16041e+06,1.66997,0.68222,2.87845,0.0884657,2.94886
a988ef0e944d,10,"start: Uniform start, range_std: 0.107",labdesktop,2026-09-20T09:56:42+00:00,1073b69d29e5,uniform,0.107,0.0689312,0.7,0,0.308524,0.0011372,0.292246,0.000500273,-15479.3,-515.978,6.09784e+08,1.92649e+06,1.79518,0.623762,2.90901,0.0821638,2.73879
fe22332a693a,11,"start: Uniform start, range_std: 0.107",labdesktop,2026-09-20T09:56:42+00:00,1073b69d29e5,uniform,0.107,0.0435363,0.666667,0,0.4893,0.00126283,0.415948,0.00101435,-2448.32,-81.6107,292142,68033.9,0.882797,0.284499,1.45858,0.0794836,2.64945
236ae17a802c,12,"start: Uniform start, range_std: 0.107",labdesktop,2026-09-20T09:56:42+00:00,1073b69d29e5,uniform,0.107,2.69107,0.966667,0,0.0922586,0.000522556,0.0483383,0.000501422,-74418.8,-2480.63,6.80197e+08,8.09705e+07,4.83101,1.64987,4.99433,0.093168,3.1056
d3521fdb9364,13,"start: Uniform start, range_std: 0.107",labdesktop,2026-09-20T09:56:42+00:00,1073b69d29e5,uniform,0.107,3.05413,0.933333,0,0.337321,0.000596216,0.182927,0.00108396,-46145.1,-1538.17,3.73619e+07,7.87961e+06,3.62586,0.775892,4.64502,0.0608932,2.02977
72bd0d66b9b2,14,"start: Uniform start, range_std: 0.107",labdesktop,2026-09-20T09:56:42+00:00,1073b69d29e5,uniform,0.107,0.0632079,0.733333,0,0.377818,0.00110093,0.328661,0.0005,-9988.22,-332.941,2.19839e+07,1.24901e+06,1.52657,0.462979,2.62624,0.0537516,1.79172
e76fa8c2c5fa,15,"start: Uniform start, range_std: 0.107",labdesktop,2026-09-20T09:56:42+00:00,1073b69d29e5,uniform,0.107,0.0844188,0.933333,0,0.313714,0.000665299,0.147992,0.00122878,-20065.4,-668.848,9.41684e+07,1.35468e+06,2.46119,0.671514,4.14268,0.0938338,3.12779
7ab0719a4d25,16,"start: Uniform start, range_std: 0.107",labdesktop,2026-09-20T09:56:42+00:00,1073b69d29e5,uniform,0.107,0.0945367,0.9,0,0.339815,0.000661462,0.222235,0.000523818,-26120.2,-870.672,9.55724e+07,4.61039e+06,2.55894,0.863329,4.39244,0.0934595,3.11532
5d0217ade815,17,"start: Uniform start, range_std: 0.107",labdesktop,2026-09-20T09:56:42+00:00,1073b69d29e5,uniform,0.107,0.0925204,0.533333,0,0.417156,0.00131171,0.445047,0.000695074,-2435.78,-81.1926,1.78425e+06,146116,0.839936,0.371458,1.40186,0.0776003,2.58668
6cc422937063,18,"start: Uniform start, range_std: 0.107",labdesktop,2026-09-20T09:56:42+00:00,1073b69d29e5,uniform,0.107,2.96258,0.933333,0,0.354393,0.000616637,0.202253,0.00062779,-47322.6,-1577.42,3.67807e+08,1.08069e+07,3.6331,0.964313,4.24421,0.0954063,3.18021
427c5c195038,19,"start: Uniform start, range_std: 0.107",labdesktop,2026-09-20T09:56:42+00:00,1073b69d29e5,uniform,0.107,0.0384276,0.733333,0,0.51125,0.0010832,0.413927,0.00171471,-2602.42,-86.7472,1.19814e+06,82977.8,0.889495,0.365957,1.51875,0.0522268,1.74089
165ea74353b4,0,"start: Uniform start, range_std: 0.142",labdesktop,2026-09-20T09:56:42+00:00,1073b69d29e5,uniform,0.142,0.120972,0.933333,0,0.233286,0.000588081,0.113828,0.00067358,-41016.7,-1367.22,7.02583e+08,1.96638e+06,4.52311,1.24043,7.80858,0.0947133,3.15711
c9c3959f6f47,1,"start: Uniform start, range_std: 0.142",labdesktop,2026-09-20T09:56:42+00:00,1073b69d29e5,uniform,0.142,0.0490003,0.333333,0,0.4583,0.00127551,0.579716,0.00153001,159.404,5.31346,973.254,171.138,0.141564,0.0833646,0.158604,0.0699495,2.33165
921f38052cbc,2,"start: Uniform start, range_std: 0.142",labdesktop,2026-09-20T09:56:42+00:00,1073b69d29e5,uniform,0.142,2.64313,0.933333,0,0.216536,0.000548902,0.119299,0.00100151,-34182,-1139.4,2.4312e+07,9.27788e+06,4.07738,1.23861,3.06444,0.0957781,3.1926
9807bee816d1,3,"start: Uniform start, range_std: 0.142",labdesktop,2026-09-20T09:56:42+00:00,1073b69d29e5,uniform,0.142,0.0732787,0.8,0,0.379917,0.000849502,0.280956,0.000705939,-13770.5,-459.016,4.15273e+06,841258,2.49729,0.776129,4.26433,0.0896493,2.98831
b2c5131862a6,4,"start: Uniform start, range_std: 0.142",labdesktop,2026-09-20T09:56:42+00:00,1073b69d29e5,uniform,0.142,0.0930145,0.8,0,0.378437,0.0010171,0.289047,0.000833166,-19224.5,-640.815,1.40004e+07,1.75308e+06,2.63927,0.690069,4.5477,0.0542279,1.8076
8956bb0cb19d,5,"start: Uniform start, range_std: 0.142",labdesktop,2026-09-20T09:56:42+00:00,1073b69d29e5,uniform,0.142,2.7485,0.966667,0,0.173724,0.000541951,0.0692876,0.0005,-50729.5,-1690.98,8.54737e+08,5.01347e+07,5.02559,1.78031,3.83775,0.0968047,3.22682
bb3ab52e33e4,6,"start: Uniform start, range_std: 0.142",labdesktop,2026-09-20T09:56:42+00:00,1073b69d29e5,uniform,0.142,0.0811565,0.766667,0,0.327196,0.000984101,0.280465,0.000578698,-16848.5,-561.618,4.51141e+08,1.32315e+06,2.18178,0.54507,3.74401,0.0849605,2.83202
2bfa3c352fc8,7,"start: Uniform start, range_std: 0.142",labdesktop,2026-09-20T09:56:42+00:00,1073b69d29e5,uniform,0.142,0.0731706,0.766667,0,0.441565,0.00106791,0.323288,0.00162384,-6221.99,-207.4,1.44857e+06,480546,1.6931,0.417231,2.83096,0.0918766,3.06255
e8b082058a05,8,"start: Uniform start, range_std: 0.142",labdesktop,2026-09-20T09:56:42+00:00,1073b69d29e5,uniform,0.142,3.01737,0.933333,0,0.388643,0.000574451,0.244095,0.000588571,-31880.7,-1062.69,5.29894e+08,3.69609e+06,3.4683,0.853092,4.59455,0.0928537,3.09512
7f8d91d94313,9,"start: Uniform start, range_std: 0.142",labdesktop,2026-09-20T09:56:42+00:00,1073b69d29e5,uniform,0.142,0.0612654,0.733333,0,0.314114,0.00106981,0.28279,0.000582414,-10955.9,-365.198,5.27424e+08,573401,1.68387,0.685136,2.90054,0.0819058,2.73019
7c84ab2c6523,10,"start: Uniform start, range_std: 0.142",labdesktop,2026-09-20T09:56:42+00:00,1073b69d29e5,uniform,0.142,0.0851148,0.7,0,0.334476,0.00100531,0.295875,0.000535728,-12054,-401.798,2.49054e+08,1.1164e+06,1.79397,0.620754,2.90534,0.076687,2.55623
29a60cbb2caa,11,"start: Uniform start, range_std: 0.142",labdesktop,2026-09-20T09:56:42+00:00,1073b69d29e5,uniform,0.142,0.0396675,0.5,0,0.4582,0.00145986,0.471243,0.00107429,-1466.46,-48.8821,99397.2,59538.3,0.897019,0.295181,1.49125,0.0749186,2.49729
6d7642a474ce,12,"start: Uniform start, range_std: 0.142",labdesktop,2026-09-20T09:56:42+00:00,1073b69d29e5,uniform,0.142,2.68851,0.933333,0,0.137625,0.000603601,0.0742066,0.000515575,-49832.7,-1661.09,4.12495e+08,5.45344e+07,4.82174,1.64885,4.9951,0.0927906,3.09302
9492673fbc6b,13,"start: Uniform start, range_std: 0.142",labdesktop,2026-09-20T09:56:42+00:00,1073b69d29e5,uniform,0.142,3.04067,0.933333,0,0.397071,0.000543934,0.258753,0.000879387,-34160.6,-1138.69,1.89372e+08,3.64039e+06,3.61467,0.811755,4.60803,0.0862314,2.87438
3957c6e73c5b,14,"start: Uniform start, range_std: 0.142",labdesktop,2026-09-20T09:56:42+00:00,1073b69d29e5,uniform,0.142,0.0554687,0.266667,0,0.367125,0.00119742,0.685284,0.000548551,97.9491,3.26497,3741.84,46.797,0.0971114,0.279507,0.0476874,0.0321427,1.07142
25a06df25d27,15,"start: Uniform start, range_std: 0.142",labdesktop,2026-09-20T09:56:42+00:00,1073b69d29e5,uniform,0.142,0.0600869,0.866667,0,0.370808,0.000848896,0.206905,0.00117672,-13561.8,-452.058,6.22294e+06,1.15995e+06,2.46438,0.647125,4.13407,0.0561568,1.87189
730bae95a471,16,"start: Uniform start, range_std: 0.142",labdesktop,2026-09-20T09:56:42+00:00,1073b69d29e5,uniform,0.142,0.0777456,0.833333,0,0.33772,0.00127193,0.231196,0.000546969,-20562.8,-685.427,2.47561e+07,1.77442e+06,2.57627,0.867619,4.42198,0.0843368,2.81123
7229c32e8a05,17,"start: Uniform start, range_std: 0.142",labdesktop,2026-09-20T09:56:42+00:00,1073b69d29e5,uniform,0.142,0.0883174,0.433333,0,0.407654,0.00136962,0.482554,0.00101193,-1479.95,-49.3316,141958,63175.2,0.852412,0.376787,1.44066,0.0689766,2.29922
0af3c0ea69b2,18,"start: Uniform start, range_std: 0.142",labdesktop,2026-09-20T09:56:42+00:00,1073b69d29e5,uniform,0.142,0.101984,0.6,0,0.448528,0.00113066,0.425418,0.00129282,-4599.7,-153.323,668560,226168,1.45411,0.510363,2.52308,0.0757135,2.52378
7106121e92a6,19,"start: Uniform start, range_std: 0.142",labdesktop,2026-09-20T09:56:42+00:00,1073b69d29e5,uniform,0.142,0.0413224,0.5,0,0.438533,0.00159812,0.454873,0.00213492,-1664.28,-55.4759,141297,56220.6,0.908494,0.356225,1.5672,0.0413684,1.37895
2c13b0027d9c,0,"start: Uniform start, range_std: 0.19",labdesktop,2026-09-20T09:56:42+00:00,1073b69d29e5,uniform,0.19,0.106603,0.933333,0,0.325982,0.000619626,0.151098,0.0008863,-28368,-945.601,7.14e+06,2.33763e+06,4.51794,1.20569,7.79235,0.0904979,3.0166
ac239cad7d7f,1,"start: Uniform start, range_std: 0.19",labdesktop,2026-09-20T09:56:42+00:00,1073b69d29e5,uniform,0.19,0.0454186,0.266667,0,0.422,0.00128001,0.668637,0.00221759,184.827,6.16089,554.368,97.147,0.143276,0.0750855,0.171257,0.0328482,1.09494
de9034385413,2,"start: Uniform start, range_std: 0.19",labdesktop,2026-09-20T09:56:42+00:00,1073b69d29e5,uniform,0.19,2.6404,0.9,0,0.237185,0.000684409,0.134473,0.000504777,-25210.4,-840.345,3.04889e+08,7.11591e+06,4.07584,1.24063,3.06166,0.083716,2.79053
5acc9b8ef7d4,3,"start: Uniform start, range_std: 0.19",labdesktop,2026-09-20T09:56:42+00:00,1073b69d29e5,uniform,0.19,0.0671427,0.733333,0,0.398182,0.00105279,0.326025,0.00110444,-10059.2,-335.305,2.89667e+06,620480,2.49989,0.775213,4.26362,0.0810892,2.70297
dc7221ad1b0c,4,"start: Uniform start, range_std: 0.19",labdesktop,2026-09-20T09:56:42+00:00,1073b69d29e5,uniform,0.19,0.0950349,0.7,0,0.349095,0.00108251,0.310101,0.00112068,-15837,-527.901,1.06941e+07,1.4671e+06,2.67416,0.692705,4.64051,0.0815253,2.71751
b833fe35bf91,5,"start: Uniform start, range_std: 0.19",labdesktop,2026-09-20T09:56:42+00:00,1073b69d29e5,uniform,0.19,2.75127,0.966667,0,0.239448,0.000532457,0.107515,0.000513795,-37445.7,-1248.19,1.21126e+08,1.93014e+07,5.04552,1.77746,3.87553,0.0595415,1.98472
11d90fcdd826,6,"start: Uniform start, range_std: 0.19",labdesktop,2026-09-20T09:56:42+00:00,1073b69d29e5,uniform,0.19,0.0801308,0.733333,0,0.329182,0.00107869,0.302824,0.000564233,-14366.7,-478.891,1.70888e+08,580530,2.19195,0.556958,3.76907,0.0776293,2.58764
84aefe1fe5ca,7,"start: Uniform start, range_std: 0.19",labdesktop,2026-09-20T09:56:43+00:00,1073b69d29e5,uniform,0.19,0.0596362,0.7,0,0.490595,0.0011694,0.409851,0.00187324,-4145.25,-138.175,869391,226858,1.70561,0.429036,2.85444,0.0799547,2.66516
6c4a7d5d1ed7,8,"start: Uniform start, range_std: 0.19",labdesktop,2026-09-20T09:56:43+00:00,1073b69d29e5,uniform,0.19,3.01235,0.833333,0,0.36042,0.000927561,0.252487,0.000509517,-25509.5,-850.316,1.08806e+09,1.99213e+06,3.46556,0.850562,4.57005,0.0857595,2.85865
a37729578f92,9,"start: Uniform start, range_std: 0.19",labdesktop,2026-09-20T09:56:43+00:00,1073b69d29e5,uniform,0.19,0.0496229,0.733333,0,0.345977,0.000968555,0.325671,0.000655767,-9143.22,-304.774,3.23055e+08,207261,1.68782,0.68321,2.90633,0.0817497,2.72499
b82e63d35fbe,10,"start: Uniform start, range_std: 0.19",labdesktop,2026-09-20T09:56:43+00:00,1073b69d29e5,uniform,0.19,0.106437,0.666667,0,0.37415,0.00115007,0.331699,0.00126769,-7603.28,-253.443,2.10199e+06,749114,2.20602,0.742817,3.78126,0.0738689,2.4623
440e17670538,11,"start: Uniform start, range_std: 0.19",labdesktop,2026-09-20T09:56:43+00:00,1073b69d29e5,uniform,0.19,0.0387932,0.533333,0,0.526844,0.00114925,0.540769,0.00129577,-872.831,-29.0944,82067.6,31075.1,0.900151,0.303672,1.49014,0.0420686,1.40229
fd91497426c1,12,"start: Uniform start, range_std: 0.19",labdesktop,2026-09-20T09:56:43+00:00,1073b69d29e5,uniform,0.19,0.135435,0.266667,0,0.451625,0.00140959,0.670829,0.000717246,101.667,3.38891,2.43484e+06,1320.94,0.224083,0.461586,0.101674,0.0314229,1.04743
d35f6415137d,13,"start: Uniform start, range_std: 0.19",labdesktop,2026-09-20T09:56:43+00:00,1073b69d29e5,uniform,0.19,3.04017,0.9,0,0.397222,0.000692185,0.262942,0.00054571,-27276.4,-909.213,7.36321e+08,1.55e+06,3.61341,0.830872,4.6,0.0891854,2.97285
ce97fcb96e3a,14,"start: Uniform start, range_std: 0.19",labdesktop,2026-09-20T09:56:43+00:00,1073b69d29e5,uniform,0.19,0.0537634,0.233333,0,0.362571,0.00125784,0.694979,0.00105499,151.271,5.04238,257.398,29.7269,0.0993167,0.282874,0.0504732,0.0315297,1.05099
031e81a38423,15,"start: Uniform start, range_std: 0.19",labdesktop,2026-09-20T09:56:43+00:00,1073b69d29e5,uniform,0.19,0.0551777,0.833333,0,0.40514,0.000830035,0.282754,0.00121759,-9904.4,-330.147,1.5727e+06,248949,2.48873,0.640507,4.17587,0.0854494,2.84831
b24b17934026,16,"start: Uniform start, range_std: 0.19",labdesktop,2026-09-20T09:56:43+00:00,1073b69d29e5,uniform,0.19,0.0850449,0.866667,0,0.383519,0.000870315,0.249463,0.00060917,-17150.3,-571.677,9.84601e+07,617359,2.59531,0.875764,4.48578,0.0834444,2.78148
5ec88712e1f1,17,"start: Uniform start, range_std: 0.19",labdesktop,2026-09-20T09:56:43+00:00,1073b69d29e5,uniform,0.19,0.069537,0.833333,0,0.41074,0.000825767,0.294482,0.00144401,-14020.9,-467.365,9.67645e+06,796652,3.00476,0.797583,5.17068,0.0836389,2.78796
22490d8b2ed8,18,"start: Uniform start, range_std: 0.19",labdesktop,2026-09-20T09:56:43+00:00,1073b69d29e5,uniform,0.19,0.0888183,0.566667,0,0.475824,0.00113804,0.466503,0.00119771,-2942.04,-98.0679,507104,80459.8,1.43751,0.499486,2.50338,0.0753148,2.51049
56a1ad8840d6,19,"start: Uniform start, range_std: 0.19",labdesktop,2026-09-20T09:56:43+00:00,1073b69d29e5,uniform,0.19,0.143954,0.4,0,0.502708,0.00135684,0.528065,0.00244548,-49,-1.63333,33759.9,9187.71,0.431761,0.282134,0.591135,0.0691307,2.30436
ed4b5c0f683d,0,"start: Uniform start, range_std: 0.253",labdesktop,2026-09-20T09:56:43+00:00,1073b69d29e5,uniform,0.253,0.144615,0.9,0,0.350019,0.000746889,0.205532,0.000930213,-21487.9,-716.263,9.66278e+08,2.1318e+06,4.51834,1.20246,7.77743,0.0862274,2.87425
8ee5868d9ca2,1,"start: Uniform start, range_std: 0.253",labdesktop,2026-09-20T09:56:43+00:00,1073b69d29e5,uniform,0.253,0.0452225,0.233333,0,0.429071,0.00115623,0.727621,0.00284973,184.251,6.1417,470.917,64.8483,0.144794,0.0698118,0.168482,0.0621907,2.07302
9e780b80f870,2,"start: Uniform start, range_std: 0.253",labdesktop,2026-09-20T09:56:43+00:00,1073b69d29e5,uniform,0.253,2.63809,0.9,0,0.273537,0.00056815,0.152433,0.000505874,-20322.2,-677.405,3.45475e+08,5.01843e+06,4.08067,1.24616,3.08109,0.0557955,1.85985
b0062533d5f0,3,"start: Uniform start, range_std: 0.253",labdesktop,2026-09-20T09:56:43+00:00,1073b69d29e5,uniform,0.253,2.60591,0.8,0,0.384896,0.00107175,0.314031,0.000553614,-15829,-527.634,5.69034e+07,1.92208e+06,2.97584,0.835083,5.08638,0.0513794,1.71265
7ffea7e8f672,4,"start: Uniform start, range_std: 0.253",labdesktop,2026-09-20T09:56:43+00:00,1073b69d29e5,uniform,0.253,0.0874208,0.766667,0,0.407587,0.000918549,0.334007,0.0013418,-13785.6,-459.521,4.49865e+06,729700,2.64874,0.681429,4.57383,0.0905975,3.01992
5d421932abb7,5,"start: Uniform start, range_std: 0.253",labdesktop,2026-09-20T09:56:43+00:00,1073b69d29e5,uniform,0.253,0.0817821,0.7,0,0.295405,0.00102325,0.318841,0.000500529,-10229.8,-340.992,5.55685e+08,215372,1.7927,0.79458,3.11161,0.0851092,2.83697
edbec129a499,6,"start: Uniform start, range_std: 0.253",labdesktop,2026-09-20T09:56:43+00:00,1073b69d29e5,uniform,0.253,0.0758638,0.7,0,0.323833,0.00137081,0.304027,0.000794403,-12965.8,-432.194,8.9017e+07,550316,2.18709,0.557525,3.74552,0.0886349,2.9545
92bfaf5e4ac0,7,"start: Uniform start, range_std: 0.253",labdesktop,2026-09-20T09:56:43+00:00,1073b69d29e5,uniform,0.253,0.049727,0.533333,0,0.449375,0.00146196,0.446007,0.00199843,-3088.61,-102.954,564235,181705,1.72619,0.437019,2.90641,0.0808903,2.69634
10e1bfe75332,8,"start: Uniform start, range_std: 0.253",labdesktop,2026-09-20T09:56:43+00:00,1073b69d29e5,uniform,0.253,2.99729,0.866667,0,0.397538,0.000809718,0.277715,0.000713874,-23073,-769.1,2.01589e+08,1.56828e+06,3.56847,0.850516,4.49644,0.0563737,1.87912
af28b2d8e5c9,9,"start: Uniform start, range_std: 0.253",labdesktop,2026-09-20T09:56:43+00:00,1073b69d29e5,uniform,0.253,0.0555414,0.7,0,0.34531,0.00107507,0.334654,0.000504937,-8023.45,-267.448,4.17264e+08,269734,1.677,0.679807,2.87903,0.0511078,1.70359
d0194e5ec2f6,10,"start: Uniform start, range_std: 0.253",labdesktop,2026-09-20T09:56:43+00:00,1073b69d29e5,uniform,0.253,0.122633,0.666667,0,0.4042,0.00110641,0.370142,0.001483,-6030.74,-201.025,1.41571e+06,311595,2.22122,0.741513,3.81598,0.0869357,2.89786
4342ad68cb6d,11,"start: Uniform start, range_std: 0.253",labdesktop,2026-09-20T09:56:43+00:00,1073b69d29e5,uniform,0.253,0.0429646,0.433333,0,0.474615,0.00137627,0.544772,0.00168959,-559.517,-18.6506,60986.3,15294.3,0.90214,0.317856,1.49133,0.080053,2.66843
cd618d26a239,12,"start: Uniform start, range_std: 0.253",labdesktop,2026-09-20T09:56:43+00:00,1073b69d29e5,uniform,0.253,0.149872,0.266667,0,0.41825,0.00131582,0.669243,0.00112532,127.372,4.24573,33283.9,1349.93,0.228561,0.61173,0.121873,0.0715859,2.3862
0312ec05ef6d,13,"start: Uniform start, range_std: 0.253",labdesktop,2026-09-20T09:56:43+00:00,1073b69d29e5,uniform,0.253,3.034,0.866667,0,0.383846,0.000720946,0.266082,0.000569989,-23458.4,-781.947,7.19359e+08,903161,3.60642,0.854688,4.56823,0.0949743,3.16581
aea3c0215e31,14,"start: Uniform start, range_std: 0.253",labdesktop,2026-09-20T09:56:43+00:00,1073b69d29e5,uniform,0.253,0.0511729,0.233333,0,0.385143,0.00140892,0.685811,0.00117804,165.084,5.5028,173.015,29.3718,0.103279,0.281537,0.0614757,0.0365796,1.21932
1bb00bffa45f,15,"start: Uniform start, range_std: 0.253",labdesktop,2026-09-20T09:56:43+00:00,1073b69d29e5,uniform,0.253,0.053208,0.766667,0,0.410826,0.000969976,0.325569,0.00100908,-7702.43,-256.748,7.11685e+06,437768,2.48078,0.635339,4.16042,0.0525373,1.75124
177f3f34dae3,16,"start: Uniform start, range_std: 0.253",labdesktop,2026-09-20T09:56:43+00:00,1073b69d29e5,uniform,0.253,0.0892261,0.8,0,0.339667,0.00103183,0.231507,0.000803997,-15180.6,-506.02,1.34656e+08,789552,2.60243,0.88269,4.49824,0.0868242,2.89414
8d2522d15267,17,"start: Uniform start, range_std: 0.253",labdesktop,2026-09-20T09:56:43+00:00,1073b69d29e5,uniform,0.253,0.06094,0.733333,0,0.388955,0.0010275,0.323962,0.00141179,-11131.6,-371.054,1.86355e+08,1.09409e+06,3.00985,0.783034,5.16497,0.0820137,2.73379
41e03b8ec341,18,"start: Uniform start, range_std: 0.253",labdesktop,2026-09-20T09:56:43+00:00,1073b69d29e5,uniform,0.253,0.0785988,0.5,0,0.4545,0.001244,0.483802,0.00134992,-2094.63,-69.8211,351058,46228.8,1.43954,0.490612,2.50283,0.0713403,2.37801
505c2d6105bc,19,"start: Uniform start, range_std: 0.253",labdesktop,2026-09-20T09:56:43+00:00,1073b69d29e5,uniform,0.253,0.153145,0.4,0,0.471167,0.0014128,0.562759,0.002587,5.86279,0.195426,8864.36,7836.61,0.442108,0.283283,0.595088,0.0685755,2.28585
7dab42765e4e,0,"start: Uniform start, range_std: 0.337",labdesktop,2026-09-20T09:56:43+00:00,1073b69d29e5,uniform,0.337,0.213402,0.766667,0,0.332717,0.00102351,0.267298,0.000523585,-11914.1,-397.136,4.47702e+08,210237,2.14444,0.646023,3.8085,0.0521565,1.73855
5619f9165ac0,1,"start: Uniform start, range_std: 0.337",labdesktop,2026-09-20T09:56:43+00:00,1073b69d29e5,uniform,0.337,0.0446858,0.2,0,0.41675,0.00145766,0.698887,0.00305479,168.947,5.63158,268.578,50.9909,0.146896,0.0724636,0.172995,0.0293871,0.979569
2b112d20d2e3,2,"start: Uniform start, range_std: 0.337",labdesktop,2026-09-20T09:56:43+00:00,1073b69d29e5,uniform,0.337,2.63897,0.9,0,0.293667,0.000562378,0.156349,0.0019512,-17694.3,-589.812,8.67305e+06,3.76327e+06,4.09863,1.2532,3.1209,0.0897841,2.9928
2ed3cdc230d4,3,"start: Uniform start, range_std: 0.337",labdesktop,2026-09-20T09:56:43+00:00,1073b69d29e5,uniform,0.337,2.78205,0.766667,0,0.33963,0.00124674,0.255984,0.00108513,-15291.9,-509.729,1.95237e+07,490957,3.04178,0.829142,5.05155,0.0868046,2.89349
351321973a87,4,"start: Uniform start, range_std: 0.337",labdesktop,2026-09-20T09:56:43+00:00,1073b69d29e5,uniform,0.337,0.101403,0.733333,0,0.392477,0.000942532,0.334546,0.00155113,-12651,-421.699,1.6699e+06,1.46249e+06,2.67872,0.687617,4.65278,0.0839302,2.79767
47eb83272647,5,"start: Uniform start, range_std: 0.337",labdesktop,2026-09-20T09:56:43+00:00,1073b69d29e5,uniform,0.337,0.0946201,0.7,0,0.309381,0.00101856,0.322948,0.000500076,-9543.91,-318.13,5.81418e+08,426907,1.79257,0.78363,3.12517,0.0893246,2.97749
cf9d23c7f4a8,6,"start: Uniform start, range_std: 0.337",labdesktop,2026-09-20T09:56:43+00:00,1073b69d29e5,uniform,0.337,0.0686389,0.7,0,0.339095,0.00124187,0.32573,0.000654951,-12309.7,-410.322,3.07769e+07,286234,2.19598,0.560548,3.80236,0.0780166,2.60055
3967c8d1d457,7,"start: Uniform start, range_std: 0.337",labdesktop,2026-09-20T09:56:43+00:00,1073b69d29e5,uniform,0.337,0.044401,0.5,0,0.4555,0.00141288,0.45923,0.00209386,-2369.9,-78.9967,566525,61694.7,1.72086,0.436524,2.89005,0.0424426,1.41475
658dafb2bdc4,8,"start: Uniform start, range_std: 0.337",labdesktop,2026-09-20T09:56:43+00:00,1073b69d29e5,uniform,0.337,3.00772,0.833333,0,0.36364,0.000983497,0.247037,0.00272335,-20092.9,-669.763,1.72365e+07,747881,3.46732,0.847087,4.58697,0.0881018,2.93673
71c24831d5f9,9,"start: Uniform start, range_std: 0.337",labdesktop,2026-09-20T09:56:43+00:00,1073b69d29e5,uniform,0.337,0.0443248,0.666667,0,0.3443,0.00116073,0.359134,0.000593717,-7857.11,-261.904,4.60244e+08,131212,1.69429,0.688064,2.92527,0.0871004,2.90335
f0ff38f793dd,10,"start: Uniform start, range_std: 0.337",labdesktop,2026-09-20T09:56:43+00:00,1073b69d29e5,uniform,0.337,0.31998,0.733333,0,0.393568,0.00097069,0.353526,0.00174169,-5110.96,-170.365,3.07217e+06,259252,2.21867,0.72129,3.80947,0.0834,2.78
3962b7476c09,11,"start: Uniform start, range_std: 0.337",labdesktop,2026-09-20T09:56:43+00:00,1073b69d29e5,uniform,0.337,0.0437269,0.4,0,0.481375,0.00139333,0.565533,0.00210602,-397.982,-13.2661,39215.4,10618.2,0.915042,0.332587,1.52719,0.038237,1.27457
29931e235df9,12,"start: Uniform start, range_std: 0.337",labdesktop,2026-09-20T09:56:43+00:00,1073b69d29e5,uniform,0.337,0.171726,0.233333,0,0.397571,0.00140608,0.684688,0.00101319,131.529,4.3843,10184.7,931.992,0.233935,0.535681,0.12706,0.0308138,1.02713
6345069ee015,13,"start: Uniform start, range_std: 0.337",labdesktop,2026-09-20T09:56:43+00:00,1073b69d29e5,uniform,0.337,0.285731,0.466667,0,0.428071,0.00129182,0.501768,0.00204658,-1264.79,-42.1598,223944,87427.5,1.35307,0.560601,2.20612,0.0664117,2.21372
950ad98bc6f6,14,"start: Uniform start, range_std: 0.337",labdesktop,2026-09-20T09:56:43+00:00,1073b69d29e5,uniform,0.337,0.0490202,0.2,0,0.36375,0.00130508,0.68554,0.00135757,157.426,5.24754,192.18,41.3912,0.109872,0.277782,0.0714396,0.0301572,1.00524
587571af79b7,15,"start: Uniform start, range_std: 0.337",labdesktop,2026-09-20T09:56:43+00:00,1073b69d29e5,uniform,0.337,0.0439195,0.7,0,0.432405,0.00118552,0.343353,0.00144901,-6404.62,-213.487,5.08501e+06,272239,2.46034,0.626577,4.11834,0.0799443,2.66481
e50c0c57ba55,16,"start: Uniform start, range_std: 0.337",labdesktop,2026-09-20T09:56:43+00:00,1073b69d29e5,uniform,0.337,0.074484,0.8,0,0.341708,0.000940367,0.24394,0.000874632,-14291.2,-476.373,5.26837e+07,465681,2.59734,0.888436,4.48472,0.0837052,2.79017
119f3613e1e5,17,"start: Uniform start, range_std: 0.337",labdesktop,2026-09-20T09:56:43+00:00,1073b69d29e5,uniform,0.337,0.348067,0.633333,0,0.402789,0.000935899,0.43152,0.00164335,-2038.73,-67.9577,7.31191e+06,343627,1.39489,0.493108,2.3015,0.0770746,2.56915
45c1c72db16f,18,"start: Uniform start, range_std: 0.337",labdesktop,2026-09-20T09:56:43+00:00,1073b69d29e5,uniform,0.337,0.0757227,0.466667,0,0.451071,0.00133785,0.504346,0.00164269,-1684.92,-56.1641,370606,29244.1,1.45314,0.479004,2.53407,0.0404139,1.34713
392995f29fec,19,"start: Uniform start, range_std: 0.337",labdesktop,2026-09-20T09:56:43+00:00,1073b69d29e5,uniform,0.337,0.155778,0.333333,0,0.4573,0.00179143,0.563305,0.00278821,7.37574,0.245858,25110.9,7462.36,0.476338,0.286943,0.672891,0.0343807,1.14602
b5e2c76984e5,0,"start: Uniform start, range_std: 0.45",labdesktop,2026-09-20T09:56:44+00:00,1073b69d29e5,uniform,0.45,0.234576,0.7,0,0.321214,0.00102917,0.326325,0.000504877,-10460,-348.668,7.47582e+08,114756,1.95765,0.634865,3.60399,0.0785693,2.61898
1ce5ef372cc5,1,"start: Uniform start, range_std: 0.45",labdesktop,2026-09-20T09:56:44+00:00,1073b69d29e5,uniform,0.45,0.0415118,0.2,0,0.422333,0.00108176,0.76192,0.00302856,143.788,4.79293,253.583,65.1935,0.15798,0.0923467,0.21283,0.0576033,1.92011
dddde120ce4c,2,"start: Uniform start, range_std: 0.45",labdesktop,2026-09-20T09:56:44+00:00,1073b69d29e5,uniform,0.45,2.64674,0.9,0,0.309241,0.000557364,0.168126,0.000810518,-16123.6,-537.455,1.20127e+07,6.8777e+06,4.08758,1.31039,3.07927,0.0875494,2.91831
477558decda0,3,"start: Uniform start, range_std: 0.45",labdesktop,2026-09-20T09:56:44+00:00,1073b69d29e5,uniform,0.45,2.58469,0.8,0,0.375229,0.000997802,0.27067,0.00102923,-13700.8,-456.693,1.14518e+08,937691,2.98087,0.812007,5.07323,0.0837591,2.79197
27b512b6b736,4,"start: Uniform start, range_std: 0.45",labdesktop,2026-09-20T09:56:44+00:00,1073b69d29e5,uniform,0.45,0.144542,0.3,0,0.393389,0.0014105,0.593364,0.00197951,20.2582,0.675274,10600.7,3072.32,0.500144,0.279512,0.82873,0.0326185,1.08728
717052f2fe53,5,"start: Uniform start, range_std: 0.45",labdesktop,2026-09-20T09:56:44+00:00,1073b69d29e5,uniform,0.45,0.0903268,0.666667,0,0.30915,0.00102748,0.354429,0.000662538,-9461.64,-315.388,4.19933e+07,155414,1.81277,0.764244,3.17792,0.0473031,1.57677
759503ed4f4f,6,"start: Uniform start, range_std: 0.45",labdesktop,2026-09-20T09:56:44+00:00,1073b69d29e5,uniform,0.45,0.0713207,0.7,0,0.347762,0.00127306,0.336752,0.000554468,-11801.6,-393.387,2.01912e+08,869925,2.18786,0.558004,3.76265,0.0501506,1.67169
5ba2516d8d6f,7,"start: Uniform start, range_std: 0.45",labdesktop,2026-09-20T09:56:44+00:00,1073b69d29e5,uniform,0.45,0.0410114,0.5,0,0.4668,0.00128443,0.461127,0.00218739,-2030.14,-67.6712,538793,89403.2,1.72597,0.438414,2.8968,0.0413758,1.37919
f117a7540b9c,8,"start: Uniform start, range_std: 0.45",labdesktop,2026-09-20T09:56:44+00:00,1073b69d29e5,uniform,0.45,2.99925,0.833333,0,0.36824,0.000934024,0.265301,0.000962896,-18981.9,-632.73,2.03468e+07,2.61912e+06,3.46712,0.863972,4.5743,0.0873134,2.91045
331c61501dfd,9,"start: Uniform start, range_std: 0.45",labdesktop,2026-09-20T09:56:44+00:00,1073b69d29e5,uniform,0.45,0.0543332,0.666667,0,0.348725,0.00122142,0.367606,0.0005,-7935.57,-264.519,7.69633e+08,139274,1.70888,0.705934,2.95375,0.0795561,2.65187
71c75d4c11f5,10,"start: Uniform start, range_std: 0.45",labdesktop,2026-09-20T09:56:44+00:00,1073b69d29e5,uniform,0.45,2.68059,0.933333,0,0.368,0.0005382,0.22044,0.00202716,-15536.1,-517.869,7.16998e+06,593764,3.73372,1.19473,3.58765,0.0913341,3.04447
cba83125c4d3,11,"start: Uniform start, range_std: 0.45",labdesktop,2026-09-20T09:56:44+00:00,1073b69d29e5,uniform,0.45,0.0432142,0.4,0,0.496458,0.00128175,0.581402,0.00242833,-343.606,-11.4535,40311.8,9577.5,0.935428,0.340264,1.56953,0.0706332,2.35444
5e3d0ce08f80,12,"start: Uniform start, range_std: 0.45",labdesktop,2026-09-20T09:56:44+00:00,1073b69d29e5,uniform,0.45,0.185412,0.233333,0,0.4655,0.00151284,0.606667,0.00109051,112.777,3.75924,11147,958.767,0.251055,0.50196,0.150552,0.0306038,1.02013
5908d8826f34,13,"start: Uniform start, range_std: 0.45",labdesktop,2026-09-20T09:56:44+00:00,1073b69d29e5,uniform,0.45,2.91435,0.766667,0,0.392609,0.000865707,0.349333,0.000960589,-17565.1,-585.503,4.11375e+06,443211,3.36321,0.975974,4.70088,0.0843523,2.81174
84d5ee174c3b,14,"start: Uniform start, range_std: 0.45",labdesktop,2026-09-20T09:56:44+00:00,1073b69d29e5,uniform,0.45,0.0498359,0.2,0,0.384333,0.00137738,0.652507,0.00157002,138.858,4.62861,161.606,38.2247,0.111331,0.274785,0.0675163,0.0309786,1.03262
3ffdadb26372,15,"start: Uniform start, range_std: 0.45",labdesktop,2026-09-20T09:56:44+00:00,1073b69d29e5,uniform,0.45,0.040614,0.666667,0,0.443225,0.0011955,0.404961,0.00159068,-5879.93,-195.998,5.06783e+06,164647,2.4812,0.632112,4.15495,0.0799582,2.66527
3439c8a4ebaf,16,"start: Uniform start, range_std: 0.45",labdesktop,2026-09-20T09:56:44+00:00,1073b69d29e5,uniform,0.45,0.0855343,0.766667,0,0.315196,0.00105918,0.234179,0.000751467,-13627.7,-454.257,5.15817e+07,1.03216e+06,2.60676,0.881931,4.48998,0.0837043,2.79014
e5a1594934b4,17,"start: Uniform start, range_std: 0.45",labdesktop,2026-09-20T09:56:44+00:00,1073b69d29e5,uniform,0.45,0.295964,0.566667,0,0.390471,0.00104498,0.43433,0.000762343,-1709.95,-56.9983,2.14393e+06,221515,1.36719,0.495617,2.27325,0.0720128,2.40043
85faa112a084,18,"start: Uniform start, range_std: 0.45",labdesktop,2026-09-20T09:56:44+00:00,1073b69d29e5,uniform,0.45,0.0696815,0.466667,0,0.458643,0.00114783,0.513037,0.00194392,-1424.1,-47.47,367349,47435.1,1.45419,0.465595,2.52842,0.0391087,1.30362
ea6799b756fe,19,"start: Uniform start, range_std: 0.45",labdesktop,2026-09-20T09:56:44+00:00,1073b69d29e5,uniform,0.45,0.174105,0.366667,0,0.491682,0.00130108,0.589707,0.00300708,18.8508,0.628359,5941.67,4425.92,0.462354,0.294333,0.637528,0.0357355,1.19118
74bbd1f53b5c,0,"start: Uniform start, range_std: 0.6",labdesktop,2026-09-20T09:56:44+00:00,1073b69d29e5,uniform,0.6,0.258442,0.433333,0,0.435654,0.00137854,0.573843,0.000500024,-114.311,-3.81037,7.88532e+06,4573.46,0.604969,0.43835,1.06669,0.069325,2.31083
a2c5b0b9e223,1,"start: Uniform start, range_std: 0.6",labdesktop,2026-09-20T09:56:44+00:00,1073b69d29e5,uniform,0.6,0.0430224,0.2,0,0.42625,0.00118569,0.751274,0.00306292,115.706,3.85688,220.776,62.2574,0.159599,0.123809,0.220158,0.0298884,0.99628
b5afcef99d7b,2,"start: Uniform start, range_std: 0.6",labdesktop,2026-09-20T09:56:44+00:00,1073b69d29e5,uniform,0.6,2.64124,0.9,0,0.324148,0.000560035,0.175049,0.0015052,-15196.9,-506.563,6.85415e+06,2.53525e+06,4.08747,1.36538,3.09245,0.0873587,2.91196
d38545d98d79,3,"start: Uniform start, range_std: 0.6",labdesktop,2026-09-20T09:56:44+00:00,1073b69d29e5,uniform,0.6,2.7799,0.766667,0,0.368978,0.00092566,0.301589,0.00050198,-13997.8,-466.594,1.02322e+09,1.07616e+06,3.04684,0.818798,5.0616,0.0811309,2.70436
80e978aae804,4,"start: Uniform start, range_std: 0.6",labdesktop,2026-09-20T09:56:44+00:00,1073b69d29e5,uniform,0.6,0.157611,0.3,0,0.412889,0.00139076,0.602993,0.00232126,-3.34894,-0.111631,5325.34,2105.39,0.519736,0.288594,0.849419,0.059734,1.99113
cb6d3e6cefee,5,"start: Uniform start, range_std: 0.6",labdesktop,2026-09-20T09:56:44+00:00,1073b69d29e5,uniform,0.6,0.0724525,0.666667,0,0.301075,0.00107134,0.334076,0.00072691,-9096.43,-303.214,2.7164e+08,100121,1.78126,0.726433,3.10479,0.0472077,1.57359
b037d19652f0,6,"start: Uniform start, range_std: 0.6",labdesktop,2026-09-20T09:56:44+00:00,1073b69d29e5,uniform,0.6,0.0832393,0.7,0,0.346548,0.0011642,0.332887,0.000615337,-11533.8,-384.461,3.15107e+08,561010,2.2031,0.560856,3.78948,0.0813112,2.71037
7cc74818816b,7,"start: Uniform start, range_std: 0.6",labdesktop,2026-09-20T09:56:44+00:00,1073b69d29e5,uniform,0.6,0.0398198,0.533333,0,0.500875,0.00110533,0.484043,0.0022856,-1843.16,-61.4387,424890,59416.6,1.73221,0.43939,2.91935,0.0753914,2.51305
4f73e53944da,8,"start: Uniform start, range_std: 0.6",labdesktop,2026-09-20T09:56:44+00:00,1073b69d29e5,uniform,0.6,0.165446,0.366667,0,0.426864,0.00132841,0.59951,0.000869661,-114.447,-3.81491,2.37319e+06,4899.29,0.616199,0.444319,1.08009,0.0746834,2.48945
7b4ec5a7ead0,9,"start: Uniform start, range_std: 0.6",labdesktop,2026-09-20T09:56:44+00:00,1073b69d29e5,uniform,0.6,0.0434236,0.7,0,0.389167,0.00101998,0.37994,0.000500133,-7175.89,-239.196,7.2528e+08,182343,1.68041,0.720625,2.90302,0.0872703,2.90901
a29f5278a12a,10,"start: Uniform start, range_std: 0.6",labdesktop,2026-09-20T09:56:44+00:00,1073b69d29e5,uniform,0.6,2.68693,0.9,0,0.366889,0.000586857,0.206635,0.00111525,-14983.9,-499.462,3.89603e+06,2.14782e+06,3.73815,1.18787,3.57994,0.0604863,2.01621
809d91eb62c6,11,"start: Uniform start, range_std: 0.6",labdesktop,2026-09-20T09:56:44+00:00,1073b69d29e5,uniform,0.6,0.0430071,0.4,0,0.495042,0.00125344,0.581659,0.00263885,-300.15,-10.005,20751.1,7224.28,0.92748,0.339094,1.56363,0.0382926,1.27642
9879f40e9562,12,"start: Uniform start, range_std: 0.6",labdesktop,2026-09-20T09:56:44+00:00,1073b69d29e5,uniform,0.6,0.19129,0.266667,0,0.505125,0.00147295,0.616997,0.00120306,88.3172,2.94391,11276.4,1141.98,0.258171,0.467673,0.142983,0.0326456,1.08819
0ab2fa725584,13,"start: Uniform start, range_std: 0.6",labdesktop,2026-09-20T09:56:44+00:00,1073b69d29e5,uniform,0.6,2.90753,0.733333,0,0.354932,0.00102768,0.317442,0.000522768,-16113.4,-537.112,4.62073e+07,388464,3.26836,0.983015,4.78041,0.0878108,2.92703
c8fe02c2a358,14,"start: Uniform start, range_std: 0.6",labdesktop,2026-09-20T09:56:44+00:00,1073b69d29e5,uniform,0.6,0.049746,0.2,0,0.395,0.00106593,0.711882,0.0018038,113.287,3.77624,120.024,37.8487,0.112867,0.272094,0.0697842,0.030857,1.02857
c5be22486532,15,"start: Uniform start, range_std: 0.6",labdesktop,2026-09-20T09:56:44+00:00,1073b69d29e5,uniform,0.6,2.95387,0.766667,0,0.392283,0.000864785,0.357968,0.000504446,-16841.4,-561.379,6.66902e+07,1.67839e+06,3.41512,0.878067,4.81162,0.0865083,2.88361
5cf9c1e44ded,16,"start: Uniform start, range_std: 0.6",labdesktop,2026-09-20T09:56:44+00:00,1073b69d29e5,uniform,0.6,0.0862904,0.8,0,0.343125,0.0010146,0.253716,0.00265315,-13375.2,-445.839,8.41238e+07,763943,2.61288,0.826785,4.50154,0.0883361,2.94454
5341b2b3ae79,17,"start: Uniform start, range_std: 0.6",labdesktop,2026-09-20T09:56:44+00:00,1073b69d29e5,uniform,0.6,0.0893765,0.366667,0,0.445955,0.00143056,0.582195,0.000607998,-377.979,-12.5993,159935,24089.8,0.90871,0.413249,1.56011,0.0691412,2.30471
d5a4c5e7ae5b,18,"start: Uniform start, range_std: 0.6",labdesktop,2026-09-20T09:56:44+00:00,1073b69d29e5,uniform,0.6,0.0695393,0.466667,0,0.478714,0.00120975,0.531548,0.00218268,-1366.15,-45.5385,368498,38415.7,1.46987,0.4622,2.57345,0.0422274,1.40758
631608541d65,19,"start: Uniform start, range_std: 0.6",labdesktop,2026-09-20T09:56:44+00:00,1073b69d29e5,uniform,0.6,0.0651662,0.533333,0,0.476875,0.0012034,0.481809,0.00316328,-495.648,-16.5216,69450.7,7785.48,0.925386,0.360609,1.61679,0.0729374,2.43125
c676ac36776d,0,"start: Uniform start, range_std: 0.8",labdesktop,2026-09-20T09:56:44+00:00,1073b69d29e5,uniform,0.8,0.247086,0.366667,0,0.423364,0.00145216,0.577164,0.00172508,-88.2762,-2.94254,10541,3090.56,0.547119,0.435448,0.982426,0.0365871,1.21957
489f500f1536,1,"start: Uniform start, range_std: 0.8",labdesktop,2026-09-20T09:56:44+00:00,1073b69d29e5,uniform,0.8,0.0450894,0.2,0,0.434333,0.00124064,0.757314,0.00321145,84.6684,2.82228,185.998,57.0704,0.159455,0.155192,0.21459,0.0298907,0.996358
5fcb15b8e220,2,"start: Uniform start, range_std: 0.8",labdesktop,2026-09-20T09:56:44+00:00,1073b69d29e5,uniform,0.8,0.281458,0.333333,0,0.40415,0.00155437,0.599426,0.000558636,-590.685,-19.6895,5.43106e+06,59355.3,1.23768,0.708534,1.86137,0.065319,2.1773
c22c1dfbeef4,3,"start: Uniform start, range_std: 0.8",labdesktop,2026-09-20T09:56:44+00:00,1073b69d29e5,uniform,0.8,0.18115,0.733333,0,0.361955,0.000925256,0.34662,0.00101455,-11069.3,-368.977,9.0504e+07,352596,2.5561,0.828832,4.66428,0.0825834,2.75278
37383e726bc5,4,"start: Uniform start, range_std: 0.8",labdesktop,2026-09-20T09:56:44+00:00,1073b69d29e5,uniform,0.8,0.169465,0.333333,0,0.45325,0.00138931,0.625399,0.00238469,-12.3955,-0.413184,5636.09,2044.72,0.516183,0.298755,0.872897,0.063857,2.12857
ba8b73a90125,5,"start: Uniform start, range_std: 0.8",labdesktop,2026-09-20T09:56:44+00:00,1073b69d29e5,uniform,0.8,0.0842702,0.7,0,0.330738,0.000953152,0.349862,0.000500589,-9029.15,-300.972,4.91849e+08,119719,1.79312,0.696599,3.12421,0.0746523,2.48841
d41e4138c755,6,"start: Uniform start, range_std: 0.8",labdesktop,2026-09-20T09:56:44+00:00,1073b69d29e5,uniform,0.8,0.070224,0.7,0,0.346167,0.00116682,0.331879,0.00176895,-11482.4,-382.748,1.10194e+07,278819,2.1956,0.555826,3.76599,0.0753186,2.51062
bc12beaee1c6,7,"start: Uniform start, range_std: 0.8",labdesktop,2026-09-20T09:56:44+00:00,1073b69d29e5,uniform,0.8,0.0414804,0.5,0,0.4668,0.00128787,0.452625,0.00238384,-1709.58,-56.9859,489808,63424.5,1.71719,0.434612,2.89268,0.0407642,1.35881
d471a61414e1,8,"start: Uniform start, range_std: 0.8",labdesktop,2026-09-20T09:56:44+00:00,1073b69d29e5,uniform,0.8,0.110461,0.4,0,0.451875,0.00129753,0.56596,0.00122364,-95.0798,-3.16933,6727.43,3261.96,0.576657,0.399144,0.991839,0.0662729,2.2091
6bb94118bcee,9,"start: Uniform start, range_std: 0.8",labdesktop,2026-09-20T09:56:44+00:00,1073b69d29e5,uniform,0.8,0.0456468,0.666667,0,0.354425,0.00101128,0.372536,0.00050001,-7375.59,-245.853,5.18496e+08,123412,1.70235,0.735323,2.92097,0.073653,2.4551
2075ae8700c5,10,"start: Uniform start, range_std: 0.8",labdesktop,2026-09-20T09:56:44+00:00,1073b69d29e5,uniform,0.8,2.68567,0.9,0,0.37963,0.000555205,0.237605,0.00249607,-14678.5,-489.283,6.7485e+06,3.67291e+06,3.74598,1.18245,3.61254,0.0846066,2.82022
715c9c573fc9,11,"start: Uniform start, range_std: 0.8",labdesktop,2026-09-20T09:56:44+00:00,1073b69d29e5,uniform,0.8,0.0427473,0.4,0,0.5115,0.00118794,0.605327,0.00276914,-301.155,-10.0385,22490.5,6546.67,0.930062,0.338322,1.57404,0.0380281,1.2676
12c9289564f5,12,"start: Uniform start, range_std: 0.8",labdesktop,2026-09-20T09:56:44+00:00,1073b69d29e5,uniform,0.8,0.190374,0.2,0,0.42075,0.00225764,0.630195,0.00114896,62.0875,2.06958,34316,1270.79,0.2569,0.439195,0.161796,0.0291496,0.971654
830e94b250b3,13,"start: Uniform start, range_std: 0.8",labdesktop,2026-09-20T09:56:44+00:00,1073b69d29e5,uniform,0.8,2.90019,0.733333,0,0.339886,0.000996751,0.299184,0.00165394,-15808.9,-526.962,5.50096e+06,958799,3.26326,0.991286,4.76752,0.0767803,2.55934
ff8679abab58,14,"start: Uniform start, range_std: 0.8",labdesktop,2026-09-20T09:56:44+00:00,1073b69d29e5,uniform,0.8,0.0498391,0.2,0,0.427083,0.00141564,0.684871,0.00204656,83.3642,2.77881,112.8,37.6913,0.116731,0.268731,0.0791988,0.0291216,0.970721
67ee9c663261,15,"start: Uniform start, range_std: 0.8",labdesktop,2026-09-20T09:56:45+00:00,1073b69d29e5,uniform,0.8,2.95495,0.733333,0,0.373795,0.000946207,0.358441,0.000502803,-16542.8,-551.426,3.7359e+07,711046,3.40873,0.883555,4.78378,0.0777149,2.5905
4acf636e2469,16,"start: Uniform start, range_std: 0.8",labdesktop,2026-09-20T09:56:45+00:00,1073b69d29e5,uniform,0.8,0.0901632,0.733333,0,0.320818,0.00117619,0.276997,0.00105907,-13338.8,-444.628,1.15962e+08,303377,2.6569,0.81124,4.6017,0.0774395,2.58132
e1c53edc65df,17,"start: Uniform start, range_std: 0.8",labdesktop,2026-09-20T09:56:44+00:00,1073b69d29e5,uniform,0.8,0.0904896,0.366667,0,0.449818,0.00140803,0.573458,0.000641454,-361.093,-12.0364,93284.5,22335.7,0.891645,0.405623,1.51966,0.0357524,1.19175
99819722ea35,18,"start: Uniform start, range_std: 0.8",labdesktop,2026-09-20T09:56:45+00:00,1073b69d29e5,uniform,0.8,0.0639593,0.466667,0,0.483036,0.00125472,0.531159,0.00235798,-1278.23,-42.6078,353759,28252.6,1.46499,0.459163,2.56342,0.0397304,1.32435
24e0d6c11bca,19,"start: Uniform start, range_std: 0.8",labdesktop,2026-09-20T09:56:45+00:00,1073b69d29e5,uniform,0.8,0.0644634,0.533333,0,0.493844,0.0011452,0.509832,0.00326905,-485.915,-16.1972,37940.2,6487.58,0.915048,0.361896,1.59088,0.0656054,2.18685
