run_id,seed,variant,host,date,code,proposal,n_particles,ate,resample_rate,collapses,unique_after_resampling,max_weight_mean,ess_mean,ess_min,nees_mean,nees_median,position_rmse,heading_rmse,final_position_error,runtime_total_s,runtime_per_step_ms
e5fc110f6f1e,0,"proposal: Motion model, n_particles: 50",aiserver,2026-09-14T08:33:57+00:00,d7328d3e3c3f,motion_model,50,0.238425,0.433333,0,0.469231,0.0381572,0.534775,0.02042,5.1915e+07,0.55654,0.30535,0.348462,0.146594,0.00740935,0.246978
52027bbdcee8,1,"proposal: Motion model, n_particles: 50",aiserver,2026-09-14T08:33:57+00:00,d7328d3e3c3f,motion_model,50,0.649722,0.666667,0,0.376,0.0308246,0.367495,0.02,2.53098e+08,94.1499,0.922091,1.2,0.108729,0.00835792,0.278597
10074ba106c9,2,"proposal: Motion model, n_particles: 50",aiserver,2026-09-14T08:33:57+00:00,d7328d3e3c3f,motion_model,50,0.180347,0.433333,0,0.455385,0.038606,0.519283,0.0241019,49686.5,1.90293,0.318318,0.150626,0.0546795,0.00746021,0.248674
551744620792,3,"proposal: Motion model, n_particles: 50",aiserver,2026-09-14T08:33:57+00:00,d7328d3e3c3f,motion_model,50,0.802593,0.833333,0,0.3736,0.0255144,0.288508,0.0200064,2.46611e+08,1191.28,1.55618,1.24258,0.125444,0.00859436,0.286479
bec7e058409b,4,"proposal: Motion model, n_particles: 50",aiserver,2026-09-14T08:33:57+00:00,d7328d3e3c3f,motion_model,50,0.683009,0.733333,0,0.412727,0.0276015,0.382249,0.0200001,1.3707e+08,125.625,0.95375,0.814601,0.0951344,0.0081609,0.27203
c27feb53e303,5,"proposal: Motion model, n_particles: 50",aiserver,2026-09-14T08:33:57+00:00,d7328d3e3c3f,motion_model,50,0.420261,0.533333,0,0.475,0.0335814,0.511604,0.0202224,7.05631e+07,1.22626,0.493132,0.355487,0.0756608,0.00734864,0.244955
19fdc859004b,6,"proposal: Motion model, n_particles: 50",aiserver,2026-09-14T08:33:57+00:00,d7328d3e3c3f,motion_model,50,0.171215,0.4,0,0.44,0.0390839,0.531581,0.0385226,1443.94,0.838699,0.219516,0.287196,0.156434,0.00685635,0.228545
76d24eb513da,7,"proposal: Motion model, n_particles: 50",aiserver,2026-09-14T08:33:57+00:00,d7328d3e3c3f,motion_model,50,0.902027,0.766667,0,0.38,0.0293549,0.320789,0.0202695,3.47927e+08,670.529,1.24492,1.57812,0.128251,0.00835203,0.278401
4657ada949f2,8,"proposal: Motion model, n_particles: 50",aiserver,2026-09-14T08:33:57+00:00,d7328d3e3c3f,motion_model,50,0.846115,0.766667,0,0.355652,0.0286466,0.315308,0.0200157,2.44689e+08,484.019,1.17033,1.37667,0.0898558,0.00889923,0.296641
0ef73ae47691,9,"proposal: Motion model, n_particles: 50",aiserver,2026-09-14T08:33:57+00:00,d7328d3e3c3f,motion_model,50,1.0235,0.9,0,0.296296,0.0256114,0.188156,0.0203738,2.07377e+06,2815.14,1.71569,1.45412,0.337143,0.0093738,0.31246
9cea6402fe9f,10,"proposal: Motion model, n_particles: 50",aiserver,2026-09-14T08:33:57+00:00,d7328d3e3c3f,motion_model,50,0.315213,0.466667,0,0.421429,0.0383382,0.491898,0.0405059,31399.1,1.36779,0.410513,0.679631,0.151483,0.00713098,0.237699
8b4108c42f2c,11,"proposal: Motion model, n_particles: 50",aiserver,2026-09-14T08:33:57+00:00,d7328d3e3c3f,motion_model,50,0.458089,0.533333,0,0.4625,0.0345021,0.48611,0.027102,3.16427e+07,22.7234,0.550647,0.855975,0.160932,0.00732672,0.244224
0c12a498e0a9,12,"proposal: Motion model, n_particles: 50",aiserver,2026-09-14T08:33:57+00:00,d7328d3e3c3f,motion_model,50,0.331644,0.4,0,0.393333,0.0393217,0.509117,0.0224453,4.42091e+07,1.00858,0.334326,0.83582,0.0516792,0.0066846,0.22282
c872e871fba0,13,"proposal: Motion model, n_particles: 50",aiserver,2026-09-14T08:33:57+00:00,d7328d3e3c3f,motion_model,50,0.223201,0.433333,0,0.486154,0.0387929,0.525089,0.0258218,6.93711e+06,0.859063,0.243579,0.42887,0.144893,0.00695996,0.231999
091c7a01b589,14,"proposal: Motion model, n_particles: 50",aiserver,2026-09-14T08:33:57+00:00,d7328d3e3c3f,motion_model,50,0.112254,0.366667,0,0.456364,0.0386097,0.5624,0.0200001,4.05663e+07,0.929128,0.142573,0.331626,0.125113,0.00685504,0.228501
70b550b21061,15,"proposal: Motion model, n_particles: 50",aiserver,2026-09-14T08:33:57+00:00,d7328d3e3c3f,motion_model,50,0.628837,0.666667,0,0.435,0.031337,0.400341,0.0200014,2.12482e+08,94.3413,0.811948,1.01551,0.111839,0.00796784,0.265595
79961273cfdc,16,"proposal: Motion model, n_particles: 50",aiserver,2026-09-14T08:33:57+00:00,d7328d3e3c3f,motion_model,50,0.470622,0.533333,0,0.44125,0.0336974,0.489514,0.0200327,8.44763e+07,0.231878,0.566478,0.307385,0.0106647,0.00737377,0.245792
0fe93b251309,17,"proposal: Motion model, n_particles: 50",aiserver,2026-09-14T08:33:57+00:00,d7328d3e3c3f,motion_model,50,0.242333,0.5,0,0.485333,0.035113,0.509327,0.0231538,2117.27,1.55594,0.26902,0.400801,0.110001,0.00722859,0.240953
16d59e721b01,18,"proposal: Motion model, n_particles: 50",aiserver,2026-09-14T08:33:57+00:00,d7328d3e3c3f,motion_model,50,0.87135,0.8,0,0.359167,0.0277565,0.294593,0.0214955,1.05108e+07,577.133,1.25551,1.41517,0.179562,0.00845558,0.281853
8534a6798f46,19,"proposal: Motion model, n_particles: 50",aiserver,2026-09-14T08:33:57+00:00,d7328d3e3c3f,motion_model,50,0.107207,0.366667,0,0.469091,0.0411234,0.562741,0.0202206,3.10741e+06,0.654919,0.146688,0.0995541,0.0116348,0.00658762,0.219587
62f301a0d93f,0,"proposal: Motion model, n_particles: 100",aiserver,2026-09-14T08:33:57+00:00,d7328d3e3c3f,motion_model,100,0.169273,0.466667,0,0.460714,0.0179054,0.515317,0.0225834,878.063,0.617289,0.19039,0.643282,0.0812229,0.00906957,0.302319
3cb74bfd9aa1,1,"proposal: Motion model, n_particles: 100",aiserver,2026-09-14T08:33:57+00:00,d7328d3e3c3f,motion_model,100,0.402912,0.533333,0,0.41,0.0175201,0.449409,0.010834,2.31156e+06,1.42139,0.508912,0.870069,0.123246,0.00940844,0.313615
374190fc56c3,2,"proposal: Motion model, n_particles: 100",aiserver,2026-09-14T08:33:57+00:00,d7328d3e3c3f,motion_model,100,0.377096,0.566667,0,0.414706,0.0163198,0.458612,0.0121209,4.49775e+06,4.2576,0.506864,0.971121,0.0663014,0.00964409,0.32147
870ec1377967,3,"proposal: Motion model, n_particles: 100",aiserver,2026-09-14T08:33:57+00:00,d7328d3e3c3f,motion_model,100,0.214431,0.5,0,0.468,0.0181643,0.504187,0.0155143,72.7472,1.27675,0.277463,0.512161,0.0380192,0.0092989,0.309963
dd695784ddbc,4,"proposal: Motion model, n_particles: 100",aiserver,2026-09-14T08:33:57+00:00,d7328d3e3c3f,motion_model,100,0.799416,0.8,0,0.36625,0.0138776,0.294358,0.0142897,164755,188.148,1.22029,1.36487,0.096321,0.0114963,0.383211
ebc8f7727383,5,"proposal: Motion model, n_particles: 100",aiserver,2026-09-14T08:33:57+00:00,d7328d3e3c3f,motion_model,100,0.76313,0.766667,0,0.310435,0.01422,0.263428,0.0100395,2.98943e+08,620.968,1.22947,1.45774,0.0930613,0.011287,0.376234
ff6e940b7332,6,"proposal: Motion model, n_particles: 100",aiserver,2026-09-14T08:33:57+00:00,d7328d3e3c3f,motion_model,100,0.218933,0.466667,0,0.461429,0.0174978,0.539582,0.0146932,1.0184e+06,1.04267,0.239972,0.655349,0.124965,0.00903055,0.301018
39802c4f3f4b,7,"proposal: Motion model, n_particles: 100",aiserver,2026-09-14T08:33:57+00:00,d7328d3e3c3f,motion_model,100,0.270426,0.533333,0,0.4725,0.0165451,0.507697,0.0115505,1117.03,1.46255,0.42174,0.557897,0.103549,0.00939009,0.313003
6ab2fd8cf995,8,"proposal: Motion model, n_particles: 100",aiserver,2026-09-14T08:33:57+00:00,d7328d3e3c3f,motion_model,100,0.199076,0.433333,0,0.438462,0.0191598,0.512705,0.0109852,2.79258e+06,0.541575,0.263448,0.360615,0.11577,0.00876168,0.292056
38a9d9d467f4,9,"proposal: Motion model, n_particles: 100",aiserver,2026-09-14T08:33:57+00:00,d7328d3e3c3f,motion_model,100,0.539952,0.633333,0,0.402632,0.015003,0.421459,0.0186666,1.14819e+07,2.01779,0.682377,0.828009,0.0525049,0.00988889,0.32963
e2151e9955fa,10,"proposal: Motion model, n_particles: 100",aiserver,2026-09-14T08:33:57+00:00,d7328d3e3c3f,motion_model,100,0.104459,0.366667,0,0.474545,0.0188982,0.576712,0.0121008,1.3401e+06,0.44303,0.145999,0.147379,0.0854331,0.00881513,0.293838
bcdb967b1b25,11,"proposal: Motion model, n_particles: 100",aiserver,2026-09-14T08:33:57+00:00,d7328d3e3c3f,motion_model,100,0.213291,0.466667,0,0.48,0.01838,0.528015,0.0279709,12.4622,0.821109,0.285101,0.418102,0.156755,0.00889214,0.296405
0954de075021,12,"proposal: Motion model, n_particles: 100",aiserver,2026-09-14T08:33:57+00:00,d7328d3e3c3f,motion_model,100,0.116299,0.4,0,0.473333,0.018724,0.56446,0.0100003,8.65751e+06,0.599106,0.124855,0.18311,0.113527,0.0088034,0.293447
f45787d16391,13,"proposal: Motion model, n_particles: 100",aiserver,2026-09-14T08:33:57+00:00,d7328d3e3c3f,motion_model,100,0.314674,0.533333,0,0.479375,0.0187252,0.480203,0.0110375,127.189,1.34379,0.470441,0.621448,0.179513,0.0095939,0.319797
8a231ff7d009,14,"proposal: Motion model, n_particles: 100",aiserver,2026-09-14T08:33:57+00:00,d7328d3e3c3f,motion_model,100,0.21935,0.466667,0,0.467143,0.0175878,0.521254,0.010425,1.94705e+06,1.2062,0.263513,0.326663,0.0968188,0.00912689,0.30423
f4253ed6f63a,15,"proposal: Motion model, n_particles: 100",aiserver,2026-09-14T08:33:57+00:00,d7328d3e3c3f,motion_model,100,0.22052,0.4,0,0.4425,0.0202078,0.536745,0.0102357,484751,0.651489,0.286231,0.142355,0.102051,0.00863307,0.287769
5afe471c03a6,16,"proposal: Motion model, n_particles: 100",aiserver,2026-09-14T08:33:57+00:00,d7328d3e3c3f,motion_model,100,0.58855,0.7,0,0.437143,0.0137884,0.404188,0.0238132,218021,11.7771,0.783992,1.03685,0.0346556,0.010432,0.347735
4a32db1de4eb,17,"proposal: Motion model, n_particles: 100",aiserver,2026-09-14T08:33:57+00:00,d7328d3e3c3f,motion_model,100,0.144881,0.433333,0,0.476154,0.0187615,0.550804,0.0314188,7.84393,0.533784,0.173072,0.266259,0.109967,0.00892028,0.297343
de42f6823b16,18,"proposal: Motion model, n_particles: 100",aiserver,2026-09-14T08:33:57+00:00,d7328d3e3c3f,motion_model,100,0.153615,0.466667,0,0.447143,0.0193437,0.511345,0.0153564,2.03453,0.472284,0.183946,0.7422,0.156527,0.00963014,0.321005
782e86a6d7de,19,"proposal: Motion model, n_particles: 100",aiserver,2026-09-14T08:33:57+00:00,d7328d3e3c3f,motion_model,100,0.601868,0.766667,0,0.370435,0.0125039,0.334732,0.0113481,1.39113e+06,78.2166,0.901115,1.08534,0.0408324,0.0107979,0.359932
c02499c338d5,0,"proposal: Motion model, n_particles: 300",aiserver,2026-09-14T08:33:57+00:00,d7328d3e3c3f,motion_model,300,0.415254,0.633333,0,0.400702,0.00553656,0.4001,0.00685258,162.259,9.20065,0.563283,1.28086,0.0943734,0.0194887,0.649625
77639361f5ac,1,"proposal: Motion model, n_particles: 300",aiserver,2026-09-14T08:33:57+00:00,d7328d3e3c3f,motion_model,300,0.521338,0.7,0,0.385079,0.00484913,0.359819,0.00612257,284.512,23.833,0.713596,1.29723,0.0621898,0.020104,0.670134
6adb8e3ed9a0,2,"proposal: Motion model, n_particles: 300",aiserver,2026-09-14T08:33:57+00:00,d7328d3e3c3f,motion_model,300,0.195832,0.5,0,0.460444,0.00586511,0.504924,0.00905172,8.19643,1.21806,0.211464,0.620478,0.0771175,0.0176341,0.587802
fd6497404f65,3,"proposal: Motion model, n_particles: 300",aiserver,2026-09-14T08:33:57+00:00,d7328d3e3c3f,motion_model,300,0.14877,0.433333,0,0.433077,0.00660639,0.524271,0.00561856,1.26004,0.527805,0.171891,0.247411,0.0224694,0.0172011,0.573371
172df99932ee,4,"proposal: Motion model, n_particles: 300",aiserver,2026-09-14T08:33:57+00:00,d7328d3e3c3f,motion_model,300,0.99376,0.933333,0,0.246786,0.003554,0.130897,0.00602585,6883.77,716.613,1.81876,1.92054,0.433573,0.0241052,0.803506
b8f8e2752270,5,"proposal: Motion model, n_particles: 300",aiserver,2026-09-14T08:33:57+00:00,d7328d3e3c3f,motion_model,300,0.126461,0.433333,0,0.451282,0.00617988,0.537417,0.0157471,2.13418,0.371728,0.133157,0.357617,0.104861,0.0173236,0.577453
9967c59c5fb0,6,"proposal: Motion model, n_particles: 300",aiserver,2026-09-14T08:33:57+00:00,d7328d3e3c3f,motion_model,300,0.334902,0.5,0,0.428222,0.00649468,0.48951,0.00468705,21.3345,1.03871,0.351738,0.707683,0.106405,0.0181846,0.606154
518234a9f756,7,"proposal: Motion model, n_particles: 300",aiserver,2026-09-14T08:33:57+00:00,d7328d3e3c3f,motion_model,300,0.0864826,0.433333,0,0.462564,0.0061745,0.535405,0.0145476,1.7616,0.259833,0.0930672,0.466785,0.0360306,0.017245,0.574834
a21c8426ab5c,8,"proposal: Motion model, n_particles: 300",aiserver,2026-09-14T08:33:57+00:00,d7328d3e3c3f,motion_model,300,0.146955,0.4,0,0.466389,0.00618736,0.582426,0.00528641,6.91546,0.463319,0.185508,0.290131,0.0868359,0.016572,0.5524
a753166ab174,9,"proposal: Motion model, n_particles: 300",aiserver,2026-09-14T08:33:57+00:00,d7328d3e3c3f,motion_model,300,0.138785,0.433333,0,0.480256,0.00636019,0.536536,0.00591521,1.75275,0.480045,0.1531,0.255669,0.100067,0.0168078,0.56026
af0c08f50d10,10,"proposal: Motion model, n_particles: 300",aiserver,2026-09-14T08:33:57+00:00,d7328d3e3c3f,motion_model,300,0.101972,0.4,0,0.481944,0.00649291,0.560849,0.00610768,0.800469,0.450046,0.153342,0.104524,0.0992119,0.0165233,0.550776
c422014c4065,11,"proposal: Motion model, n_particles: 300",aiserver,2026-09-14T08:33:57+00:00,d7328d3e3c3f,motion_model,300,0.17477,0.533333,0,0.455833,0.00564709,0.507205,0.0111563,5.21669,0.728162,0.216025,0.933001,0.180558,0.0183639,0.612129
2d76754f7353,12,"proposal: Motion model, n_particles: 300",aiserver,2026-09-14T08:33:57+00:00,d7328d3e3c3f,motion_model,300,0.0958812,0.433333,0,0.459744,0.00605882,0.537367,0.0194681,0.967965,0.433424,0.108965,0.247498,0.10367,0.0169373,0.564578
f1efc092aec5,13,"proposal: Motion model, n_particles: 300",aiserver,2026-09-14T08:33:57+00:00,d7328d3e3c3f,motion_model,300,0.12802,0.4,0,0.427778,0.00656574,0.531075,0.0177615,1.42132,0.443746,0.157299,0.5739,0.148297,0.0165808,0.552693
611333124a9e,14,"proposal: Motion model, n_particles: 300",aiserver,2026-09-14T08:33:57+00:00,d7328d3e3c3f,motion_model,300,0.175852,0.5,0,0.453778,0.00568423,0.525347,0.00650339,13.6699,1.40346,0.222682,0.990292,0.134069,0.0176877,0.589592
45c532793970,15,"proposal: Motion model, n_particles: 300",aiserver,2026-09-14T08:33:57+00:00,d7328d3e3c3f,motion_model,300,0.0847001,0.366667,0,0.435152,0.00664036,0.551447,0.0132139,1.63485,0.315724,0.0896412,0.50554,0.102291,0.015895,0.529833
f263ca467142,16,"proposal: Motion model, n_particles: 300",aiserver,2026-09-14T08:33:57+00:00,d7328d3e3c3f,motion_model,300,0.11956,0.4,0,0.483889,0.0063312,0.578825,0.00872607,0.783009,0.340186,0.129006,0.157317,0.00818389,0.0166223,0.554076
a9507106e7d3,17,"proposal: Motion model, n_particles: 300",aiserver,2026-09-14T08:33:57+00:00,d7328d3e3c3f,motion_model,300,0.0888977,0.433333,0,0.483333,0.0065424,0.543835,0.0114333,0.611931,0.437603,0.11715,0.158046,0.126273,0.0170801,0.569337
4d399d991775,18,"proposal: Motion model, n_particles: 300",aiserver,2026-09-14T08:33:57+00:00,d7328d3e3c3f,motion_model,300,0.164139,0.433333,0,0.428974,0.00615709,0.525164,0.00915787,6.98961,0.577171,0.196301,0.800593,0.138417,0.0166353,0.55451
d4c2dd267fd5,19,"proposal: Motion model, n_particles: 300",aiserver,2026-09-14T08:33:57+00:00,d7328d3e3c3f,motion_model,300,0.130353,0.366667,0,0.44303,0.00703805,0.546527,0.0093355,0.882187,0.387383,0.132463,0.10381,0.0446763,0.0160369,0.534564
222da371bd11,0,"proposal: Motion model, n_particles: 1000",aiserver,2026-09-14T08:33:57+00:00,d7328d3e3c3f,motion_model,1000,0.0958278,0.433333,0,0.481923,0.00177618,0.565677,0.0062664,0.631793,0.371163,0.109004,0.179726,0.0963024,0.0956366,3.18789
339168484a35,1,"proposal: Motion model, n_particles: 1000",aiserver,2026-09-14T08:33:57+00:00,d7328d3e3c3f,motion_model,1000,0.162638,0.466667,0,0.473,0.00178749,0.544316,0.00806602,1.92857,0.341964,0.207342,0.578915,0.0524802,0.0959338,3.19779
0a16c4d7a152,2,"proposal: Motion model, n_particles: 1000",aiserver,2026-09-14T08:33:57+00:00,d7328d3e3c3f,motion_model,1000,0.0911366,0.366667,0,0.466364,0.00215109,0.558218,0.00644576,0.870938,0.752382,0.133008,0.24722,0.0664507,0.0935361,3.11787
8023226041fc,3,"proposal: Motion model, n_particles: 1000",aiserver,2026-09-14T08:33:57+00:00,d7328d3e3c3f,motion_model,1000,0.0917055,0.4,0,0.47275,0.00197655,0.560112,0.00755033,0.528284,0.337736,0.0967978,0.149081,0.0431506,0.0940186,3.13395
3d5727bc8323,4,"proposal: Motion model, n_particles: 1000",aiserver,2026-09-14T08:33:57+00:00,d7328d3e3c3f,motion_model,1000,0.0758369,0.433333,0,0.474308,0.00187005,0.548892,0.0125365,0.613403,0.37442,0.114926,0.480404,0.0991405,0.0956562,3.18854
b846186b345d,5,"proposal: Motion model, n_particles: 1000",aiserver,2026-09-14T08:33:57+00:00,d7328d3e3c3f,motion_model,1000,0.122938,0.433333,0,0.476231,0.00173694,0.563185,0.00929348,0.536769,0.378153,0.127202,0.38532,0.0670706,0.0951454,3.17151
1f686d6ac396,6,"proposal: Motion model, n_particles: 1000",aiserver,2026-09-14T08:33:57+00:00,d7328d3e3c3f,motion_model,1000,0.127767,0.433333,0,0.46,0.00187787,0.536951,0.00708774,1.0483,0.809958,0.13447,0.495472,0.1582,0.094292,3.14307
9324559d8980,7,"proposal: Motion model, n_particles: 1000",aiserver,2026-09-14T08:33:57+00:00,d7328d3e3c3f,motion_model,1000,0.128133,0.433333,0,0.447308,0.00198699,0.521189,0.00851228,1.1676,0.354833,0.176667,0.348922,0.0451858,0.0953787,3.17929
708c11fbdd2c,8,"proposal: Motion model, n_particles: 1000",aiserver,2026-09-14T08:33:57+00:00,d7328d3e3c3f,motion_model,1000,0.126415,0.4,0,0.470917,0.00185834,0.566905,0.00682967,1.28068,0.30228,0.134452,0.423832,0.102599,0.0948492,3.16164
fc2142c4e400,9,"proposal: Motion model, n_particles: 1000",aiserver,2026-09-14T08:33:57+00:00,d7328d3e3c3f,motion_model,1000,0.120268,0.433333,0,0.428,0.00194333,0.517176,0.00857712,0.957006,0.730068,0.140414,0.649792,0.073359,0.0953464,3.17821
737b84640766,10,"proposal: Motion model, n_particles: 1000",aiserver,2026-09-14T08:33:57+00:00,d7328d3e3c3f,motion_model,1000,0.094908,0.433333,0,0.485769,0.00198532,0.541775,0.00759745,0.746636,0.452254,0.140032,0.195869,0.0707933,0.095497,3.18323
603b65e7c339,11,"proposal: Motion model, n_particles: 1000",aiserver,2026-09-14T08:33:57+00:00,d7328d3e3c3f,motion_model,1000,0.0855668,0.433333,0,0.472462,0.00192965,0.546212,0.00650299,0.629449,0.539022,0.102395,0.330618,0.155196,0.0955309,3.18436
dffb30590728,12,"proposal: Motion model, n_particles: 1000",aiserver,2026-09-14T08:33:57+00:00,d7328d3e3c3f,motion_model,1000,0.0927056,0.433333,0,0.464308,0.00200689,0.530478,0.0101336,0.847175,0.461964,0.13058,0.421985,0.0657203,0.0933696,3.11232
f7ec85f4f634,13,"proposal: Motion model, n_particles: 1000",aiserver,2026-09-14T08:33:57+00:00,d7328d3e3c3f,motion_model,1000,0.0957166,0.366667,0,0.452364,0.00206972,0.55424,0.00926526,0.809649,0.374726,0.118632,0.301551,0.145824,0.0910271,3.03424
5e1b2e4dd56e,14,"proposal: Motion model, n_particles: 1000",aiserver,2026-09-14T08:33:57+00:00,d7328d3e3c3f,motion_model,1000,0.106849,0.4,0,0.485917,0.00192924,0.572666,0.0107881,0.736917,0.521691,0.111694,0.117217,0.130509,0.0927935,3.09312
b843125d9281,15,"proposal: Motion model, n_particles: 1000",aiserver,2026-09-14T08:33:57+00:00,d7328d3e3c3f,motion_model,1000,0.100719,0.4,0,0.436667,0.00199964,0.536848,0.00573498,1.10422,0.349337,0.132059,0.87883,0.107107,0.0923433,3.07811
12694c34e55b,16,"proposal: Motion model, n_particles: 1000",aiserver,2026-09-14T08:33:57+00:00,d7328d3e3c3f,motion_model,1000,0.12476,0.433333,0,0.422385,0.00193269,0.513038,0.00610938,1.20957,0.30812,0.143799,0.73599,0.0216763,0.0422721,1.40907
f4d051f9fa84,17,"proposal: Motion model, n_particles: 1000",aiserver,2026-09-14T08:33:57+00:00,d7328d3e3c3f,motion_model,1000,0.100206,0.433333,0,0.452615,0.00191479,0.534648,0.0120808,0.800618,0.523701,0.132293,0.419187,0.135554,0.042172,1.40573
fa4a6422c346,18,"proposal: Motion model, n_particles: 1000",aiserver,2026-09-14T08:33:57+00:00,d7328d3e3c3f,motion_model,1000,0.111719,0.433333,0,0.460077,0.00184782,0.551005,0.00789116,1.11741,0.6185,0.14922,0.738635,0.174499,0.0423711,1.41237
8ba8625ce3b2,19,"proposal: Motion model, n_particles: 1000",aiserver,2026-09-14T08:33:57+00:00,d7328d3e3c3f,motion_model,1000,0.0789625,0.366667,0,0.441909,0.00195323,0.558621,0.00547323,0.391196,0.312864,0.0868988,0.351747,0.042712,0.0394235,1.31412
27bdf770f155,0,"proposal: Auxiliary PF, n_particles: 50",aiserver,2026-09-14T08:33:57+00:00,d7328d3e3c3f,auxiliary,50,0.229317,0.0333333,0,0.6,0.0515194,0.822588,0.290586,20.4996,0.823503,0.288766,0.342208,0.12886,0.012734,0.424466
bf372d2e2b59,1,"proposal: Auxiliary PF, n_particles: 50",aiserver,2026-09-14T08:33:57+00:00,d7328d3e3c3f,auxiliary,50,0.498039,0.366667,0,0.489091,0.0430322,0.62376,0.0613795,398.462,16.142,0.598518,1.08464,0.118988,0.0133952,0.446508
6d4f92e7068b,2,"proposal: Auxiliary PF, n_particles: 50",aiserver,2026-09-14T08:33:57+00:00,d7328d3e3c3f,auxiliary,50,0.164463,0.1,0,0.513333,0.0505216,0.784621,0.207407,13.3651,0.981062,0.279021,0.146279,0.0669942,0.0128738,0.429126
ac4decf08e7c,3,"proposal: Auxiliary PF, n_particles: 50",aiserver,2026-09-14T08:33:57+00:00,d7328d3e3c3f,auxiliary,50,0.864116,0.933333,0,0.301429,0.0237605,0.170815,0.0204247,1.46905e+08,6262.87,2.02184,1.72658,0.596036,0.0158369,0.527896
0b3e5c1092bc,4,"proposal: Auxiliary PF, n_particles: 50",aiserver,2026-09-14T08:33:57+00:00,d7328d3e3c3f,auxiliary,50,0.40431,0.266667,0,0.46,0.0410997,0.685005,0.0718512,112.029,0.797038,0.519551,0.713417,0.110625,0.0131172,0.437239
e6086993dc0e,5,"proposal: Auxiliary PF, n_particles: 50",aiserver,2026-09-14T08:33:57+00:00,d7328d3e3c3f,auxiliary,50,0.401251,0.166667,0,0.524,0.0452627,0.764043,0.175694,176.553,3.10224,0.457579,0.446973,0.0553821,0.0131612,0.438708
6b4c674f971c,6,"proposal: Auxiliary PF, n_particles: 50",aiserver,2026-09-14T08:33:57+00:00,d7328d3e3c3f,auxiliary,50,0.152545,0.0666667,0,0.59,0.0462129,0.828939,0.211529,6.69186,0.651595,0.165693,0.325558,0.166878,0.0126596,0.421985
5a96b5e41c3f,7,"proposal: Auxiliary PF, n_particles: 50",aiserver,2026-09-14T08:33:57+00:00,d7328d3e3c3f,auxiliary,50,1.16359,0.9,0,0.293333,0.0234568,0.197001,0.0222092,787554,3101.82,2.10553,1.91091,0.816591,0.0161193,0.537309
cdb59161c752,8,"proposal: Auxiliary PF, n_particles: 50",aiserver,2026-09-14T08:33:57+00:00,d7328d3e3c3f,auxiliary,50,0.446615,0.233333,0,0.597143,0.0471631,0.707476,0.295831,293.305,3.99282,0.575769,1.06262,0.0551576,0.0130548,0.43516
fc389dae47c9,9,"proposal: Auxiliary PF, n_particles: 50",aiserver,2026-09-14T08:33:57+00:00,d7328d3e3c3f,auxiliary,50,0.883016,0.666667,0,0.369,0.0355895,0.371126,0.0324086,9117.38,550.347,1.32498,1.34718,0.12228,0.0151965,0.506549
f1e09f4a1852,10,"proposal: Auxiliary PF, n_particles: 50",aiserver,2026-09-14T08:33:57+00:00,d7328d3e3c3f,auxiliary,50,0.18483,0,0,1,0.0521606,0.84988,0.561529,10.4002,1.0991,0.2434,0.618894,0.0822644,0.0119601,0.39867
a6d66a3b2404,11,"proposal: Auxiliary PF, n_particles: 50",aiserver,2026-09-14T08:33:57+00:00,d7328d3e3c3f,auxiliary,50,0.373464,0.133333,0,0.66,0.0511688,0.742168,0.267471,160.855,10.8262,0.446371,0.888348,0.184033,0.013044,0.434799
53779052f715,12,"proposal: Auxiliary PF, n_particles: 50",aiserver,2026-09-14T08:33:57+00:00,d7328d3e3c3f,auxiliary,50,0.459025,0.233333,0,0.622857,0.0434392,0.733267,0.273205,377.612,5.04143,0.530313,0.96668,0.117927,0.0136887,0.456291
ee6670aa8ecc,13,"proposal: Auxiliary PF, n_particles: 50",aiserver,2026-09-14T08:33:57+00:00,d7328d3e3c3f,auxiliary,50,0.234754,0,0,1,0.0524721,0.827449,0.531616,10.2136,0.778073,0.280436,0.47206,0.218567,0.0125482,0.418275
57eefb9255a4,14,"proposal: Auxiliary PF, n_particles: 50",aiserver,2026-09-14T08:33:57+00:00,d7328d3e3c3f,auxiliary,50,0.114162,0,0,1,0.0482022,0.849433,0.662659,7.86231,0.983819,0.139723,0.27773,0.198486,0.0125232,0.417439
a31ec1b19052,15,"proposal: Auxiliary PF, n_particles: 50",aiserver,2026-09-14T08:33:57+00:00,d7328d3e3c3f,auxiliary,50,0.459238,0.366667,0,0.536364,0.0411736,0.648263,0.0369517,281.993,6.85633,0.551177,0.945477,0.0867886,0.0141275,0.470917
5dbcf59dc6f5,16,"proposal: Auxiliary PF, n_particles: 50",aiserver,2026-09-14T08:33:57+00:00,d7328d3e3c3f,auxiliary,50,0.382339,0.2,0,0.42,0.0450149,0.728578,0.0268179,593.356,0.514155,0.454087,0.258995,0.0737523,0.0135113,0.450377
7360e4dd5c2a,17,"proposal: Auxiliary PF, n_particles: 50",aiserver,2026-09-14T08:33:57+00:00,d7328d3e3c3f,auxiliary,50,0.212082,0.0333333,0,0.54,0.0501834,0.845588,0.380422,7.30268,0.690491,0.236254,0.36904,0.106968,0.0122455,0.408184
3f79ee34d770,18,"proposal: Auxiliary PF, n_particles: 50",aiserver,2026-09-14T08:33:57+00:00,d7328d3e3c3f,auxiliary,50,0.791905,0.666667,0,0.409,0.0312039,0.418065,0.0525932,3767.25,339.583,1.14583,1.35962,0.258802,0.0155521,0.518402
79f7c2f60580,19,"proposal: Auxiliary PF, n_particles: 50",aiserver,2026-09-14T08:33:57+00:00,d7328d3e3c3f,auxiliary,50,0.0990228,0,0,1,0.0516587,0.852537,0.68645,1.6669,0.253337,0.118,0.082932,0.0346024,0.0126917,0.423056
7a65f2af7b1d,0,"proposal: Auxiliary PF, n_particles: 100",aiserver,2026-09-14T08:33:57+00:00,d7328d3e3c3f,auxiliary,100,0.135749,0,0,1,0.0323017,0.841814,0.541833,3.40617,0.483744,0.149287,0.583328,0.0815037,0.0166005,0.55335
98227af5c2c8,1,"proposal: Auxiliary PF, n_particles: 100",aiserver,2026-09-14T08:33:57+00:00,d7328d3e3c3f,auxiliary,100,0.418599,0.266667,0,0.52875,0.0242104,0.696792,0.0960989,61.9693,1.27135,0.478784,0.907179,0.0669664,0.0180634,0.602114
18219b87363a,2,"proposal: Auxiliary PF, n_particles: 100",aiserver,2026-09-14T08:33:57+00:00,d7328d3e3c3f,auxiliary,100,0.293252,0.2,0,0.546667,0.0282106,0.725731,0.0815203,52.8503,2.37201,0.392882,0.805456,0.0748002,0.0176137,0.587123
355a3bf70571,3,"proposal: Auxiliary PF, n_particles: 100",aiserver,2026-09-14T08:33:57+00:00,d7328d3e3c3f,auxiliary,100,0.148352,0.0333333,0,0.71,0.0326549,0.807653,0.391477,2.6856,0.740157,0.170253,0.474463,0.0465284,0.0165579,0.55193
a41fd1643ee5,4,"proposal: Auxiliary PF, n_particles: 100",aiserver,2026-09-14T08:33:57+00:00,d7328d3e3c3f,auxiliary,100,0.214414,0.0666667,0,0.66,0.0291642,0.802757,0.438976,9.58515,0.438221,0.265792,0.536384,0.104038,0.0170524,0.568412
9fd4d39fbec5,5,"proposal: Auxiliary PF, n_particles: 100",aiserver,2026-09-14T08:33:57+00:00,d7328d3e3c3f,auxiliary,100,0.451806,0.4,0,0.606667,0.0201658,0.642594,0.0950128,251.384,4.11512,0.565778,1.09671,0.0517946,0.0186539,0.621797
699b708fa05c,6,"proposal: Auxiliary PF, n_particles: 100",aiserver,2026-09-14T08:33:57+00:00,d7328d3e3c3f,auxiliary,100,0.179191,0,0,1,0.0318894,0.8144,0.532633,10.1907,1.08596,0.186436,0.667347,0.168934,0.0160173,0.533909
2e345dfe18e5,7,"proposal: Auxiliary PF, n_particles: 100",aiserver,2026-09-14T08:33:57+00:00,d7328d3e3c3f,auxiliary,100,0.221201,0,0,1,0.0357272,0.799454,0.524976,16.1091,0.70208,0.318451,0.530373,0.027488,0.0161536,0.538454
0676d2548a80,8,"proposal: Auxiliary PF, n_particles: 100",aiserver,2026-09-14T08:33:57+00:00,d7328d3e3c3f,auxiliary,100,0.215754,0.1,0,0.573333,0.0291976,0.779582,0.166625,12.6265,0.227295,0.234628,0.247443,0.0735439,0.0167561,0.558538
7a54a451646d,9,"proposal: Auxiliary PF, n_particles: 100",aiserver,2026-09-14T08:33:57+00:00,d7328d3e3c3f,auxiliary,100,0.290212,0.2,0,0.575,0.0269547,0.735628,0.0519651,32.7401,0.739044,0.338183,0.620069,0.0632558,0.017139,0.571301
1e7f52673add,10,"proposal: Auxiliary PF, n_particles: 100",aiserver,2026-09-14T08:33:57+00:00,d7328d3e3c3f,auxiliary,100,0.0984671,0,0,1,0.0301756,0.861436,0.709174,1.41804,0.569721,0.136801,0.151519,0.0694888,0.0159918,0.533061
de5559bd5bbf,11,"proposal: Auxiliary PF, n_particles: 100",aiserver,2026-09-14T08:33:57+00:00,d7328d3e3c3f,auxiliary,100,0.126389,0.1,0,0.703333,0.0305449,0.790581,0.380023,1.44159,0.637925,0.144232,0.204204,0.179641,0.0165245,0.550816
6aabe791dc6d,12,"proposal: Auxiliary PF, n_particles: 100",aiserver,2026-09-14T08:33:57+00:00,d7328d3e3c3f,auxiliary,100,0.111011,0,0,1,0.0312082,0.847118,0.654716,1.58412,0.703967,0.11734,0.177288,0.0862143,0.0160334,0.534447
ef6901b79db5,13,"proposal: Auxiliary PF, n_particles: 100",aiserver,2026-09-14T08:33:57+00:00,d7328d3e3c3f,auxiliary,100,0.230763,0.1,0,0.653333,0.0303638,0.792938,0.428592,16.1316,0.434463,0.316955,0.501201,0.161684,0.0167557,0.558524
4cc117503d12,14,"proposal: Auxiliary PF, n_particles: 100",aiserver,2026-09-14T08:33:57+00:00,d7328d3e3c3f,auxiliary,100,0.204558,0.0666667,0,0.63,0.033191,0.790159,0.388229,17.1468,1.12274,0.271764,0.325216,0.123111,0.0165464,0.551547
e0dc486a8de1,15,"proposal: Auxiliary PF, n_particles: 100",aiserver,2026-09-14T08:33:57+00:00,d7328d3e3c3f,auxiliary,100,0.1926,0.0666667,0,0.595,0.0322811,0.801008,0.39084,6.14768,0.364019,0.249672,0.11784,0.121374,0.0165087,0.550289
47fea054c2ef,16,"proposal: Auxiliary PF, n_particles: 100",aiserver,2026-09-14T08:33:57+00:00,d7328d3e3c3f,auxiliary,100,0.218434,0.0666667,0,0.595,0.0295705,0.793509,0.14293,20.5062,0.432687,0.280718,0.562732,0.0162644,0.0168355,0.561182
3feb9f340e97,17,"proposal: Auxiliary PF, n_particles: 100",aiserver,2026-09-14T08:33:57+00:00,d7328d3e3c3f,auxiliary,100,0.1163,0.0333333,0,0.74,0.0307663,0.834387,0.495662,1.37049,0.572564,0.138288,0.22442,0.145362,0.0164649,0.548832
1deae75fbd6e,18,"proposal: Auxiliary PF, n_particles: 100",aiserver,2026-09-14T08:33:57+00:00,d7328d3e3c3f,auxiliary,100,0.198224,0.0333333,0,0.62,0.0345356,0.805479,0.405585,4.65849,0.88789,0.209077,0.939183,0.183516,0.0165908,0.553026
a84f8b5274cf,19,"proposal: Auxiliary PF, n_particles: 100",aiserver,2026-09-14T08:33:57+00:00,d7328d3e3c3f,auxiliary,100,0.238358,0.133333,0,0.56,0.0269335,0.752253,0.14717,48.5949,0.476834,0.311201,0.734219,0.0490761,0.01707,0.568999
31a2326b14bc,0,"proposal: Auxiliary PF, n_particles: 300",aiserver,2026-09-14T08:33:58+00:00,d7328d3e3c3f,auxiliary,300,0.216472,0.0666667,0,0.661667,0.0136717,0.800701,0.354591,6.45294,0.517318,0.267597,0.96216,0.102333,0.0310072,1.03357
e9461843126b,1,"proposal: Auxiliary PF, n_particles: 300",aiserver,2026-09-14T08:33:58+00:00,d7328d3e3c3f,auxiliary,300,0.443259,0.333333,0,0.501333,0.00991867,0.637049,0.0529037,82.6791,2.53091,0.572176,1.36468,0.0450586,0.0336786,1.12262
dd7fc42c3be5,2,"proposal: Auxiliary PF, n_particles: 300",aiserver,2026-09-14T08:33:58+00:00,d7328d3e3c3f,auxiliary,300,0.132325,0.0333333,0,0.573333,0.0131149,0.814238,0.359552,3.39473,1.00578,0.218213,0.354443,0.0634016,0.0305094,1.01698
2a8412daeaff,3,"proposal: Auxiliary PF, n_particles: 300",aiserver,2026-09-14T08:33:58+00:00,d7328d3e3c3f,auxiliary,300,0.100176,0.0666667,0,0.705,0.0120732,0.810028,0.271939,0.456073,0.334729,0.113018,0.124341,0.0438948,0.0301576,1.00525
5bcaae6414d8,4,"proposal: Auxiliary PF, n_particles: 300",aiserver,2026-09-14T08:33:58+00:00,d7328d3e3c3f,auxiliary,300,0.656163,0.5,0,0.408444,0.0076123,0.503608,0.0107744,436.762,43.281,0.904331,1.56219,0.104304,0.0360261,1.20087
ffc0aed6d819,5,"proposal: Auxiliary PF, n_particles: 300",aiserver,2026-09-14T08:33:58+00:00,d7328d3e3c3f,auxiliary,300,0.127488,0,0,1,0.0152114,0.830398,0.664591,2.35182,0.33083,0.136768,0.417827,0.0575695,0.0295791,0.98597
f4673adce459,6,"proposal: Auxiliary PF, n_particles: 300",aiserver,2026-09-14T08:33:58+00:00,d7328d3e3c3f,auxiliary,300,0.248531,0,0,1,0.0156295,0.801237,0.566788,2.26139,0.830983,0.251925,0.536869,0.139647,0.029882,0.996068
f0f2e8b30552,7,"proposal: Auxiliary PF, n_particles: 300",aiserver,2026-09-14T08:33:58+00:00,d7328d3e3c3f,auxiliary,300,0.0861688,0,0,1,0.01377,0.83227,0.592092,0.882383,0.271304,0.0969393,0.466697,0.0613387,0.0288789,0.962629
2cb1a3584d40,8,"proposal: Auxiliary PF, n_particles: 300",aiserver,2026-09-14T08:33:58+00:00,d7328d3e3c3f,auxiliary,300,0.123288,0.0333333,0,0.75,0.0128189,0.838625,0.48945,1.70332,0.333983,0.138598,0.19229,0.0725222,0.0294532,0.981774
559ec3b6f49d,9,"proposal: Auxiliary PF, n_particles: 300",aiserver,2026-09-14T08:33:58+00:00,d7328d3e3c3f,auxiliary,300,0.130523,0,0,1,0.0126435,0.851092,0.668448,1.05265,0.58192,0.143243,0.260958,0.0922468,0.0291613,0.972042
8ef771863b53,10,"proposal: Auxiliary PF, n_particles: 300",aiserver,2026-09-14T08:33:58+00:00,d7328d3e3c3f,auxiliary,300,0.114721,0,0,1,0.0125839,0.857879,0.671291,1.26805,0.462201,0.153566,0.13616,0.0713338,0.0296798,0.989326
0ef42852cb54,11,"proposal: Auxiliary PF, n_particles: 300",aiserver,2026-09-14T08:33:58+00:00,d7328d3e3c3f,auxiliary,300,0.094586,0.1,0,0.714444,0.0117751,0.803572,0.462991,1.71606,0.550997,0.123679,0.88229,0.180524,0.0308086,1.02695
c2f26690465a,12,"proposal: Auxiliary PF, n_particles: 300",aiserver,2026-09-14T08:33:58+00:00,d7328d3e3c3f,auxiliary,300,0.100637,0,0,1,0.0138194,0.83828,0.713317,1.11362,0.533388,0.108644,0.303655,0.0987344,0.030007,1.00023
723880bc962a,13,"proposal: Auxiliary PF, n_particles: 300",aiserver,2026-09-14T08:33:58+00:00,d7328d3e3c3f,auxiliary,300,0.13487,0,0,1,0.0145341,0.830984,0.564599,1.25068,0.488383,0.162312,0.606882,0.118925,0.0300301,1.001
744f9f249b0a,14,"proposal: Auxiliary PF, n_particles: 300",aiserver,2026-09-14T08:33:58+00:00,d7328d3e3c3f,auxiliary,300,0.148219,0.1,0,0.71,0.0143338,0.773134,0.342147,7.839,1.2366,0.198757,0.964161,0.12754,0.0312521,1.04174
0de923a99139,15,"proposal: Auxiliary PF, n_particles: 300",aiserver,2026-09-14T08:33:58+00:00,d7328d3e3c3f,auxiliary,300,0.0918878,0.0333333,0,0.71,0.0116139,0.84049,0.399862,1.62576,0.311948,0.0996011,0.743569,0.132472,0.0304093,1.01364
3013e1dffc41,16,"proposal: Auxiliary PF, n_particles: 300",aiserver,2026-09-14T08:33:58+00:00,d7328d3e3c3f,auxiliary,300,0.119774,0,0,1,0.0137024,0.852226,0.631859,0.712246,0.362797,0.131679,0.177226,0.0299878,0.0302976,1.00992
dab83255e819,17,"proposal: Auxiliary PF, n_particles: 300",aiserver,2026-09-14T08:33:58+00:00,d7328d3e3c3f,auxiliary,300,0.0929256,0.0333333,0,0.693333,0.0137171,0.825399,0.452541,0.494499,0.460154,0.114145,0.208063,0.120408,0.0302026,1.00675
6ef107dc8486,18,"proposal: Auxiliary PF, n_particles: 300",aiserver,2026-09-14T08:33:58+00:00,d7328d3e3c3f,auxiliary,300,0.135957,0,0,1,0.0131311,0.833222,0.678459,1.77022,0.734376,0.17035,0.593073,0.164799,0.0298381,0.994604
975e32cd0eb0,19,"proposal: Auxiliary PF, n_particles: 300",aiserver,2026-09-14T08:33:58+00:00,d7328d3e3c3f,auxiliary,300,0.10102,0.0666667,0,0.785,0.0121891,0.815527,0.183268,0.471006,0.359536,0.102843,0.143745,0.0413989,0.0307286,1.02429
f0029a0d0e0f,0,"proposal: Auxiliary PF, n_particles: 1000",aiserver,2026-09-14T08:33:58+00:00,d7328d3e3c3f,auxiliary,1000,0.0966255,0,0,1,0.00563754,0.848202,0.711829,0.507152,0.363777,0.10999,0.150197,0.0966533,0.0735642,2.45214
e05d8ae507ae,1,"proposal: Auxiliary PF, n_particles: 1000",aiserver,2026-09-14T08:33:58+00:00,d7328d3e3c3f,auxiliary,1000,0.12074,0,0,1,0.00534346,0.835091,0.547125,0.70899,0.22429,0.150207,0.422878,0.0554804,0.0737046,2.45682
75701373b273,2,"proposal: Auxiliary PF, n_particles: 1000",aiserver,2026-09-14T08:33:58+00:00,d7328d3e3c3f,auxiliary,1000,0.0881616,0,0,1,0.00557137,0.829329,0.541654,0.837756,0.725315,0.137429,0.309909,0.0693357,0.0741561,2.47187
44592c432411,3,"proposal: Auxiliary PF, n_particles: 1000",aiserver,2026-09-14T08:33:58+00:00,d7328d3e3c3f,auxiliary,1000,0.083585,0.0333333,0,0.656,0.00502932,0.832512,0.431641,0.352963,0.241475,0.093137,0.10169,0.0454653,0.0751287,2.50429
22f30f356410,4,"proposal: Auxiliary PF, n_particles: 1000",aiserver,2026-09-14T08:33:58+00:00,d7328d3e3c3f,auxiliary,1000,0.0803039,0,0,1,0.00588751,0.842591,0.647581,0.561897,0.380105,0.12001,0.388225,0.0859005,0.074113,2.47043
7c238293d572,5,"proposal: Auxiliary PF, n_particles: 1000",aiserver,2026-09-14T08:33:58+00:00,d7328d3e3c3f,auxiliary,1000,0.111391,0.0333333,0,0.685,0.00609368,0.821832,0.450782,0.486262,0.308354,0.114564,0.473129,0.0785095,0.0757166,2.52389
798872f91a73,6,"proposal: Auxiliary PF, n_particles: 1000",aiserver,2026-09-14T08:33:58+00:00,d7328d3e3c3f,auxiliary,1000,0.102913,0,0,1,0.00570252,0.827884,0.566097,0.536739,0.428758,0.105289,0.335299,0.14474,0.0736978,2.45659
b92379944519,7,"proposal: Auxiliary PF, n_particles: 1000",aiserver,2026-09-14T08:33:58+00:00,d7328d3e3c3f,auxiliary,1000,0.0933636,0,0,1,0.00549886,0.824489,0.576442,0.514296,0.281373,0.119634,0.29663,0.0320634,0.0739667,2.46556
c83432912b97,8,"proposal: Auxiliary PF, n_particles: 1000",aiserver,2026-09-14T08:33:58+00:00,d7328d3e3c3f,auxiliary,1000,0.125104,0,0,1,0.0057373,0.837154,0.527915,1.23382,0.3443,0.132579,0.396509,0.114474,0.0728775,2.42925
e70b0c0b3541,9,"proposal: Auxiliary PF, n_particles: 1000",aiserver,2026-09-14T08:33:58+00:00,d7328d3e3c3f,auxiliary,1000,0.109707,0,0,1,0.00512371,0.841164,0.560596,0.848501,0.664237,0.126244,0.560842,0.0722519,0.0738009,2.46003
04c382fa71ec,10,"proposal: Auxiliary PF, n_particles: 1000",aiserver,2026-09-14T08:33:58+00:00,d7328d3e3c3f,auxiliary,1000,0.0796721,0,0,1,0.00488903,0.857849,0.747255,0.512795,0.3772,0.111027,0.115603,0.0857232,0.0735479,2.4516
b9c7cb32314a,11,"proposal: Auxiliary PF, n_particles: 1000",aiserver,2026-09-14T08:33:58+00:00,d7328d3e3c3f,auxiliary,1000,0.0907389,0,0,1,0.00602879,0.821848,0.524733,0.558971,0.491232,0.103503,0.442701,0.171508,0.0731998,2.43999
82939476e160,12,"proposal: Auxiliary PF, n_particles: 1000",aiserver,2026-09-14T08:33:58+00:00,d7328d3e3c3f,auxiliary,1000,0.102438,0,0,1,0.00596375,0.829624,0.700106,0.768028,0.591138,0.126617,0.477419,0.0572643,0.0744845,2.48282
9eb3c1595660,13,"proposal: Auxiliary PF, n_particles: 1000",aiserver,2026-09-14T08:33:58+00:00,d7328d3e3c3f,auxiliary,1000,0.10578,0,0,1,0.00642995,0.822556,0.625725,0.620485,0.389497,0.129409,0.256444,0.164639,0.0738664,2.46221
f776eda1ec75,14,"proposal: Auxiliary PF, n_particles: 1000",aiserver,2026-09-14T08:33:58+00:00,d7328d3e3c3f,auxiliary,1000,0.102525,0,0,1,0.00564259,0.83817,0.6667,0.610933,0.461173,0.105317,0.140468,0.129943,0.0738819,2.46273
3cd82a76a58e,15,"proposal: Auxiliary PF, n_particles: 1000",aiserver,2026-09-14T08:33:58+00:00,d7328d3e3c3f,auxiliary,1000,0.0951436,0.0333333,0,0.758,0.00627788,0.820213,0.444487,0.933578,0.353366,0.122586,0.792603,0.107576,0.0753546,2.51182
e901cba9b94f,16,"proposal: Auxiliary PF, n_particles: 1000",aiserver,2026-09-14T08:33:58+00:00,d7328d3e3c3f,auxiliary,1000,0.12122,0,0,1,0.00608548,0.823049,0.532521,1.26697,0.249234,0.137588,0.787728,0.0225183,0.0758264,2.52755
3ffc352708ad,17,"proposal: Auxiliary PF, n_particles: 1000",aiserver,2026-09-14T08:33:58+00:00,d7328d3e3c3f,auxiliary,1000,0.097904,0,0,1,0.00627103,0.821127,0.606801,0.784967,0.523827,0.127424,0.583913,0.130066,0.0753788,2.51263
ba255690534c,18,"proposal: Auxiliary PF, n_particles: 1000",aiserver,2026-09-14T08:33:58+00:00,d7328d3e3c3f,auxiliary,1000,0.102561,0,0,1,0.00594105,0.829493,0.535061,0.826522,0.603024,0.134854,0.384526,0.175943,0.0758724,2.52908
bd3e89fff920,19,"proposal: Auxiliary PF, n_particles: 1000",aiserver,2026-09-14T08:33:58+00:00,d7328d3e3c3f,auxiliary,1000,0.0719576,0,0,1,0.00493081,0.848882,0.592866,0.309222,0.218911,0.0754877,0.481185,0.0377825,0.0753135,2.51045
c8d3076e520f,0,"proposal: Extended Kalman PF, n_particles: 50",aiserver,2026-09-14T08:33:58+00:00,d7328d3e3c3f,extended_kalman,50,0.142385,1,0,0.395333,0.02,0.276427,0.0239035,24.6261,0.654424,0.148858,0.227371,0.129538,0.054762,1.8254
8d68329c0603,1,"proposal: Extended Kalman PF, n_particles: 50",aiserver,2026-09-14T08:33:58+00:00,d7328d3e3c3f,extended_kalman,50,0.367762,1,0,0.300667,0.02,0.196788,0.02,1.78912e+08,2.04015,0.565721,0.824635,0.0398254,0.0549668,1.83223
26d1edc9b7d9,2,"proposal: Extended Kalman PF, n_particles: 50",aiserver,2026-09-14T08:33:58+00:00,d7328d3e3c3f,extended_kalman,50,0.119835,1,0,0.369333,0.02,0.252439,0.02,4.27294e+06,1.05187,0.164602,0.184711,0.0362504,0.0545763,1.81921
8ae37b48b537,3,"proposal: Extended Kalman PF, n_particles: 50",aiserver,2026-09-14T08:33:58+00:00,d7328d3e3c3f,extended_kalman,50,0.436779,1,0,0.094,0.02,0.0442076,0.02,6.41366e+08,2897.76,1.26948,2.25997,0.623848,0.0553777,1.84592
001b7508b3e1,4,"proposal: Extended Kalman PF, n_particles: 50",aiserver,2026-09-14T08:33:58+00:00,d7328d3e3c3f,extended_kalman,50,0.313697,1,0,0.298,0.02,0.191916,0.02,1.33194e+08,4.62129,0.422216,0.993426,0.213956,0.0555772,1.85257
da4ee6f58af1,5,"proposal: Extended Kalman PF, n_particles: 50",aiserver,2026-09-14T08:33:58+00:00,d7328d3e3c3f,extended_kalman,50,0.177356,1,0,0.390667,0.02,0.264663,0.02,1.44996e+07,1.26156,0.18805,0.279493,0.16008,0.054259,1.80863
fdbb671dbe6c,6,"proposal: Extended Kalman PF, n_particles: 50",aiserver,2026-09-14T08:33:58+00:00,d7328d3e3c3f,extended_kalman,50,0.53368,1,0,0.0826667,0.02,0.0371254,0.0200001,2.3669e+09,27027.9,1.50972,2.29662,0.975125,0.053794,1.79313
90cc480e5a73,7,"proposal: Extended Kalman PF, n_particles: 50",aiserver,2026-09-14T08:33:58+00:00,d7328d3e3c3f,extended_kalman,50,0.531684,1,0,0.078,0.02,0.0348632,0.02,1.35231e+09,319437,1.49953,2.27578,1.17554,0.0554402,1.84801
5202c62eb69c,8,"proposal: Extended Kalman PF, n_particles: 50",aiserver,2026-09-14T08:33:58+00:00,d7328d3e3c3f,extended_kalman,50,0.2831,1,0,0.320667,0.02,0.197174,0.02,1.23497e+08,2.67278,0.454568,0.809548,0.0311944,0.0542486,1.80829
624cc5b809b4,9,"proposal: Extended Kalman PF, n_particles: 50",aiserver,2026-09-14T08:33:58+00:00,d7328d3e3c3f,extended_kalman,50,0.434278,1,0,0.278,0.02,0.161733,0.02,1.38723e+08,50.1769,0.619383,1.10255,0.071695,0.0545391,1.81797
b322e91a6d5b,10,"proposal: Extended Kalman PF, n_particles: 50",aiserver,2026-09-14T08:33:58+00:00,d7328d3e3c3f,extended_kalman,50,0.127489,1,0,0.386,0.02,0.258993,0.0351638,674052,1.38968,0.159335,0.284977,0.142028,0.0547323,1.82441
ae7b533039e9,11,"proposal: Extended Kalman PF, n_particles: 50",aiserver,2026-09-14T08:33:58+00:00,d7328d3e3c3f,extended_kalman,50,0.588438,1,0,0.168667,0.02,0.0945161,0.02,5.79695e+08,679.901,1.11572,1.63052,0.196711,0.0563001,1.87667
630dc4dfbb32,12,"proposal: Extended Kalman PF, n_particles: 50",aiserver,2026-09-14T08:33:58+00:00,d7328d3e3c3f,extended_kalman,50,0.34335,1,0,0.333333,0.02,0.212939,0.02,2.03972e+08,1.909,0.411728,1.0617,0.0283796,0.053325,1.7775
72916cc3b45d,13,"proposal: Extended Kalman PF, n_particles: 50",aiserver,2026-09-14T08:33:58+00:00,d7328d3e3c3f,extended_kalman,50,0.33493,1,0,0.319333,0.02,0.206148,0.0200176,3.77547e+07,2.09941,0.428684,0.763986,0.253619,0.0548823,1.82941
033ce0fbb56d,14,"proposal: Extended Kalman PF, n_particles: 50",aiserver,2026-09-14T08:33:58+00:00,d7328d3e3c3f,extended_kalman,50,0.353965,1,0,0.26,0.02,0.155563,0.02,9.44699e+07,47.6201,0.613627,0.893387,0.0973832,0.05469,1.823
eb2510484ad0,15,"proposal: Extended Kalman PF, n_particles: 50",aiserver,2026-09-14T08:33:58+00:00,d7328d3e3c3f,extended_kalman,50,0.133277,1,0,0.399333,0.02,0.27389,0.0308557,1.98276e+07,1.0287,0.141673,0.296952,0.125191,0.0554956,1.84985
e6b0b72709c5,16,"proposal: Extended Kalman PF, n_particles: 50",aiserver,2026-09-14T08:33:58+00:00,d7328d3e3c3f,extended_kalman,50,0.160373,1,0,0.342667,0.02,0.227475,0.02,3.2046e+07,0.710568,0.270708,0.448761,0.136096,0.0548994,1.82998
d353ce167108,17,"proposal: Extended Kalman PF, n_particles: 50",aiserver,2026-09-14T08:33:58+00:00,d7328d3e3c3f,extended_kalman,50,0.118154,1,0,0.385333,0.02,0.252191,0.02,6.70418e+06,1.40048,0.173492,0.145883,0.157038,0.0547689,1.82563
51b551557311,18,"proposal: Extended Kalman PF, n_particles: 50",aiserver,2026-09-14T08:33:58+00:00,d7328d3e3c3f,extended_kalman,50,0.662119,1,0,0.184667,0.02,0.108507,0.02,1.02842e+09,1721.78,1.12354,1.85912,0.283379,0.0538276,1.79425
34c7d8625b84,19,"proposal: Extended Kalman PF, n_particles: 50",aiserver,2026-09-14T08:33:58+00:00,d7328d3e3c3f,extended_kalman,50,0.280967,1,0,0.288667,0.02,0.183317,0.02,1.3194e+08,2.0975,0.564828,0.564871,0.0592072,0.0558115,1.86038
0e3e9eb69424,0,"proposal: Extended Kalman PF, n_particles: 100",aiserver,2026-09-14T08:33:58+00:00,d7328d3e3c3f,extended_kalman,100,0.16498,1,0,0.358333,0.01,0.23919,0.0102727,268654,0.973729,0.195481,0.57232,0.0740074,0.0805148,2.68383
749df456f974,1,"proposal: Extended Kalman PF, n_particles: 100",aiserver,2026-09-14T08:33:58+00:00,d7328d3e3c3f,extended_kalman,100,0.34932,1,0,0.073,0.01,0.0224664,0.01,4.48499e+08,4573.44,1.68991,2.65213,1.92034,0.0785653,2.61884
cf64a21bb47e,2,"proposal: Extended Kalman PF, n_particles: 100",aiserver,2026-09-14T08:33:58+00:00,d7328d3e3c3f,extended_kalman,100,0.460359,1,0,0.186,0.01,0.0930072,0.01,2.4603e+08,164.456,0.718903,1.39058,0.171383,0.0788418,2.62806
60e02bd8869d,3,"proposal: Extended Kalman PF, n_particles: 100",aiserver,2026-09-14T08:33:58+00:00,d7328d3e3c3f,extended_kalman,100,0.441266,1,0,0.0746667,0.01,0.027448,0.01,9.59624e+08,2571.75,1.49572,2.58249,1.25791,0.0804454,2.68151
3f2ad8eb9e35,4,"proposal: Extended Kalman PF, n_particles: 100",aiserver,2026-09-14T08:33:58+00:00,d7328d3e3c3f,extended_kalman,100,0.156957,1,0,0.345667,0.01,0.225646,0.0137334,5.89679,0.900359,0.192883,0.48637,0.148959,0.0773861,2.57954
70137c579a66,5,"proposal: Extended Kalman PF, n_particles: 100",aiserver,2026-09-14T08:33:58+00:00,d7328d3e3c3f,extended_kalman,100,0.411236,1,0,0.280667,0.01,0.17269,0.01,2.16278e+08,29.1754,0.513248,1.34961,0.121631,0.0773246,2.57749
7d6360fa4896,6,"proposal: Extended Kalman PF, n_particles: 100",aiserver,2026-09-14T08:33:58+00:00,d7328d3e3c3f,extended_kalman,100,0.212048,1,0,0.361333,0.01,0.238525,0.01,5.28379e+07,1.56253,0.224348,0.575503,0.136828,0.0776475,2.58825
91654ff3f111,7,"proposal: Extended Kalman PF, n_particles: 100",aiserver,2026-09-14T08:33:58+00:00,d7328d3e3c3f,extended_kalman,100,0.453651,1,0,0.0776667,0.01,0.0322319,0.0100028,6.83104e+08,2996.16,1.50744,2.44205,1.33659,0.081467,2.71557
cf3bd499a814,8,"proposal: Extended Kalman PF, n_particles: 100",aiserver,2026-09-14T08:33:58+00:00,d7328d3e3c3f,extended_kalman,100,0.113608,1,0,0.373333,0.01,0.24415,0.01,301584,0.756508,0.118887,0.17476,0.172627,0.0776122,2.58707
5633ab4bba1e,9,"proposal: Extended Kalman PF, n_particles: 100",aiserver,2026-09-14T08:33:58+00:00,d7328d3e3c3f,extended_kalman,100,0.235301,1,0,0.338333,0.01,0.222166,0.01,6.65485e+07,0.960961,0.243796,0.542817,0.0480169,0.0787625,2.62542
426524a0f3e0,10,"proposal: Extended Kalman PF, n_particles: 100",aiserver,2026-09-14T08:33:58+00:00,d7328d3e3c3f,extended_kalman,100,0.128775,1,0,0.372667,0.01,0.240048,0.01,5.01551e+07,0.545353,0.180517,0.497251,0.105078,0.07763,2.58767
a2f0538ea5ea,11,"proposal: Extended Kalman PF, n_particles: 100",aiserver,2026-09-14T08:33:58+00:00,d7328d3e3c3f,extended_kalman,100,0.135912,1,0,0.380667,0.01,0.249595,0.0134264,390598,0.957687,0.141861,0.650141,0.197228,0.0802465,2.67488
b53a47b4971e,12,"proposal: Extended Kalman PF, n_particles: 100",aiserver,2026-09-14T08:33:58+00:00,d7328d3e3c3f,extended_kalman,100,0.120662,1,0,0.378,0.01,0.238457,0.01,4.9743e+06,0.787617,0.130393,0.263264,0.0497153,0.0787765,2.62588
3e600f53af6f,13,"proposal: Extended Kalman PF, n_particles: 100",aiserver,2026-09-14T08:33:58+00:00,d7328d3e3c3f,extended_kalman,100,0.164825,1,0,0.383,0.01,0.258475,0.0100006,5.58171e+07,1.12871,0.205012,0.470274,0.0729802,0.0774374,2.58125
45ba10e435d3,14,"proposal: Extended Kalman PF, n_particles: 100",aiserver,2026-09-14T08:33:58+00:00,d7328d3e3c3f,extended_kalman,100,0.159273,1,0,0.364667,0.01,0.238278,0.01,3.67044e+07,1.45693,0.22361,0.373922,0.193028,0.0774258,2.58086
d8a3eaae6821,15,"proposal: Extended Kalman PF, n_particles: 100",aiserver,2026-09-14T08:33:58+00:00,d7328d3e3c3f,extended_kalman,100,0.159957,1,0,0.390333,0.01,0.260254,0.01,2.88084e+07,0.788056,0.168397,0.346996,0.189443,0.0801878,2.67293
632eb207a3fd,16,"proposal: Extended Kalman PF, n_particles: 100",aiserver,2026-09-14T08:33:58+00:00,d7328d3e3c3f,extended_kalman,100,0.193994,1,0,0.345,0.01,0.220961,0.01,4.95657e+07,1.24314,0.279187,0.514363,0.0128154,0.0778735,2.59578
6a016aaac081,17,"proposal: Extended Kalman PF, n_particles: 100",aiserver,2026-09-14T08:33:58+00:00,d7328d3e3c3f,extended_kalman,100,0.204087,1,0,0.344333,0.01,0.227999,0.0100001,1.06128e+08,1.71955,0.30358,0.664185,0.182668,0.080648,2.68827
88935078edbc,18,"proposal: Extended Kalman PF, n_particles: 100",aiserver,2026-09-14T08:33:58+00:00,d7328d3e3c3f,extended_kalman,100,0.406529,1,0,0.216667,0.01,0.122048,0.0101952,1.52049e+07,92.4777,0.72208,1.19076,0.214452,0.0788388,2.62796
247be6e30124,19,"proposal: Extended Kalman PF, n_particles: 100",aiserver,2026-09-14T08:33:58+00:00,d7328d3e3c3f,extended_kalman,100,0.129425,1,0,0.393667,0.01,0.260657,0.01,2.0194e+07,0.839687,0.149629,0.300625,0.124485,0.0805349,2.6845
e648a6f09068,0,"proposal: Extended Kalman PF, n_particles: 300",aiserver,2026-09-14T08:33:58+00:00,d7328d3e3c3f,extended_kalman,300,0.197178,1,0,0.339111,0.00333333,0.213943,0.00443607,878904,0.516964,0.256506,0.854133,0.131061,0.167911,5.59702
3e4f303228be,1,"proposal: Extended Kalman PF, n_particles: 300",aiserver,2026-09-14T08:33:58+00:00,d7328d3e3c3f,extended_kalman,300,0.358852,1,0,0.291889,0.00333333,0.177424,0.00333333,1.38503e+08,1.43311,0.466178,0.958999,0.0654794,0.169167,5.6389
fc2ebb86dbcc,2,"proposal: Extended Kalman PF, n_particles: 300",aiserver,2026-09-14T08:33:58+00:00,d7328d3e3c3f,extended_kalman,300,0.178692,1,0,0.344333,0.00333333,0.221483,0.00333337,5.44546e+07,1.00601,0.310891,0.42453,0.104951,0.172797,5.7599
b7e5590e9e83,3,"proposal: Extended Kalman PF, n_particles: 300",aiserver,2026-09-14T08:33:58+00:00,d7328d3e3c3f,extended_kalman,300,0.21925,1,0,0.343444,0.00333333,0.216082,0.00376311,4.17873e+06,0.28852,0.229271,0.940386,0.083546,0.181119,6.03731
141e7834ea1c,4,"proposal: Extended Kalman PF, n_particles: 300",aiserver,2026-09-14T08:33:58+00:00,d7328d3e3c3f,extended_kalman,300,0.319196,1,0,0.0544444,0.00333333,0.0126291,0.00333333,2.25875e+08,771.562,1.34043,1.97473,0.958128,0.170369,5.67897
5b0084a5a21c,5,"proposal: Extended Kalman PF, n_particles: 300",aiserver,2026-09-14T08:33:58+00:00,d7328d3e3c3f,extended_kalman,300,0.225035,1,0,0.346222,0.00333333,0.222563,0.00337798,4.86909e+06,0.527624,0.254272,0.685261,0.0474123,0.170556,5.6852
6809b7c5b065,6,"proposal: Extended Kalman PF, n_particles: 300",aiserver,2026-09-14T08:33:58+00:00,d7328d3e3c3f,extended_kalman,300,0.188238,1,0,0.337,0.00333333,0.21063,0.00333346,1.3411e+08,0.68032,0.338833,0.766852,0.14208,0.17396,5.79867
a8efa5c06b90,7,"proposal: Extended Kalman PF, n_particles: 300",aiserver,2026-09-14T08:33:58+00:00,d7328d3e3c3f,extended_kalman,300,0.133303,1,0,0.366222,0.00333333,0.239524,0.00778377,28.4399,0.428022,0.143149,0.862505,0.0527253,0.17732,5.91067
6052fe936ac7,8,"proposal: Extended Kalman PF, n_particles: 300",aiserver,2026-09-14T08:33:58+00:00,d7328d3e3c3f,extended_kalman,300,0.412551,1,0,0.303111,0.00333333,0.192053,0.00337233,1.08294e+07,0.698753,0.464768,0.970839,0.142188,0.170702,5.69006
36f67e856880,9,"proposal: Extended Kalman PF, n_particles: 300",aiserver,2026-09-14T08:33:58+00:00,d7328d3e3c3f,extended_kalman,300,0.493749,1,0,0.242333,0.00333333,0.137695,0.00340085,121517,17.974,0.626905,1.49765,0.0693271,0.172021,5.73404
42bbf41bdc25,10,"proposal: Extended Kalman PF, n_particles: 300",aiserver,2026-09-14T08:33:58+00:00,d7328d3e3c3f,extended_kalman,300,0.140207,1,0,0.374333,0.00333333,0.23763,0.00546829,4.74497e+06,0.592376,0.178293,0.171621,0.0292062,0.175447,5.84823
138662230fe6,11,"proposal: Extended Kalman PF, n_particles: 300",aiserver,2026-09-14T08:33:58+00:00,d7328d3e3c3f,extended_kalman,300,0.177848,1,0,0.359889,0.00333333,0.230968,0.00368882,140775,0.476742,0.2202,0.980591,0.158175,0.180117,6.0039
5f0f7e6fca3c,12,"proposal: Extended Kalman PF, n_particles: 300",aiserver,2026-09-14T08:33:58+00:00,d7328d3e3c3f,extended_kalman,300,0.177967,1,0,0.329889,0.00333333,0.201741,0.00521099,120951,0.808929,0.305248,0.664141,0.0711335,0.173503,5.78345
e449da2da678,13,"proposal: Extended Kalman PF, n_particles: 300",aiserver,2026-09-14T08:33:58+00:00,d7328d3e3c3f,extended_kalman,300,0.201126,1,0,0.327333,0.00333333,0.205011,0.00333463,6.3716e+07,0.436931,0.34373,0.563732,0.11809,0.179226,5.97419
743f745fa6e7,14,"proposal: Extended Kalman PF, n_particles: 300",aiserver,2026-09-14T08:33:58+00:00,d7328d3e3c3f,extended_kalman,300,0.591959,1,0,0.221889,0.00333333,0.12351,0.0037813,2.71155e+07,46.378,0.832773,1.53019,0.0892273,0.174633,5.8211
1721d56872e3,15,"proposal: Extended Kalman PF, n_particles: 300",aiserver,2026-09-14T08:33:58+00:00,d7328d3e3c3f,extended_kalman,300,0.104055,1,0,0.384444,0.00333333,0.252712,0.00333376,2.13819e+07,0.335361,0.113671,0.330548,0.144249,0.17942,5.98066
ee7d111a04d8,16,"proposal: Extended Kalman PF, n_particles: 300",aiserver,2026-09-14T08:33:58+00:00,d7328d3e3c3f,extended_kalman,300,0.124274,1,0,0.377444,0.00333333,0.246434,0.00447404,215.362,0.348438,0.146756,0.118616,0.0455645,0.168988,5.63295
597a45940f17,17,"proposal: Extended Kalman PF, n_particles: 300",aiserver,2026-09-14T08:33:58+00:00,d7328d3e3c3f,extended_kalman,300,0.103076,1,0,0.377667,0.00333333,0.24536,0.00453267,10.9865,0.570074,0.114097,0.130061,0.143876,0.168275,5.60916
971d8a59b612,18,"proposal: Extended Kalman PF, n_particles: 300",aiserver,2026-09-14T08:33:58+00:00,d7328d3e3c3f,extended_kalman,300,0.256172,1,0,0.334111,0.00333333,0.208856,0.00675238,23.4714,1.14087,0.327279,0.843612,0.222612,0.172562,5.75207
dd442cf7d145,19,"proposal: Extended Kalman PF, n_particles: 300",aiserver,2026-09-14T08:33:58+00:00,d7328d3e3c3f,extended_kalman,300,0.109526,1,0,0.383556,0.00333333,0.253118,0.00408555,17456.5,0.348041,0.113823,0.114222,0.031761,0.177877,5.92923
1326c933c701,0,"proposal: Extended Kalman PF, n_particles: 1000",aiserver,2026-09-14T08:33:58+00:00,d7328d3e3c3f,extended_kalman,1000,0.154286,1,0,0.359467,0.001,0.232679,0.00296678,6.512,0.462695,0.184574,0.850405,0.0726201,0.459943,15.3314
0e8e2f83e501,1,"proposal: Extended Kalman PF, n_particles: 1000",aiserver,2026-09-14T08:33:58+00:00,d7328d3e3c3f,extended_kalman,1000,0.148365,1,0,0.360933,0.001,0.234237,0.00312457,1.02151,0.247317,0.187616,0.242383,0.0615058,0.459372,15.3124
ea445f92f7a3,2,"proposal: Extended Kalman PF, n_particles: 1000",aiserver,2026-09-14T08:33:58+00:00,d7328d3e3c3f,extended_kalman,1000,0.162282,1,0,0.335367,0.001,0.206112,0.00100011,8.03971e+07,1.17682,0.366315,0.596448,0.0279707,0.47084,15.6947
bcacdf50d94a,3,"proposal: Extended Kalman PF, n_particles: 1000",aiserver,2026-09-14T08:33:58+00:00,d7328d3e3c3f,extended_kalman,1000,0.147276,1,0,0.3707,0.001,0.237197,0.00128647,0.913067,0.332658,0.152036,0.13568,0.0118304,0.461448,15.3816
088adc45fc28,4,"proposal: Extended Kalman PF, n_particles: 1000",aiserver,2026-09-14T08:33:58+00:00,d7328d3e3c3f,extended_kalman,1000,0.180501,1,0,0.351833,0.001,0.225063,0.00134999,8.73534e+07,0.282409,0.255584,0.634513,0.0960112,0.463648,15.4549
e3fce3d0c691,5,"proposal: Extended Kalman PF, n_particles: 1000",aiserver,2026-09-14T08:33:58+00:00,d7328d3e3c3f,extended_kalman,1000,0.155596,1,0,0.368633,0.001,0.233069,0.002109,6.0318,0.597532,0.198167,0.679278,0.0646795,0.477885,15.9295
334d0c777fc1,6,"proposal: Extended Kalman PF, n_particles: 1000",aiserver,2026-09-14T08:33:58+00:00,d7328d3e3c3f,extended_kalman,1000,0.254497,1,0,0.284533,0.001,0.165522,0.00196597,450.234,2.73674,0.466378,1.10084,0.15793,0.472028,15.7343
f95b41d41a34,7,"proposal: Extended Kalman PF, n_particles: 1000",aiserver,2026-09-14T08:33:59+00:00,d7328d3e3c3f,extended_kalman,1000,0.0923924,1,0,0.3754,0.001,0.242452,0.00111049,2.72822,0.199198,0.140223,0.215511,0.0576861,0.483018,16.1006
416644218e0d,8,"proposal: Extended Kalman PF, n_particles: 1000",aiserver,2026-09-14T08:33:59+00:00,d7328d3e3c3f,extended_kalman,1000,0.383132,1,0,0.2857,0.001,0.169584,0.00100441,10117.8,1.90908,0.575543,1.15629,0.0992961,0.49538,16.5127
7e0fcb46988f,9,"proposal: Extended Kalman PF, n_particles: 1000",aiserver,2026-09-14T08:33:59+00:00,d7328d3e3c3f,extended_kalman,1000,0.23811,1,0,0.306667,0.001,0.186218,0.0011326,15.8536,1.2645,0.315759,0.782617,0.05834,0.463126,15.4375
f7c563e699eb,10,"proposal: Extended Kalman PF, n_particles: 1000",aiserver,2026-09-14T08:33:59+00:00,d7328d3e3c3f,extended_kalman,1000,0.162468,1,0,0.3407,0.001,0.210277,0.00154093,1.0434,0.485335,0.195774,0.339986,0.0940239,0.477925,15.9308
2f816aebd940,11,"proposal: Extended Kalman PF, n_particles: 1000",aiserver,2026-09-14T08:33:59+00:00,d7328d3e3c3f,extended_kalman,1000,0.135698,1,0,0.3507,0.001,0.219358,0.00132125,2.83689,0.35692,0.195363,0.427498,0.175193,0.478878,15.9626
4abde08bcfcf,12,"proposal: Extended Kalman PF, n_particles: 1000",aiserver,2026-09-14T08:33:59+00:00,d7328d3e3c3f,extended_kalman,1000,0.0995377,1,0,0.3799,0.001,0.24811,0.00147237,1.2082,0.491389,0.122428,0.243367,0.0552721,0.446913,14.8971
8c0e6ebc085d,13,"proposal: Extended Kalman PF, n_particles: 1000",aiserver,2026-09-14T08:33:59+00:00,d7328d3e3c3f,extended_kalman,1000,0.289103,1,0,0.325633,0.001,0.205785,0.00216456,60.2497,0.476693,0.403702,0.732576,0.151185,0.446075,14.8692
83b79efd5a0f,14,"proposal: Extended Kalman PF, n_particles: 1000",aiserver,2026-09-14T08:33:59+00:00,d7328d3e3c3f,extended_kalman,1000,0.106632,1,0,0.379667,0.001,0.245001,0.00123389,1.91196,0.255788,0.113834,0.270567,0.139689,0.453055,15.1018
e184d08bf483,15,"proposal: Extended Kalman PF, n_particles: 1000",aiserver,2026-09-14T08:33:59+00:00,d7328d3e3c3f,extended_kalman,1000,0.0681775,1,0,0.382167,0.001,0.251173,0.00184528,0.571574,0.234178,0.0789477,0.553431,0.138208,0.472916,15.7639
dfcbd1030895,16,"proposal: Extended Kalman PF, n_particles: 1000",aiserver,2026-09-14T08:33:59+00:00,d7328d3e3c3f,extended_kalman,1000,0.255508,1,0,0.325367,0.001,0.201421,0.00100572,1.105e+07,0.351952,0.378553,0.836104,0.0185871,0.41088,13.696
ea0548ccfcdb,17,"proposal: Extended Kalman PF, n_particles: 1000",aiserver,2026-09-14T08:33:59+00:00,d7328d3e3c3f,extended_kalman,1000,0.31944,1,0,0.299733,0.001,0.17992,0.00133696,22.1954,0.718189,0.411415,0.958693,0.101712,0.409261,13.642
eab946beb091,18,"proposal: Extended Kalman PF, n_particles: 1000",aiserver,2026-09-14T08:33:59+00:00,d7328d3e3c3f,extended_kalman,1000,0.110123,1,0,0.373167,0.001,0.239097,0.00169744,2.04467,0.485067,0.137717,0.593091,0.167001,0.408226,13.6075
cae09d99415b,19,"proposal: Extended Kalman PF, n_particles: 1000",aiserver,2026-09-14T08:33:59+00:00,d7328d3e3c3f,extended_kalman,1000,0.154566,1,0,0.352933,0.001,0.220067,0.00102783,23.6561,0.279237,0.183534,0.653369,0.0321923,0.41539,13.8463
