run_id,seed,variant,host,date,code,resampler,n_particles,ate,resample_rate,collapses,unique_after_resampling,max_weight_mean,ess_mean,ess_min,nees_mean,nees_median,position_rmse,heading_rmse,final_position_error,runtime_total_s,runtime_per_step_ms
c5d093cb85c3,0,"resampler: Multinomial, n_particles: 50",aiserver,2026-09-14T08:33:28+00:00,d7328d3e3c3f,multinomial,50,0.243173,1,0,0.538667,0.02,0.665966,0.02042,5.1915e+07,2.09401,0.339455,0.371168,0.213392,0.0168203,0.560677
e5c215d7b914,1,"resampler: Multinomial, n_particles: 50",aiserver,2026-09-14T08:33:28+00:00,d7328d3e3c3f,multinomial,50,0.564412,1,0,0.446667,0.02,0.486016,0.02,2.53097e+08,94.5352,0.7824,1.0938,0.0629183,0.0160295,0.534316
a31976d08d68,2,"resampler: Multinomial, n_particles: 50",aiserver,2026-09-14T08:33:28+00:00,d7328d3e3c3f,multinomial,50,0.169849,1,0,0.552,0.02,0.686993,0.0241019,49703,0.812894,0.278172,0.158928,0.107196,0.0163246,0.544153
2fe051cc7c71,3,"resampler: Multinomial, n_particles: 50",aiserver,2026-09-14T08:33:28+00:00,d7328d3e3c3f,multinomial,50,0.647166,1,0,0.390667,0.02,0.360298,0.0200064,2.46634e+08,215.564,1.23048,1.09764,0.107325,0.0170811,0.56937
ec74485020b1,4,"resampler: Multinomial, n_particles: 50",aiserver,2026-09-14T08:33:28+00:00,d7328d3e3c3f,multinomial,50,0.430672,1,0,0.496667,0.02,0.573263,0.0200001,1.37068e+08,4.56326,0.569067,0.660236,0.0957847,0.0166621,0.555403
185768d7e197,5,"resampler: Multinomial, n_particles: 50",aiserver,2026-09-14T08:33:28+00:00,d7328d3e3c3f,multinomial,50,0.388161,1,0,0.531333,0.02,0.668824,0.0202224,5.825e+06,1.2133,0.448154,0.47214,0.105468,0.016415,0.547167
c5a24cf6f4d6,6,"resampler: Multinomial, n_particles: 50",aiserver,2026-09-14T08:33:28+00:00,d7328d3e3c3f,multinomial,50,0.203629,1,0,0.540667,0.02,0.695838,0.0385226,3.68945e+06,1.77348,0.219719,0.292209,0.121199,0.0166802,0.556008
6f4be5ba0090,7,"resampler: Multinomial, n_particles: 50",aiserver,2026-09-14T08:33:28+00:00,d7328d3e3c3f,multinomial,50,1.05377,1,0,0.316667,0.02,0.23202,0.0202695,1.3348e+08,1447.51,1.69697,1.77034,0.279551,0.0163167,0.543889
893665d61ba6,8,"resampler: Multinomial, n_particles: 50",aiserver,2026-09-14T08:33:28+00:00,d7328d3e3c3f,multinomial,50,0.458379,1,0,0.453333,0.02,0.509995,0.0200157,2.44684e+08,16.1619,0.71594,1.04597,0.0923855,0.0165755,0.552517
e331638bec78,9,"resampler: Multinomial, n_particles: 50",aiserver,2026-09-14T08:33:28+00:00,d7328d3e3c3f,multinomial,50,1.97515,1,0,0.0773333,0.02,0.0453777,0.0200015,1.47918e+10,3.91167e+09,4.89601,2.7592,8.18107,0.016043,0.534767
b7f1e251fb9c,10,"resampler: Multinomial, n_particles: 50",aiserver,2026-09-14T08:33:28+00:00,d7328d3e3c3f,multinomial,50,0.392199,1,0,0.485333,0.02,0.601517,0.0405059,4.43475e+06,5.02204,0.536423,0.732681,0.210172,0.0173463,0.578209
17454d3a8d2e,11,"resampler: Multinomial, n_particles: 50",aiserver,2026-09-14T08:33:28+00:00,d7328d3e3c3f,multinomial,50,0.34579,1,0,0.532667,0.02,0.66276,0.027102,3.16191e+07,9.68867,0.396223,0.775345,0.222955,0.0166492,0.554973
c6b4a40e7c9b,12,"resampler: Multinomial, n_particles: 50",aiserver,2026-09-14T08:33:28+00:00,d7328d3e3c3f,multinomial,50,0.345303,1,0,0.522667,0.02,0.663761,0.0224453,4.42092e+07,1.34714,0.347411,0.850275,0.147923,0.0171252,0.570839
52be8d5271e0,13,"resampler: Multinomial, n_particles: 50",aiserver,2026-09-14T08:33:28+00:00,d7328d3e3c3f,multinomial,50,0.24009,1,0,0.535333,0.02,0.666028,0.0258218,7.26078e+06,1.25743,0.280277,0.426679,0.161027,0.0169308,0.564358
eae9fd341381,14,"resampler: Multinomial, n_particles: 50",aiserver,2026-09-14T08:33:28+00:00,d7328d3e3c3f,multinomial,50,0.136947,1,0,0.548,0.02,0.710487,0.0200001,4.05663e+07,1.69989,0.20612,0.356189,0.107566,0.0165294,0.550979
dbd7847c1da5,15,"resampler: Multinomial, n_particles: 50",aiserver,2026-09-14T08:33:28+00:00,d7328d3e3c3f,multinomial,50,0.333971,1,0,0.525333,0.02,0.62895,0.0200014,2.12481e+08,2.2735,0.397551,0.901698,0.102526,0.0167076,0.556921
c8880c6a620f,16,"resampler: Multinomial, n_particles: 50",aiserver,2026-09-14T08:33:28+00:00,d7328d3e3c3f,multinomial,50,0.470249,1,0,0.492667,0.02,0.595109,0.0200327,8.4477e+07,1.2333,0.611897,0.330696,0.0814973,0.0164184,0.54728
8689f96b8521,17,"resampler: Multinomial, n_particles: 50",aiserver,2026-09-14T08:33:28+00:00,d7328d3e3c3f,multinomial,50,0.300225,1,0,0.536667,0.02,0.676794,0.0231538,2.80944e+07,2.40707,0.350478,0.355291,0.188148,0.0163458,0.54486
d522b2239517,18,"resampler: Multinomial, n_particles: 50",aiserver,2026-09-14T08:33:28+00:00,d7328d3e3c3f,multinomial,50,0.793879,1,0,0.354,0.02,0.316731,0.0214955,1.05136e+07,490.391,1.22686,1.43393,0.258726,0.0169458,0.564861
53f2762770b9,19,"resampler: Multinomial, n_particles: 50",aiserver,2026-09-14T08:33:28+00:00,d7328d3e3c3f,multinomial,50,0.117977,1,0,0.563333,0.02,0.754307,0.0202206,664.204,0.711832,0.144558,0.0957769,0.0542884,0.0166293,0.55431
4ac441790d3b,0,"resampler: Multinomial, n_particles: 200",aiserver,2026-09-14T08:33:28+00:00,d7328d3e3c3f,multinomial,200,0.161874,1,0,0.529,0.005,0.674383,0.0124288,20.3143,1.06274,0.19401,0.790696,0.0736475,0.0648236,2.16079
b674a722d928,1,"resampler: Multinomial, n_particles: 200",aiserver,2026-09-14T08:33:28+00:00,d7328d3e3c3f,multinomial,200,0.12261,1,0,0.5325,0.005,0.685714,0.0118815,5.25632,0.245714,0.158623,0.957604,0.0425329,0.0661363,2.20454
d7235b64435d,2,"resampler: Multinomial, n_particles: 200",aiserver,2026-09-14T08:33:28+00:00,d7328d3e3c3f,multinomial,200,0.128536,1,0,0.544333,0.005,0.705166,0.0167917,3.76101,1.68078,0.187655,0.486039,0.0833502,0.0656145,2.18715
7a16df1dbd73,3,"resampler: Multinomial, n_particles: 200",aiserver,2026-09-14T08:33:28+00:00,d7328d3e3c3f,multinomial,200,0.16816,1,0,0.509333,0.005,0.624722,0.00852734,14.5679,0.875538,0.223518,0.704238,0.0369893,0.0657636,2.19212
945c0a47530b,4,"resampler: Multinomial, n_particles: 200",aiserver,2026-09-14T08:33:28+00:00,d7328d3e3c3f,multinomial,200,0.32523,1,0,0.504667,0.005,0.615535,0.00634325,5331.12,1.06142,0.46431,0.637408,0.0902832,0.0631807,2.10602
24dface1ba10,5,"resampler: Multinomial, n_particles: 200",aiserver,2026-09-14T08:33:28+00:00,d7328d3e3c3f,multinomial,200,0.135273,1,0,0.553333,0.005,0.718141,0.0124598,10.1621,0.347783,0.138102,0.473069,0.0531107,0.0666298,2.22099
05aaf5f31d88,6,"resampler: Multinomial, n_particles: 200",aiserver,2026-09-14T08:33:28+00:00,d7328d3e3c3f,multinomial,200,0.109819,1,0,0.541167,0.005,0.717261,0.00941088,1.66853,0.880205,0.117394,0.352365,0.175984,0.0641335,2.13778
1f10c0c00054,7,"resampler: Multinomial, n_particles: 200",aiserver,2026-09-14T08:33:28+00:00,d7328d3e3c3f,multinomial,200,0.755051,1,0,0.397,0.005,0.372763,0.00990057,784.727,167.077,1.05148,1.44738,0.0249249,0.0643155,2.14385
a6e633876953,8,"resampler: Multinomial, n_particles: 200",aiserver,2026-09-14T08:33:28+00:00,d7328d3e3c3f,multinomial,200,0.170783,1,0,0.5405,0.005,0.698806,0.00723246,37.3816,0.512841,0.218671,0.369281,0.123498,0.0651562,2.17187
e217519012f5,9,"resampler: Multinomial, n_particles: 200",aiserver,2026-09-14T08:33:28+00:00,d7328d3e3c3f,multinomial,200,0.252655,1,0,0.515667,0.005,0.629211,0.0119064,18.3104,2.28682,0.325513,0.701651,0.0703059,0.0648322,2.16107
778216deae2f,10,"resampler: Multinomial, n_particles: 200",aiserver,2026-09-14T08:33:28+00:00,d7328d3e3c3f,multinomial,200,0.219737,1,0,0.510667,0.005,0.631106,0.017557,22.1709,0.828063,0.276452,0.64741,0.0802827,0.0660939,2.20313
7f878c0287fc,11,"resampler: Multinomial, n_particles: 200",aiserver,2026-09-14T08:33:28+00:00,d7328d3e3c3f,multinomial,200,0.141964,1,0,0.539833,0.005,0.695908,0.0117169,7.39249,0.70526,0.168847,0.806248,0.136952,0.0645728,2.15243
fcb5d4a08a35,12,"resampler: Multinomial, n_particles: 200",aiserver,2026-09-14T08:33:28+00:00,d7328d3e3c3f,multinomial,200,0.21628,1,0,0.519333,0.005,0.660474,0.0119832,5.94542,0.658607,0.251372,0.182076,0.077446,0.0649357,2.16452
c4d6ad76a1ad,13,"resampler: Multinomial, n_particles: 200",aiserver,2026-09-14T08:33:28+00:00,d7328d3e3c3f,multinomial,200,0.344243,1,0,0.496833,0.005,0.588899,0.0105929,77.8195,1.86792,0.485594,0.893375,0.125911,0.0642671,2.14224
dd95133d6e52,14,"resampler: Multinomial, n_particles: 200",aiserver,2026-09-14T08:33:28+00:00,d7328d3e3c3f,multinomial,200,0.0999102,1,0,0.5425,0.005,0.716029,0.0139876,1.07227,0.702639,0.112281,0.166085,0.152128,0.0638105,2.12702
971c92a8b47b,15,"resampler: Multinomial, n_particles: 200",aiserver,2026-09-14T08:33:28+00:00,d7328d3e3c3f,multinomial,200,0.0849932,1,0,0.552167,0.005,0.755949,0.0117821,0.494264,0.220092,0.0963533,0.194541,0.0985778,0.0651239,2.1708
6bab9820efdb,16,"resampler: Multinomial, n_particles: 200",aiserver,2026-09-14T08:33:28+00:00,d7328d3e3c3f,multinomial,200,0.126926,1,0,0.541167,0.005,0.720907,0.0213717,3.6296,0.314942,0.132611,0.390386,0.0489881,0.0646608,2.15536
e5f2aa7ac762,17,"resampler: Multinomial, n_particles: 200",aiserver,2026-09-14T08:33:28+00:00,d7328d3e3c3f,multinomial,200,0.104023,1,0,0.544,0.005,0.711174,0.00822573,1.24657,0.715599,0.134529,0.198837,0.124773,0.0642667,2.14222
86a16a47cce8,18,"resampler: Multinomial, n_particles: 200",aiserver,2026-09-14T08:33:28+00:00,d7328d3e3c3f,multinomial,200,0.140147,1,0,0.537833,0.005,0.695062,0.0197707,1.57287,1.05669,0.16024,0.572506,0.181505,0.0648834,2.16278
e8cccf4eb62b,19,"resampler: Multinomial, n_particles: 200",aiserver,2026-09-14T08:33:28+00:00,d7328d3e3c3f,multinomial,200,0.108667,1,0,0.558,0.005,0.736315,0.0127793,3.82026,0.41739,0.142328,0.241019,0.0289546,0.0639095,2.13032
3dbe578138dc,0,"resampler: Multinomial, n_particles: 1000",aiserver,2026-09-14T08:33:29+00:00,d7328d3e3c3f,multinomial,1000,0.102301,1,0,0.5458,0.001,0.715573,0.0062664,0.778998,0.395554,0.116564,0.178088,0.0886297,0.936078,31.2026
a17881fde5c3,1,"resampler: Multinomial, n_particles: 1000",aiserver,2026-09-14T08:33:29+00:00,d7328d3e3c3f,multinomial,1000,0.147367,1,0,0.539133,0.001,0.696202,0.00806602,1.10165,0.20906,0.188552,0.526708,0.057346,0.917733,30.5911
db095113f134,2,"resampler: Multinomial, n_particles: 1000",aiserver,2026-09-14T08:33:29+00:00,d7328d3e3c3f,multinomial,1000,0.0903648,1,0,0.548167,0.001,0.729085,0.00644576,0.934471,0.799936,0.132197,0.24599,0.0643352,0.922871,30.7624
87299a12ce33,3,"resampler: Multinomial, n_particles: 1000",aiserver,2026-09-14T08:33:29+00:00,d7328d3e3c3f,multinomial,1000,0.0955167,1,0,0.5406,0.001,0.695704,0.00755033,0.704079,0.431916,0.101266,0.158396,0.0364514,0.925788,30.8596
69d1d7be4c6b,4,"resampler: Multinomial, n_particles: 1000",aiserver,2026-09-14T08:33:29+00:00,d7328d3e3c3f,multinomial,1000,0.0788869,1,0,0.5404,0.001,0.69896,0.0125365,0.635143,0.315668,0.117399,0.498624,0.0945783,0.929703,30.9901
ddb316233da8,5,"resampler: Multinomial, n_particles: 1000",aiserver,2026-09-14T08:33:29+00:00,d7328d3e3c3f,multinomial,1000,0.119884,1,0,0.544733,0.001,0.714632,0.00929348,0.508914,0.344297,0.123102,0.407831,0.0819924,0.917296,30.5765
3c1608623693,6,"resampler: Multinomial, n_particles: 1000",aiserver,2026-09-14T08:33:29+00:00,d7328d3e3c3f,multinomial,1000,0.121354,1,0,0.5383,0.001,0.695106,0.00708774,0.971749,0.679056,0.125863,0.480398,0.137068,0.92528,30.8427
a0668ae99404,7,"resampler: Multinomial, n_particles: 1000",aiserver,2026-09-14T08:33:29+00:00,d7328d3e3c3f,multinomial,1000,0.123881,1,0,0.534,0.001,0.688342,0.00851228,0.996125,0.346769,0.16117,0.34782,0.0411092,0.933125,31.1042
fe69b56a0fb7,8,"resampler: Multinomial, n_particles: 1000",aiserver,2026-09-14T08:33:29+00:00,d7328d3e3c3f,multinomial,1000,0.128512,1,0,0.544033,0.001,0.713543,0.00682967,1.2998,0.249427,0.135139,0.439277,0.100701,0.922907,30.7636
eb27261dab97,9,"resampler: Multinomial, n_particles: 1000",aiserver,2026-09-14T08:33:29+00:00,d7328d3e3c3f,multinomial,1000,0.119766,1,0,0.535933,0.001,0.691226,0.00857712,0.98825,0.527018,0.138363,0.633152,0.0988567,0.919011,30.6337
9fe946e10113,10,"resampler: Multinomial, n_particles: 1000",aiserver,2026-09-14T08:33:29+00:00,d7328d3e3c3f,multinomial,1000,0.100165,1,0,0.539067,0.001,0.697324,0.00759745,1.15762,0.589301,0.144957,0.210036,0.0807987,0.929316,30.9772
3e471ff94d80,11,"resampler: Multinomial, n_particles: 1000",aiserver,2026-09-14T08:33:29+00:00,d7328d3e3c3f,multinomial,1000,0.0888986,1,0,0.5416,0.001,0.703663,0.00650299,0.599589,0.478569,0.10672,0.352766,0.17048,0.928742,30.9581
7ff7584ac348,12,"resampler: Multinomial, n_particles: 1000",aiserver,2026-09-14T08:33:29+00:00,d7328d3e3c3f,multinomial,1000,0.0985837,1,0,0.535967,0.001,0.692056,0.0101336,0.958572,0.538097,0.142952,0.466969,0.0818478,0.935799,31.1933
6d85a1b4f854,13,"resampler: Multinomial, n_particles: 1000",aiserver,2026-09-14T08:33:29+00:00,d7328d3e3c3f,multinomial,1000,0.0991997,1,0,0.545933,0.001,0.72595,0.00926526,0.794674,0.340141,0.116348,0.33998,0.158295,0.922169,30.739
3549bd36524c,14,"resampler: Multinomial, n_particles: 1000",aiserver,2026-09-14T08:33:29+00:00,d7328d3e3c3f,multinomial,1000,0.110006,1,0,0.5488,0.001,0.727984,0.0107881,0.749742,0.555717,0.113708,0.112474,0.143635,0.923716,30.7905
f6e289cd2928,15,"resampler: Multinomial, n_particles: 1000",aiserver,2026-09-14T08:33:29+00:00,d7328d3e3c3f,multinomial,1000,0.0941294,1,0,0.5388,0.001,0.705113,0.00573498,0.929656,0.316892,0.113002,0.842594,0.0929845,0.911703,30.3901
264a67e74aee,16,"resampler: Multinomial, n_particles: 1000",aiserver,2026-09-14T08:33:30+00:00,d7328d3e3c3f,multinomial,1000,0.124166,1,0,0.533933,0.001,0.692101,0.00610938,1.20084,0.335376,0.140842,0.719094,0.0249061,0.925151,30.8384
140d21f8d88b,17,"resampler: Multinomial, n_particles: 1000",aiserver,2026-09-14T08:33:30+00:00,d7328d3e3c3f,multinomial,1000,0.0999814,1,0,0.529633,0.001,0.676012,0.0120808,0.714664,0.485289,0.129299,0.391268,0.135383,0.923378,30.7793
a9f2e4b5d579,18,"resampler: Multinomial, n_particles: 1000",aiserver,2026-09-14T08:33:30+00:00,d7328d3e3c3f,multinomial,1000,0.114056,1,0,0.540767,0.001,0.700995,0.00789116,1.04289,0.725369,0.148089,0.705547,0.198943,0.923545,30.7848
49e3a1c1ed42,19,"resampler: Multinomial, n_particles: 1000",aiserver,2026-09-14T08:33:30+00:00,d7328d3e3c3f,multinomial,1000,0.0802162,1,0,0.550733,0.001,0.736221,0.00547323,0.377246,0.268167,0.0856832,0.381776,0.0670053,0.936353,31.2118
ec282ea710e7,0,"resampler: Residual, n_particles: 50",aiserver,2026-09-14T08:33:29+00:00,d7328d3e3c3f,residual,50,0.261718,1,0,0.642667,0.02,0.679291,0.02042,5.1915e+07,1.79272,0.36166,0.360308,0.0884316,0.0215589,0.71863
899af416fac0,1,"resampler: Residual, n_particles: 50",aiserver,2026-09-14T08:33:29+00:00,d7328d3e3c3f,residual,50,0.707117,1,0,0.490667,0.02,0.442764,0.02,2.5312e+08,117.61,0.948466,1.20431,0.100637,0.0197035,0.656782
ef58ba0d6350,2,"resampler: Residual, n_particles: 50",aiserver,2026-09-14T08:33:29+00:00,d7328d3e3c3f,residual,50,0.214837,1,0,0.645333,0.02,0.685739,0.0241019,49696.7,0.776437,0.2961,0.164657,0.0900909,0.0205854,0.686181
600605cbcf05,3,"resampler: Residual, n_particles: 50",aiserver,2026-09-14T08:33:29+00:00,d7328d3e3c3f,residual,50,0.98252,1,0,0.256667,0.02,0.142904,0.0200064,5.76419e+08,7810.61,2.35527,1.51459,0.66245,0.018971,0.632367
3f69957f0150,4,"resampler: Residual, n_particles: 50",aiserver,2026-09-14T08:33:29+00:00,d7328d3e3c3f,residual,50,0.481364,1,0,0.555333,0.02,0.533804,0.0200001,1.37068e+08,2.67997,0.604537,0.708073,0.0776028,0.020922,0.697399
ae8a14dace24,5,"resampler: Residual, n_particles: 50",aiserver,2026-09-14T08:33:29+00:00,d7328d3e3c3f,residual,50,0.415287,1,0,0.627333,0.02,0.659484,0.0202224,7.05631e+07,1.17154,0.50957,0.338777,0.0920192,0.0204906,0.683022
308b32e31ebe,6,"resampler: Residual, n_particles: 50",aiserver,2026-09-14T08:33:29+00:00,d7328d3e3c3f,residual,50,0.177552,1,0,0.653333,0.02,0.705861,0.0385226,1440.99,1.2561,0.196758,0.313707,0.124213,0.0205984,0.686613
2266978fcbda,7,"resampler: Residual, n_particles: 50",aiserver,2026-09-14T08:33:29+00:00,d7328d3e3c3f,residual,50,0.934007,1,0,0.437333,0.02,0.349167,0.0202695,3.48045e+08,488.573,1.3806,1.49625,0.198967,0.0197351,0.657837
b3c7cd1d3edb,8,"resampler: Residual, n_particles: 50",aiserver,2026-09-14T08:33:29+00:00,d7328d3e3c3f,residual,50,0.909931,1,0,0.385333,0.02,0.290353,0.0200157,2.4471e+08,1061.01,1.42085,1.45458,0.16859,0.0196066,0.653553
282a99d46cca,9,"resampler: Residual, n_particles: 50",aiserver,2026-09-14T08:33:29+00:00,d7328d3e3c3f,residual,50,1.04436,1,0,0.351333,0.02,0.261138,0.0203738,2.13493e+06,3461.37,1.55135,1.45143,0.0660572,0.0201976,0.673253
f8f08cac8773,10,"resampler: Residual, n_particles: 50",aiserver,2026-09-14T08:33:29+00:00,d7328d3e3c3f,residual,50,0.38712,1,0,0.574,0.02,0.583538,0.0405059,31793.9,13.1416,0.541871,0.759534,0.0990631,0.0217749,0.725829
430ac423ab3d,11,"resampler: Residual, n_particles: 50",aiserver,2026-09-14T08:33:29+00:00,d7328d3e3c3f,residual,50,0.267632,1,0,0.631333,0.02,0.680661,0.027102,3.16426e+07,1.45593,0.282533,0.699861,0.194327,0.0224132,0.747107
0267ef8d888a,12,"resampler: Residual, n_particles: 50",aiserver,2026-09-14T08:33:29+00:00,d7328d3e3c3f,residual,50,0.306852,1,0,0.647333,0.02,0.676833,0.0224453,4.42091e+07,1.91561,0.308281,0.816133,0.0618519,0.0216051,0.720171
92005791eac5,13,"resampler: Residual, n_particles: 50",aiserver,2026-09-14T08:33:29+00:00,d7328d3e3c3f,residual,50,0.226834,1,0,0.640667,0.02,0.680496,0.0258218,6.93711e+06,1.59741,0.275008,0.44998,0.132563,0.0212589,0.708629
139ba3c2992f,14,"resampler: Residual, n_particles: 50",aiserver,2026-09-14T08:33:29+00:00,d7328d3e3c3f,residual,50,0.134205,1,0,0.653333,0.02,0.698349,0.0200001,4.05663e+07,1.42512,0.194862,0.33882,0.149511,0.0222257,0.740857
63998f0320cb,15,"resampler: Residual, n_particles: 50",aiserver,2026-09-14T08:33:29+00:00,d7328d3e3c3f,residual,50,0.400717,1,0,0.598667,0.02,0.606956,0.0200014,2.12482e+08,1.64031,0.439973,0.920365,0.0405894,0.0214205,0.714016
9dcd08215dc0,16,"resampler: Residual, n_particles: 50",aiserver,2026-09-14T08:33:29+00:00,d7328d3e3c3f,residual,50,0.504107,1,0,0.575333,0.02,0.569696,0.0200327,8.45003e+07,1.81275,0.635606,0.379061,0.0239382,0.0210758,0.702528
1c4302bd9a7f,17,"resampler: Residual, n_particles: 50",aiserver,2026-09-14T08:33:29+00:00,d7328d3e3c3f,residual,50,0.261541,1,0,0.624,0.02,0.639334,0.0231538,2147.94,3.13971,0.308177,0.391051,0.160333,0.0211418,0.704725
a39d0ca169ce,18,"resampler: Residual, n_particles: 50",aiserver,2026-09-14T08:33:29+00:00,d7328d3e3c3f,residual,50,0.559151,1,0,0.502667,0.02,0.467884,0.0214955,1.05071e+07,47.0516,0.693971,1.21555,0.207916,0.02072,0.690668
4fd1a83e9280,19,"resampler: Residual, n_particles: 50",aiserver,2026-09-14T08:33:29+00:00,d7328d3e3c3f,residual,50,0.113342,1,0,0.676,0.02,0.748108,0.0202206,3.10741e+06,0.453645,0.139795,0.097307,0.0941122,0.0211774,0.705914
2cd7b707a61b,0,"resampler: Residual, n_particles: 200",aiserver,2026-09-14T08:33:29+00:00,d7328d3e3c3f,residual,200,0.175405,1,0,0.631333,0.005,0.664721,0.0124288,11.254,0.980582,0.210942,0.838123,0.12118,0.0665765,2.21922
4bf42de0f4f3,1,"resampler: Residual, n_particles: 200",aiserver,2026-09-14T08:33:29+00:00,d7328d3e3c3f,residual,200,0.156355,1,0,0.634333,0.005,0.676049,0.0118815,6.17173,0.411237,0.205579,0.969891,0.0855594,0.069025,2.30083
756da6c69db8,2,"resampler: Residual, n_particles: 200",aiserver,2026-09-14T08:33:29+00:00,d7328d3e3c3f,residual,200,0.114563,1,0,0.6495,0.005,0.709728,0.0167917,2.61155,0.767391,0.168325,0.365971,0.0555049,0.0671296,2.23765
7d4a3c09de77,3,"resampler: Residual, n_particles: 200",aiserver,2026-09-14T08:33:29+00:00,d7328d3e3c3f,residual,200,0.184508,1,0,0.605333,0.005,0.631029,0.00852734,15.404,1.13823,0.243758,0.687967,0.0610832,0.0652403,2.17468
8ec1665d904c,4,"resampler: Residual, n_particles: 200",aiserver,2026-09-14T08:33:29+00:00,d7328d3e3c3f,residual,200,0.375486,1,0,0.5835,0.005,0.585062,0.00634325,9287.92,2.0729,0.549943,0.673896,0.101471,0.0645261,2.15087
f7766cb435d3,5,"resampler: Residual, n_particles: 200",aiserver,2026-09-14T08:33:29+00:00,d7328d3e3c3f,residual,200,0.154369,1,0,0.653,0.005,0.70598,0.0124598,5.67021,0.450784,0.167342,0.491811,0.0562941,0.0657806,2.19269
ac8a093774d3,6,"resampler: Residual, n_particles: 200",aiserver,2026-09-14T08:33:29+00:00,d7328d3e3c3f,residual,200,0.102414,1,0,0.656833,0.005,0.722649,0.00941088,1.44041,0.78148,0.11479,0.309256,0.140431,0.0678828,2.26276
24d72f1190f8,7,"resampler: Residual, n_particles: 200",aiserver,2026-09-14T08:33:29+00:00,d7328d3e3c3f,residual,200,0.674737,1,0,0.495667,0.005,0.437982,0.00990057,786.276,34.0861,0.870439,1.38464,0.0546593,0.0606774,2.02258
f93a7ea045ef,8,"resampler: Residual, n_particles: 200",aiserver,2026-09-14T08:33:29+00:00,d7328d3e3c3f,residual,200,0.187781,1,0,0.642333,0.005,0.678759,0.00723246,13.5859,0.405742,0.231417,0.382134,0.0871258,0.0656628,2.18876
cfbc812cd62d,9,"resampler: Residual, n_particles: 200",aiserver,2026-09-14T08:33:29+00:00,d7328d3e3c3f,residual,200,0.185223,1,0,0.6295,0.005,0.67467,0.0119064,5.03473,1.71857,0.236185,0.649128,0.0790891,0.0646355,2.15452
772ef4b14b76,10,"resampler: Residual, n_particles: 200",aiserver,2026-09-14T08:33:29+00:00,d7328d3e3c3f,residual,200,0.159979,1,0,0.628833,0.005,0.6666,0.017557,5.15784,0.720535,0.195915,0.621675,0.0860696,0.0648246,2.16082
208be45d94c9,11,"resampler: Residual, n_particles: 200",aiserver,2026-09-14T08:33:29+00:00,d7328d3e3c3f,residual,200,0.469577,1,0,0.534667,0.005,0.500472,0.0117169,165.206,3.79099,0.604572,1.04814,0.172227,0.061393,2.04643
1cafe92113fc,12,"resampler: Residual, n_particles: 200",aiserver,2026-09-14T08:33:29+00:00,d7328d3e3c3f,residual,200,0.213614,1,0,0.612833,0.005,0.631738,0.0119832,6.2508,0.697029,0.250251,0.425643,0.0770882,0.0655271,2.18424
5b414a2b5b5d,13,"resampler: Residual, n_particles: 200",aiserver,2026-09-14T08:33:29+00:00,d7328d3e3c3f,residual,200,0.355089,1,0,0.578333,0.005,0.564307,0.0105929,40.6445,2.24137,0.500648,0.903668,0.139582,0.0662519,2.2084
ab430edc2b33,14,"resampler: Residual, n_particles: 200",aiserver,2026-09-14T08:33:29+00:00,d7328d3e3c3f,residual,200,0.0946497,1,0,0.6495,0.005,0.697074,0.0139876,0.85137,0.347963,0.112589,0.143711,0.150852,0.0685049,2.2835
6a5c338e6a06,15,"resampler: Residual, n_particles: 200",aiserver,2026-09-14T08:33:29+00:00,d7328d3e3c3f,residual,200,0.0924863,1,0,0.680833,0.005,0.755498,0.0117821,0.741381,0.331913,0.111012,0.215087,0.10382,0.0671732,2.23911
1cea43d72718,16,"resampler: Residual, n_particles: 200",aiserver,2026-09-14T08:33:29+00:00,d7328d3e3c3f,residual,200,0.137378,1,0,0.660167,0.005,0.716987,0.0213717,3.39834,0.274838,0.140579,0.395109,0.0431424,0.066326,2.21087
74ac2414dd04,17,"resampler: Residual, n_particles: 200",aiserver,2026-09-14T08:33:29+00:00,d7328d3e3c3f,residual,200,0.094397,1,0,0.653333,0.005,0.706372,0.00822573,1.39648,0.47019,0.132762,0.220908,0.104457,0.0660357,2.20119
ab0d324bbb93,18,"resampler: Residual, n_particles: 200",aiserver,2026-09-14T08:33:29+00:00,d7328d3e3c3f,residual,200,0.14973,1,0,0.629667,0.005,0.675706,0.0197707,1.93501,1.15302,0.187358,0.653275,0.149929,0.0654815,2.18272
da17bf831bb0,19,"resampler: Residual, n_particles: 200",aiserver,2026-09-14T08:33:29+00:00,d7328d3e3c3f,residual,200,0.118432,1,0,0.662833,0.005,0.724542,0.0127793,4.72206,0.523555,0.151372,0.244336,0.0350569,0.0661537,2.20512
be6e9786241e,0,"resampler: Residual, n_particles: 1000",aiserver,2026-09-14T08:33:30+00:00,d7328d3e3c3f,residual,1000,0.0979947,1,0,0.656267,0.001,0.716308,0.0062664,0.6987,0.403791,0.112017,0.17538,0.0903145,0.602703,20.0901
081be81be1d4,1,"resampler: Residual, n_particles: 1000",aiserver,2026-09-14T08:33:30+00:00,d7328d3e3c3f,residual,1000,0.150506,1,0,0.648133,0.001,0.698293,0.00806602,1.60976,0.239036,0.189543,0.572602,0.0618765,0.586905,19.5635
244f4e00e154,2,"resampler: Residual, n_particles: 1000",aiserver,2026-09-14T08:33:30+00:00,d7328d3e3c3f,residual,1000,0.0933277,1,0,0.663033,0.001,0.727599,0.00644576,0.86376,0.757119,0.132564,0.249002,0.0670122,0.602178,20.0726
831bae591595,3,"resampler: Residual, n_particles: 1000",aiserver,2026-09-14T08:33:30+00:00,d7328d3e3c3f,residual,1000,0.0978956,1,0,0.6448,0.001,0.694137,0.00755033,0.56826,0.504411,0.100461,0.152244,0.035832,0.569495,18.9832
5fbda4f46b1a,4,"resampler: Residual, n_particles: 1000",aiserver,2026-09-14T08:33:30+00:00,d7328d3e3c3f,residual,1000,0.0802502,1,0,0.6483,0.001,0.702268,0.0125365,0.628803,0.338217,0.114291,0.479243,0.104262,0.638324,21.2775
4a66d8b85035,5,"resampler: Residual, n_particles: 1000",aiserver,2026-09-14T08:33:30+00:00,d7328d3e3c3f,residual,1000,0.121491,1,0,0.656833,0.001,0.713826,0.00929348,0.513663,0.343585,0.124105,0.402229,0.0664624,0.651692,21.7231
fc7d7b7b0266,6,"resampler: Residual, n_particles: 1000",aiserver,2026-09-14T08:33:30+00:00,d7328d3e3c3f,residual,1000,0.13403,1,0,0.638333,0.001,0.685614,0.00708774,1.07101,0.882596,0.140416,0.502735,0.165341,0.589728,19.6576
ff354bc6835b,7,"resampler: Residual, n_particles: 1000",aiserver,2026-09-14T08:33:30+00:00,d7328d3e3c3f,residual,1000,0.125332,1,0,0.640833,0.001,0.686896,0.00851228,0.937937,0.357796,0.163606,0.337669,0.0244938,0.557444,18.5815
85ae554ae99a,8,"resampler: Residual, n_particles: 1000",aiserver,2026-09-14T08:33:30+00:00,d7328d3e3c3f,residual,1000,0.128465,1,0,0.657367,0.001,0.718231,0.00682967,1.28948,0.253286,0.135406,0.425601,0.0835518,0.632626,21.0875
8ef406183106,9,"resampler: Residual, n_particles: 1000",aiserver,2026-09-14T08:33:30+00:00,d7328d3e3c3f,residual,1000,0.118563,1,0,0.638567,0.001,0.687151,0.00857712,0.930135,0.680748,0.140249,0.660962,0.0904849,0.59122,19.7073
ad35a4db6402,10,"resampler: Residual, n_particles: 1000",aiserver,2026-09-14T08:33:30+00:00,d7328d3e3c3f,residual,1000,0.0979118,1,0,0.65,0.001,0.69834,0.00759745,0.764604,0.420175,0.138345,0.203305,0.0743159,0.586949,19.565
c11dd1fdadbd,11,"resampler: Residual, n_particles: 1000",aiserver,2026-09-14T08:33:30+00:00,d7328d3e3c3f,residual,1000,0.0838307,1,0,0.6561,0.001,0.713073,0.00650299,0.53188,0.389584,0.0990381,0.336225,0.178395,0.629356,20.9785
364f5db24aa7,12,"resampler: Residual, n_particles: 1000",aiserver,2026-09-14T08:33:30+00:00,d7328d3e3c3f,residual,1000,0.105668,1,0,0.644633,0.001,0.695402,0.0101336,1.22972,0.510937,0.14511,0.426238,0.0758252,0.604167,20.1389
6a54739b23a1,13,"resampler: Residual, n_particles: 1000",aiserver,2026-09-14T08:33:30+00:00,d7328d3e3c3f,residual,1000,0.100711,1,0,0.665633,0.001,0.726528,0.00926526,0.81391,0.487809,0.124449,0.301543,0.164705,0.564898,18.8299
9d9e0882f711,14,"resampler: Residual, n_particles: 1000",aiserver,2026-09-14T08:33:30+00:00,d7328d3e3c3f,residual,1000,0.110996,1,0,0.6655,0.001,0.728096,0.0107881,0.794211,0.626929,0.116644,0.121728,0.142154,0.604956,20.1652
e18f3123624f,15,"resampler: Residual, n_particles: 1000",aiserver,2026-09-14T08:33:30+00:00,d7328d3e3c3f,residual,1000,0.100079,1,0,0.646267,0.001,0.702909,0.00573498,0.990693,0.404499,0.119492,0.823755,0.105862,0.598022,19.9341
1267bbf45dab,16,"resampler: Residual, n_particles: 1000",aiserver,2026-09-14T08:33:30+00:00,d7328d3e3c3f,residual,1000,0.121616,1,0,0.642067,0.001,0.691838,0.00610938,1.13863,0.194976,0.137248,0.742046,0.0224963,0.587348,19.5783
5af92b6b98ce,17,"resampler: Residual, n_particles: 1000",aiserver,2026-09-14T08:33:30+00:00,d7328d3e3c3f,residual,1000,0.101946,1,0,0.630433,0.001,0.676018,0.0120808,0.714873,0.494748,0.125759,0.424953,0.134063,0.591833,19.7278
1c01eba6a0d1,18,"resampler: Residual, n_particles: 1000",aiserver,2026-09-14T08:33:30+00:00,d7328d3e3c3f,residual,1000,0.108833,1,0,0.647167,0.001,0.70088,0.00789116,1.12863,0.797454,0.147303,0.75513,0.170639,0.558955,18.6318
429075a144d0,19,"resampler: Residual, n_particles: 1000",aiserver,2026-09-14T08:33:30+00:00,d7328d3e3c3f,residual,1000,0.0802027,1,0,0.6617,0.001,0.727999,0.00547323,0.371943,0.299594,0.0869271,0.353741,0.0288327,0.567412,18.9137
5d634ce3d571,0,"resampler: Stratified, n_particles: 50",aiserver,2026-09-14T08:33:30+00:00,d7328d3e3c3f,stratified,50,0.250773,1,0,0.657333,0.02,0.666006,0.02042,5.1915e+07,1.51014,0.357627,0.354841,0.0960355,0.0182334,0.607781
cb7030c4a8c3,1,"resampler: Stratified, n_particles: 50",aiserver,2026-09-14T08:33:30+00:00,d7328d3e3c3f,stratified,50,0.655021,1,0,0.509333,0.02,0.426421,0.02,2.53097e+08,131.739,0.941525,1.14287,0.0687718,0.0186703,0.622343
a4bb12faa8f2,2,"resampler: Stratified, n_particles: 50",aiserver,2026-09-14T08:33:30+00:00,d7328d3e3c3f,stratified,50,0.17002,1,0,0.659333,0.02,0.677634,0.0241019,49686.2,1.01018,0.26836,0.161383,0.0805838,0.0184005,0.61335
a5cbaaeb6d64,3,"resampler: Stratified, n_particles: 50",aiserver,2026-09-14T08:33:30+00:00,d7328d3e3c3f,stratified,50,0.792048,1,0,0.403333,0.02,0.265908,0.0200064,2.46626e+08,739.174,1.56123,1.27273,0.193727,0.0188027,0.626757
179322a63376,4,"resampler: Stratified, n_particles: 50",aiserver,2026-09-14T08:33:30+00:00,d7328d3e3c3f,stratified,50,0.421872,1,0,0.596,0.02,0.575578,0.0200001,1.37068e+08,1.32351,0.535754,0.665435,0.0793865,0.0183617,0.612057
c575123778a5,5,"resampler: Stratified, n_particles: 50",aiserver,2026-09-14T08:33:30+00:00,d7328d3e3c3f,stratified,50,0.37459,1,0,0.664,0.02,0.663461,0.0202224,7.05632e+07,0.745858,0.447393,0.426456,0.0604011,0.0187374,0.624579
6743ca9155bb,6,"resampler: Stratified, n_particles: 50",aiserver,2026-09-14T08:33:30+00:00,d7328d3e3c3f,stratified,50,0.175058,1,0,0.67,0.02,0.685418,0.0385226,1997.5,1.08495,0.22475,0.297278,0.180056,0.0189719,0.632397
d3601e39dae5,7,"resampler: Stratified, n_particles: 50",aiserver,2026-09-14T08:33:30+00:00,d7328d3e3c3f,stratified,50,0.883305,1,0,0.459333,0.02,0.350641,0.0202695,3.47926e+08,328.462,1.26367,1.50463,0.0585756,0.019081,0.636033
0f736d9592d5,8,"resampler: Stratified, n_particles: 50",aiserver,2026-09-14T08:33:30+00:00,d7328d3e3c3f,stratified,50,1.22816,1,0,0.211333,0.02,0.102043,0.0200157,7.05372e+08,19286.1,2.54551,1.78169,1.2954,0.0188932,0.629772
ae0de551dcbf,9,"resampler: Stratified, n_particles: 50",aiserver,2026-09-14T08:33:30+00:00,d7328d3e3c3f,stratified,50,1.77608,1,0,0.104,0.02,0.0514488,0.0200015,6.79823e+09,5.24909e+06,4.72165,2.40881,6.50673,0.0196212,0.65404
985246e62d26,10,"resampler: Stratified, n_particles: 50",aiserver,2026-09-14T08:33:30+00:00,d7328d3e3c3f,stratified,50,0.320473,1,0,0.625333,0.02,0.610852,0.0405059,7.91124e+07,6.33926,0.464416,0.683079,0.104287,0.0188661,0.62887
0fe68464f0db,11,"resampler: Stratified, n_particles: 50",aiserver,2026-09-14T08:33:30+00:00,d7328d3e3c3f,stratified,50,0.281862,1,0,0.669333,0.02,0.686014,0.027102,3.16425e+07,2.27018,0.314145,0.701901,0.144756,0.0187343,0.624476
3833952e8f31,12,"resampler: Stratified, n_particles: 50",aiserver,2026-09-14T08:33:30+00:00,d7328d3e3c3f,stratified,50,0.358607,1,0,0.662667,0.02,0.66395,0.0224453,4.42091e+07,2.95648,0.366294,0.850081,0.106925,0.0196393,0.654645
cbaacdf5c95e,13,"resampler: Stratified, n_particles: 50",aiserver,2026-09-14T08:33:30+00:00,d7328d3e3c3f,stratified,50,0.223259,1,0,0.672,0.02,0.691437,0.0258218,6.90821e+06,1.03998,0.254064,0.42828,0.13244,0.0187157,0.623858
96fab81e5f8a,14,"resampler: Stratified, n_particles: 50",aiserver,2026-09-14T08:33:30+00:00,d7328d3e3c3f,stratified,50,0.132708,1,0,0.690667,0.02,0.709581,0.0200001,4.05663e+07,0.846556,0.181568,0.363792,0.120597,0.019007,0.633567
e228f40b0067,15,"resampler: Stratified, n_particles: 50",aiserver,2026-09-14T08:33:30+00:00,d7328d3e3c3f,stratified,50,0.45936,1,0,0.607333,0.02,0.573265,0.0200014,2.12481e+08,3.83205,0.526525,0.93987,0.0899155,0.0191662,0.638875
139abf69c19d,16,"resampler: Stratified, n_particles: 50",aiserver,2026-09-14T08:33:30+00:00,d7328d3e3c3f,stratified,50,0.444657,1,0,0.630667,0.02,0.627579,0.0200327,8.45355e+07,1.82463,0.556491,0.323855,0.0872693,0.0191949,0.63983
de72598d763c,17,"resampler: Stratified, n_particles: 50",aiserver,2026-09-14T08:33:30+00:00,d7328d3e3c3f,stratified,50,0.241359,1,0,0.67,0.02,0.684201,0.0231538,5858.49,0.80165,0.301599,0.366098,0.0768614,0.0193081,0.643605
340f1300147e,18,"resampler: Stratified, n_particles: 50",aiserver,2026-09-14T08:33:30+00:00,d7328d3e3c3f,stratified,50,0.743945,1,0,0.468,0.02,0.370033,0.0214955,1.05151e+07,335.875,1.07726,1.39722,0.27325,0.0195387,0.65129
c7f95ab7ecc8,19,"resampler: Stratified, n_particles: 50",aiserver,2026-09-14T08:33:30+00:00,d7328d3e3c3f,stratified,50,0.110048,1,0,0.699333,0.02,0.76123,0.0202206,3.10741e+06,0.35994,0.118134,0.0884618,0.0101606,0.019589,0.652967
25fbe8b8d511,0,"resampler: Stratified, n_particles: 200",aiserver,2026-09-14T08:33:30+00:00,d7328d3e3c3f,stratified,200,0.167784,1,0,0.650333,0.005,0.669755,0.0124288,11.0164,0.789519,0.186915,0.808483,0.0872017,0.0903878,3.01293
985232979e70,1,"resampler: Stratified, n_particles: 200",aiserver,2026-09-14T08:33:30+00:00,d7328d3e3c3f,stratified,200,0.121951,1,0,0.6615,0.005,0.687865,0.0118815,4.60844,0.274852,0.157117,0.972941,0.0446239,0.0919478,3.06493
b78b6dff52e6,2,"resampler: Stratified, n_particles: 200",aiserver,2026-09-14T08:33:30+00:00,d7328d3e3c3f,stratified,200,0.118567,1,0,0.673167,0.005,0.701871,0.0167917,2.81098,1.46165,0.180468,0.384228,0.0331532,0.0910031,3.03344
bc60c548f0e6,3,"resampler: Stratified, n_particles: 200",aiserver,2026-09-14T08:33:30+00:00,d7328d3e3c3f,stratified,200,0.176818,1,0,0.631667,0.005,0.631035,0.00852734,8.35576,0.583127,0.187266,0.675176,0.0439227,0.0913991,3.04664
ac20e120db64,4,"resampler: Stratified, n_particles: 200",aiserver,2026-09-14T08:33:30+00:00,d7328d3e3c3f,stratified,200,0.358444,1,0,0.615333,0.005,0.590624,0.00634325,7761.62,1.22139,0.519537,0.661612,0.130705,0.0908289,3.02763
4451106a267a,5,"resampler: Stratified, n_particles: 200",aiserver,2026-09-14T08:33:30+00:00,d7328d3e3c3f,stratified,200,0.137757,1,0,0.682167,0.005,0.719207,0.0124598,2.81595,0.364992,0.142068,0.45956,0.0613006,0.0918544,3.06181
c52b0293a9c8,6,"resampler: Stratified, n_particles: 200",aiserver,2026-09-14T08:33:30+00:00,d7328d3e3c3f,stratified,200,0.104604,1,0,0.6765,0.005,0.711575,0.00941088,1.52298,0.715416,0.117499,0.315362,0.157687,0.0904478,3.01493
0c6d6b7b8839,7,"resampler: Stratified, n_particles: 200",aiserver,2026-09-14T08:33:30+00:00,d7328d3e3c3f,stratified,200,0.661891,1,0,0.505167,0.005,0.413437,0.00990057,401.077,61.0599,0.914457,1.33198,0.0364732,0.0911791,3.0393
eeb9cb89f21e,8,"resampler: Stratified, n_particles: 200",aiserver,2026-09-14T08:33:30+00:00,d7328d3e3c3f,stratified,200,0.198116,1,0,0.661333,0.005,0.678267,0.00723246,43.4851,0.640226,0.2454,0.388879,0.116165,0.0906636,3.02212
79175fb3d2d7,9,"resampler: Stratified, n_particles: 200",aiserver,2026-09-14T08:33:30+00:00,d7328d3e3c3f,stratified,200,0.197638,1,0,0.646,0.005,0.653634,0.0119064,3.78302,0.911583,0.241631,0.644185,0.0806206,0.0909618,3.03206
d061bcba3408,10,"resampler: Stratified, n_particles: 200",aiserver,2026-09-14T08:33:30+00:00,d7328d3e3c3f,stratified,200,0.172539,1,0,0.651167,0.005,0.666876,0.017557,4.50706,0.477843,0.202561,0.658855,0.107353,0.0902407,3.00802
48ef56f6ec67,11,"resampler: Stratified, n_particles: 200",aiserver,2026-09-14T08:33:30+00:00,d7328d3e3c3f,stratified,200,0.176372,1,0,0.651667,0.005,0.665816,0.0117169,8.88566,0.834129,0.230503,0.838924,0.169042,0.0904271,3.01424
d7fcd72c6a61,12,"resampler: Stratified, n_particles: 200",aiserver,2026-09-14T08:33:30+00:00,d7328d3e3c3f,stratified,200,0.219589,1,0,0.6545,0.005,0.665044,0.0119832,4.99745,0.53536,0.2548,0.174238,0.0540632,0.0909065,3.03022
9a40095c9c89,13,"resampler: Stratified, n_particles: 200",aiserver,2026-09-14T08:33:30+00:00,d7328d3e3c3f,stratified,200,0.39594,1,0,0.599667,0.005,0.57723,0.0105929,118.17,1.58213,0.538592,0.921561,0.173201,0.0913978,3.04659
985eca3824f4,14,"resampler: Stratified, n_particles: 200",aiserver,2026-09-14T08:33:30+00:00,d7328d3e3c3f,stratified,200,0.101689,1,0,0.671333,0.005,0.699426,0.0139876,1.08765,0.461409,0.119318,0.149687,0.132206,0.0902654,3.00885
685642730713,15,"resampler: Stratified, n_particles: 200",aiserver,2026-09-14T08:33:30+00:00,d7328d3e3c3f,stratified,200,0.0920785,1,0,0.697833,0.005,0.757163,0.0117821,0.622836,0.364178,0.105973,0.203445,0.112484,0.0910143,3.03381
f2c200b203e9,16,"resampler: Stratified, n_particles: 200",aiserver,2026-09-14T08:33:30+00:00,d7328d3e3c3f,stratified,200,0.13654,1,0,0.688167,0.005,0.720476,0.0213717,3.31864,0.3539,0.139255,0.394681,0.0101601,0.0911889,3.03963
c9bc307cbb80,17,"resampler: Stratified, n_particles: 200",aiserver,2026-09-14T08:33:30+00:00,d7328d3e3c3f,stratified,200,0.106396,1,0,0.666,0.005,0.691309,0.00822573,1.49237,0.596535,0.14108,0.230846,0.151932,0.0915347,3.05116
a3a48db80f1f,18,"resampler: Stratified, n_particles: 200",aiserver,2026-09-14T08:33:30+00:00,d7328d3e3c3f,stratified,200,0.15075,1,0,0.657333,0.005,0.67674,0.0197707,1.43234,0.8065,0.167951,0.617315,0.154519,0.0906515,3.02172
8df7cf15a557,19,"resampler: Stratified, n_particles: 200",aiserver,2026-09-14T08:33:30+00:00,d7328d3e3c3f,stratified,200,0.119191,1,0,0.691,0.005,0.729946,0.0127793,3.44967,0.430668,0.138091,0.239057,0.0339145,0.0903538,3.01179
9ac249885420,0,"resampler: Stratified, n_particles: 1000",aiserver,2026-09-14T08:33:32+00:00,d7328d3e3c3f,stratified,1000,0.097447,1,0,0.678233,0.001,0.717426,0.0062664,0.712282,0.353977,0.112259,0.175367,0.0996058,1.48883,49.6277
b06bd154db8e,1,"resampler: Stratified, n_particles: 1000",aiserver,2026-09-14T08:33:32+00:00,d7328d3e3c3f,stratified,1000,0.155787,1,0,0.666733,0.001,0.68954,0.00806602,1.79561,0.288885,0.196769,0.584272,0.0631457,1.53166,51.0554
df64a75df823,2,"resampler: Stratified, n_particles: 1000",aiserver,2026-09-14T08:33:32+00:00,d7328d3e3c3f,stratified,1000,0.0884084,1,0,0.6878,0.001,0.728763,0.00644576,0.848531,0.696419,0.128879,0.247193,0.0629876,1.51907,50.6357
635eaffb5812,3,"resampler: Stratified, n_particles: 1000",aiserver,2026-09-14T08:33:32+00:00,d7328d3e3c3f,stratified,1000,0.0947826,1,0,0.672333,0.001,0.701171,0.00755033,0.623382,0.421371,0.0988699,0.150462,0.0248122,1.49254,49.7513
1b6d6a6e5ab4,4,"resampler: Stratified, n_particles: 1000",aiserver,2026-09-14T08:33:32+00:00,d7328d3e3c3f,stratified,1000,0.0785126,1,0,0.672733,0.001,0.707295,0.0125365,0.621919,0.34755,0.115077,0.474942,0.12124,1.48253,49.4178
c0717e652581,5,"resampler: Stratified, n_particles: 1000",aiserver,2026-09-14T08:33:32+00:00,d7328d3e3c3f,stratified,1000,0.11983,1,0,0.676967,0.001,0.712427,0.00929348,0.470295,0.346269,0.122703,0.386463,0.0665497,1.48522,49.5074
08c6771697ac,6,"resampler: Stratified, n_particles: 1000",aiserver,2026-09-14T08:33:32+00:00,d7328d3e3c3f,stratified,1000,0.127907,1,0,0.6594,0.001,0.68673,0.00708774,1.08027,0.833093,0.134494,0.517021,0.142225,1.48611,49.5372
1fde1a8e8cf1,7,"resampler: Stratified, n_particles: 1000",aiserver,2026-09-14T08:33:32+00:00,d7328d3e3c3f,stratified,1000,0.121007,1,0,0.6644,0.001,0.687886,0.00851228,0.813002,0.294151,0.15898,0.355128,0.0455613,1.48734,49.578
df8ce47f6fec,8,"resampler: Stratified, n_particles: 1000",aiserver,2026-09-14T08:33:32+00:00,d7328d3e3c3f,stratified,1000,0.128823,1,0,0.68,0.001,0.718001,0.00682967,1.34491,0.268234,0.135179,0.424956,0.0942189,1.49339,49.7796
4178dc330c58,9,"resampler: Stratified, n_particles: 1000",aiserver,2026-09-14T08:33:32+00:00,d7328d3e3c3f,stratified,1000,0.124196,1,0,0.6628,0.001,0.689769,0.00857712,1.04752,0.751197,0.147556,0.660672,0.0829812,1.50534,50.178
69c5a60818a5,10,"resampler: Stratified, n_particles: 1000",aiserver,2026-09-14T08:33:32+00:00,d7328d3e3c3f,stratified,1000,0.0983693,1,0,0.6722,0.001,0.70319,0.00759745,0.868591,0.496619,0.140812,0.197378,0.0806774,1.49204,49.7346
a4bf665cfb1b,11,"resampler: Stratified, n_particles: 1000",aiserver,2026-09-14T08:33:32+00:00,d7328d3e3c3f,stratified,1000,0.085285,1,0,0.6761,0.001,0.712671,0.00650299,0.576014,0.461969,0.102362,0.328612,0.172027,1.49726,49.9086
02f1ecb60bb6,12,"resampler: Stratified, n_particles: 1000",aiserver,2026-09-14T08:33:32+00:00,d7328d3e3c3f,stratified,1000,0.100679,1,0,0.666233,0.001,0.693116,0.0101336,0.972053,0.526673,0.140782,0.431261,0.0685151,1.49219,49.7398
a4a7df588045,13,"resampler: Stratified, n_particles: 1000",aiserver,2026-09-14T08:33:32+00:00,d7328d3e3c3f,stratified,1000,0.0984545,1,0,0.684333,0.001,0.72387,0.00926526,0.729556,0.397418,0.118132,0.305428,0.127834,1.49519,49.8397
cf46b735c60c,14,"resampler: Stratified, n_particles: 1000",aiserver,2026-09-14T08:33:32+00:00,d7328d3e3c3f,stratified,1000,0.108717,1,0,0.685767,0.001,0.725573,0.0107881,0.752749,0.511477,0.112104,0.115583,0.12715,1.49465,49.8215
f97b52829f18,15,"resampler: Stratified, n_particles: 1000",aiserver,2026-09-14T08:33:32+00:00,d7328d3e3c3f,stratified,1000,0.0946192,1,0,0.673333,0.001,0.709127,0.00573498,0.979647,0.4157,0.122783,0.864535,0.111201,1.49242,49.7474
d41e8d83dbd4,16,"resampler: Stratified, n_particles: 1000",aiserver,2026-09-14T08:33:33+00:00,d7328d3e3c3f,stratified,1000,0.122799,1,0,0.666733,0.001,0.695902,0.00610938,1.10978,0.266289,0.136558,0.72047,0.0108421,1.37924,45.9747
e68074284e41,17,"resampler: Stratified, n_particles: 1000",aiserver,2026-09-14T08:33:33+00:00,d7328d3e3c3f,stratified,1000,0.0996796,1,0,0.6565,0.001,0.679342,0.0120808,0.771395,0.500203,0.128231,0.418135,0.137121,1.37598,45.8662
7330fae5d682,18,"resampler: Stratified, n_particles: 1000",aiserver,2026-09-14T08:33:33+00:00,d7328d3e3c3f,stratified,1000,0.11807,1,0,0.667533,0.001,0.694099,0.00789116,1.17597,0.692929,0.155587,0.754381,0.170859,1.36915,45.6383
a6d33cb2b470,19,"resampler: Stratified, n_particles: 1000",aiserver,2026-09-14T08:33:33+00:00,d7328d3e3c3f,stratified,1000,0.0765409,1,0,0.6889,0.001,0.734553,0.00547323,0.329514,0.290563,0.0824699,0.351655,0.0552924,1.37175,45.7252
c89d0668b30d,0,"resampler: Systematic, n_particles: 50",aiserver,2026-09-14T08:33:32+00:00,d7328d3e3c3f,systematic,50,0.263312,1,0,0.694667,0.02,0.67653,0.02042,5.19151e+07,2.3238,0.389391,0.361127,0.0921749,0.00876075,0.292025
490e86d5a4f4,1,"resampler: Systematic, n_particles: 50",aiserver,2026-09-14T08:33:32+00:00,d7328d3e3c3f,systematic,50,0.731139,1,0,0.532667,0.02,0.439678,0.02,2.53097e+08,221.936,0.980948,1.2386,0.0152242,0.00922749,0.307583
5d693c22ba74,2,"resampler: Systematic, n_particles: 50",aiserver,2026-09-14T08:33:32+00:00,d7328d3e3c3f,systematic,50,0.170043,1,0,0.718,0.02,0.693836,0.0241019,49686,1.60576,0.315337,0.15336,0.0999565,0.0091258,0.304193
3dc081520608,3,"resampler: Systematic, n_particles: 50",aiserver,2026-09-14T08:33:32+00:00,d7328d3e3c3f,systematic,50,0.797125,1,0,0.452667,0.02,0.309217,0.0200064,2.46611e+08,1191.28,1.55587,1.24189,0.130038,0.00917443,0.305814
79d4dd6bb150,4,"resampler: Systematic, n_particles: 50",aiserver,2026-09-14T08:33:32+00:00,d7328d3e3c3f,systematic,50,0.486878,1,0,0.585333,0.02,0.510663,0.0200001,1.37069e+08,6.50404,0.661129,0.753285,0.075336,0.00884126,0.294709
993a99b086af,5,"resampler: Systematic, n_particles: 50",aiserver,2026-09-14T08:33:32+00:00,d7328d3e3c3f,systematic,50,0.43581,1,0,0.695333,0.02,0.668154,0.0202224,7.05631e+07,1.48042,0.49784,0.381403,0.0923221,0.00938382,0.312794
6105d38ac616,6,"resampler: Systematic, n_particles: 50",aiserver,2026-09-14T08:33:32+00:00,d7328d3e3c3f,systematic,50,0.182783,1,0,0.718,0.02,0.702607,0.0385226,1440.97,1.31378,0.228148,0.309294,0.211815,0.0093021,0.31007
c8cda08d0531,7,"resampler: Systematic, n_particles: 50",aiserver,2026-09-14T08:33:32+00:00,d7328d3e3c3f,systematic,50,0.883124,1,0,0.495333,0.02,0.384989,0.0202695,3.47932e+08,356.284,1.17885,1.57142,0.0943152,0.00890823,0.296941
df2233ef3f35,8,"resampler: Systematic, n_particles: 50",aiserver,2026-09-14T08:33:32+00:00,d7328d3e3c3f,systematic,50,0.758139,1,0,0.536,0.02,0.427552,0.0200157,2.44685e+08,212.902,0.954161,1.24383,0.102957,0.00878441,0.292814
841735f3d06c,9,"resampler: Systematic, n_particles: 50",aiserver,2026-09-14T08:33:32+00:00,d7328d3e3c3f,systematic,50,1.01708,1,0,0.341333,0.02,0.203772,0.0203738,2.07377e+06,2815.14,1.71688,1.452,0.29045,0.0088859,0.296197
ff0e6bfd5cb9,10,"resampler: Systematic, n_particles: 50",aiserver,2026-09-14T08:33:32+00:00,d7328d3e3c3f,systematic,50,0.323327,1,0,0.654,0.02,0.596902,0.0405059,31369.2,3.89762,0.447469,0.690592,0.0759277,0.00840675,0.280225
24747035f8ff,11,"resampler: Systematic, n_particles: 50",aiserver,2026-09-14T08:33:32+00:00,d7328d3e3c3f,systematic,50,0.334643,1,0,0.686667,0.02,0.65126,0.027102,3.16425e+07,2.42685,0.370295,0.813249,0.147996,0.00910341,0.303447
674d1a98bffa,12,"resampler: Systematic, n_particles: 50",aiserver,2026-09-14T08:33:32+00:00,d7328d3e3c3f,systematic,50,0.384964,1,0,0.686,0.02,0.640604,0.0224453,4.42092e+07,2.7116,0.397851,0.874181,0.0417767,0.00894913,0.298304
e77882671915,13,"resampler: Systematic, n_particles: 50",aiserver,2026-09-14T08:33:32+00:00,d7328d3e3c3f,systematic,50,0.19222,1,0,0.722667,0.02,0.705772,0.0258218,6.9371e+06,0.563875,0.218081,0.397704,0.149185,0.00903218,0.301073
7b3b769a7290,14,"resampler: Systematic, n_particles: 50",aiserver,2026-09-14T08:33:32+00:00,d7328d3e3c3f,systematic,50,0.145639,1,0,0.71,0.02,0.689299,0.0200001,4.05663e+07,0.748822,0.210796,0.36056,0.116372,0.00858128,0.286043
a93d3ff9c48a,15,"resampler: Systematic, n_particles: 50",aiserver,2026-09-14T08:33:32+00:00,d7328d3e3c3f,systematic,50,0.552807,1,0,0.597333,0.02,0.497615,0.0200014,2.12482e+08,18.6857,0.68995,1.00799,0.0978872,0.0092419,0.308063
1290b8d6ba05,16,"resampler: Systematic, n_particles: 50",aiserver,2026-09-14T08:33:32+00:00,d7328d3e3c3f,systematic,50,0.479124,1,0,0.654,0.02,0.612021,0.0200327,8.44763e+07,0.374331,0.569382,0.310428,0.0538599,0.00932716,0.310905
72b568d17052,17,"resampler: Systematic, n_particles: 50",aiserver,2026-09-14T08:33:32+00:00,d7328d3e3c3f,systematic,50,0.233686,1,0,0.69,0.02,0.649035,0.0231538,2115.89,0.831508,0.27254,0.388527,0.15096,0.00855975,0.285325
c4a31f046f82,18,"resampler: Systematic, n_particles: 50",aiserver,2026-09-14T08:33:32+00:00,d7328d3e3c3f,systematic,50,0.773031,1,0,0.456,0.02,0.333917,0.0214955,1.05092e+07,457.278,1.20396,1.38472,0.295787,0.00854433,0.284811
f0f456a336d7,19,"resampler: Systematic, n_particles: 50",aiserver,2026-09-14T08:33:32+00:00,d7328d3e3c3f,systematic,50,0.112583,1,0,0.746,0.02,0.744098,0.0202206,3.10741e+06,0.397683,0.126994,0.0881806,0.0747243,0.00944932,0.314977
b8d2b84b32e3,0,"resampler: Systematic, n_particles: 200",aiserver,2026-09-14T08:33:32+00:00,d7328d3e3c3f,systematic,200,0.143254,1,0,0.681,0.005,0.646955,0.0124288,10.0608,0.707029,0.167531,0.827364,0.113201,0.0173073,0.576909
440b6094f2db,1,"resampler: Systematic, n_particles: 200",aiserver,2026-09-14T08:33:32+00:00,d7328d3e3c3f,systematic,200,0.127083,1,0,0.700667,0.005,0.679671,0.0118815,4.86438,0.222514,0.171608,0.972689,0.0541534,0.0174215,0.580717
dcb7f563027b,2,"resampler: Systematic, n_particles: 200",aiserver,2026-09-14T08:33:32+00:00,d7328d3e3c3f,systematic,200,0.114102,1,0,0.713667,0.005,0.70358,0.0167917,2.68986,1.04115,0.16922,0.377514,0.05301,0.0171675,0.572252
8f3180df6ca0,3,"resampler: Systematic, n_particles: 200",aiserver,2026-09-14T08:33:32+00:00,d7328d3e3c3f,systematic,200,0.176747,1,0,0.6675,0.005,0.633592,0.00852734,9.80418,0.961383,0.229027,0.678496,0.050793,0.0172857,0.576189
2920fbc823d9,4,"resampler: Systematic, n_particles: 200",aiserver,2026-09-14T08:33:32+00:00,d7328d3e3c3f,systematic,200,0.309154,1,0,0.664167,0.005,0.61535,0.00634325,7748.07,0.78214,0.436253,0.63776,0.0971002,0.0174854,0.582848
c177e01ea585,5,"resampler: Systematic, n_particles: 200",aiserver,2026-09-14T08:33:32+00:00,d7328d3e3c3f,systematic,200,0.142359,1,0,0.7195,0.005,0.707983,0.0124598,5.66727,0.380741,0.149314,0.475066,0.0886106,0.0175359,0.584531
c3481d38107a,6,"resampler: Systematic, n_particles: 200",aiserver,2026-09-14T08:33:32+00:00,d7328d3e3c3f,systematic,200,0.10624,1,0,0.727333,0.005,0.725179,0.00941088,1.44451,0.641368,0.119284,0.313493,0.169604,0.0177069,0.590229
00aae1c39fea,7,"resampler: Systematic, n_particles: 200",aiserver,2026-09-14T08:33:32+00:00,d7328d3e3c3f,systematic,200,0.585689,1,0,0.516333,0.005,0.41364,0.00990057,1314.57,74.9916,0.839767,1.31753,0.0462074,0.0179331,0.597769
75ae2aa79a70,8,"resampler: Systematic, n_particles: 200",aiserver,2026-09-14T08:33:32+00:00,d7328d3e3c3f,systematic,200,0.197368,1,0,0.707833,0.005,0.68876,0.00723246,10.4454,0.444857,0.232488,0.380232,0.116926,0.017306,0.576866
130f8b15b101,9,"resampler: Systematic, n_particles: 200",aiserver,2026-09-14T08:33:32+00:00,d7328d3e3c3f,systematic,200,0.155435,1,0,0.7055,0.005,0.692205,0.0119064,2.2331,0.757383,0.173606,0.61901,0.0790801,0.0179129,0.597097
37f36be09ce9,10,"resampler: Systematic, n_particles: 200",aiserver,2026-09-14T08:33:32+00:00,d7328d3e3c3f,systematic,200,0.249457,1,0,0.6535,0.005,0.60959,0.017557,25.8921,0.949761,0.313715,0.687503,0.0679864,0.0174961,0.583203
1a4e048b858f,11,"resampler: Systematic, n_particles: 200",aiserver,2026-09-14T08:33:32+00:00,d7328d3e3c3f,systematic,200,0.289047,1,0,0.629333,0.005,0.561995,0.0117169,57.7148,1.11011,0.359215,0.968513,0.170118,0.0178916,0.596388
ca8fc523ab80,12,"resampler: Systematic, n_particles: 200",aiserver,2026-09-14T08:33:32+00:00,d7328d3e3c3f,systematic,200,0.231023,1,0,0.689333,0.005,0.663277,0.0119832,6.15074,0.548922,0.270148,0.170614,0.0686524,0.0182204,0.607347
d122b73c11a0,13,"resampler: Systematic, n_particles: 200",aiserver,2026-09-14T08:33:32+00:00,d7328d3e3c3f,systematic,200,0.402591,1,0,0.630333,0.005,0.558653,0.0105929,113.513,3.60467,0.58352,0.913094,0.145002,0.0184384,0.614612
1e7c73ec9e48,14,"resampler: Systematic, n_particles: 200",aiserver,2026-09-14T08:33:32+00:00,d7328d3e3c3f,systematic,200,0.0914777,1,0,0.718333,0.005,0.707974,0.0139876,0.95766,0.345161,0.105321,0.143235,0.114667,0.0183156,0.610521
53c3ec7013a0,15,"resampler: Systematic, n_particles: 200",aiserver,2026-09-14T08:33:32+00:00,d7328d3e3c3f,systematic,200,0.0968765,1,0,0.748833,0.005,0.75553,0.0117821,0.849476,0.415611,0.117643,0.215597,0.0774209,0.0179224,0.597412
5771cbac64c2,16,"resampler: Systematic, n_particles: 200",aiserver,2026-09-14T08:33:32+00:00,d7328d3e3c3f,systematic,200,0.120945,1,0,0.7235,0.005,0.715972,0.0213717,3.35958,0.341321,0.126052,0.393755,0.00734578,0.0176343,0.587809
67ef6581d7e4,17,"resampler: Systematic, n_particles: 200",aiserver,2026-09-14T08:33:32+00:00,d7328d3e3c3f,systematic,200,0.103867,1,0,0.7195,0.005,0.701429,0.00822573,1.86059,0.687434,0.141982,0.233815,0.144014,0.0182888,0.609627
f5f8c5a6301c,18,"resampler: Systematic, n_particles: 200",aiserver,2026-09-14T08:33:32+00:00,d7328d3e3c3f,systematic,200,0.149584,1,0,0.696333,0.005,0.677925,0.0197707,1.27299,0.691538,0.168858,0.632055,0.167154,0.0177082,0.590274
d74816040520,19,"resampler: Systematic, n_particles: 200",aiserver,2026-09-14T08:33:32+00:00,d7328d3e3c3f,systematic,200,0.127179,1,0,0.726167,0.005,0.719421,0.0127793,3.67147,0.517828,0.157925,0.245692,0.0639937,0.0182607,0.60869
139b478d6ecb,0,"resampler: Systematic, n_particles: 1000",aiserver,2026-09-14T08:33:32+00:00,d7328d3e3c3f,systematic,1000,0.0996886,1,0,0.7193,0.001,0.713199,0.0062664,0.733177,0.403425,0.113284,0.184952,0.10134,0.0571605,1.90535
bf1a28d2ea79,1,"resampler: Systematic, n_particles: 1000",aiserver,2026-09-14T08:33:32+00:00,d7328d3e3c3f,systematic,1000,0.154346,1,0,0.709133,0.001,0.689731,0.00806602,1.08314,0.223966,0.194411,0.570515,0.0609312,0.0563372,1.87791
e267d9fdcbe1,2,"resampler: Systematic, n_particles: 1000",aiserver,2026-09-14T08:33:32+00:00,d7328d3e3c3f,systematic,1000,0.0903449,1,0,0.731,0.001,0.730619,0.00644576,0.865349,0.723425,0.132753,0.247349,0.0689406,0.057932,1.93107
eb86d2d26321,3,"resampler: Systematic, n_particles: 1000",aiserver,2026-09-14T08:33:32+00:00,d7328d3e3c3f,systematic,1000,0.0896078,1,0,0.709533,0.001,0.698766,0.00755033,0.530926,0.359451,0.0946099,0.151891,0.0340477,0.0562756,1.87585
4bd40095f1a8,4,"resampler: Systematic, n_particles: 1000",aiserver,2026-09-14T08:33:32+00:00,d7328d3e3c3f,systematic,1000,0.0770768,1,0,0.711733,0.001,0.70297,0.0125365,0.652403,0.296178,0.115513,0.480827,0.103266,0.0920869,3.06956
98af9348e690,5,"resampler: Systematic, n_particles: 1000",aiserver,2026-09-14T08:33:32+00:00,d7328d3e3c3f,systematic,1000,0.119728,1,0,0.7265,0.001,0.717801,0.00929348,0.4824,0.32264,0.122169,0.380359,0.0755742,0.0567164,1.89055
b166e94eba7e,6,"resampler: Systematic, n_particles: 1000",aiserver,2026-09-14T08:33:32+00:00,d7328d3e3c3f,systematic,1000,0.12302,1,0,0.7065,0.001,0.690645,0.00708774,0.881256,0.785951,0.128997,0.495799,0.149401,0.0566272,1.88757
33b1171160f2,7,"resampler: Systematic, n_particles: 1000",aiserver,2026-09-14T08:33:32+00:00,d7328d3e3c3f,systematic,1000,0.126421,1,0,0.705067,0.001,0.684012,0.00851228,1.03275,0.344035,0.170938,0.342452,0.0588386,0.0552937,1.84312
7b2362ff7016,8,"resampler: Systematic, n_particles: 1000",aiserver,2026-09-14T08:33:32+00:00,d7328d3e3c3f,systematic,1000,0.128891,1,0,0.719067,0.001,0.714169,0.00682967,1.36003,0.274555,0.135191,0.42415,0.0868603,0.0565868,1.88623
5ce7872c5870,9,"resampler: Systematic, n_particles: 1000",aiserver,2026-09-14T08:33:32+00:00,d7328d3e3c3f,systematic,1000,0.119703,1,0,0.705933,0.001,0.69453,0.00857712,1.00263,0.699262,0.141025,0.65202,0.0837253,0.0571683,1.90561
4df954831ef8,10,"resampler: Systematic, n_particles: 1000",aiserver,2026-09-14T08:33:32+00:00,d7328d3e3c3f,systematic,1000,0.0982472,1,0,0.710467,0.001,0.696651,0.00759745,0.740498,0.426044,0.137007,0.198516,0.0898093,0.0554254,1.84751
c862440869bd,11,"resampler: Systematic, n_particles: 1000",aiserver,2026-09-14T08:33:32+00:00,d7328d3e3c3f,systematic,1000,0.0884833,1,0,0.72,0.001,0.713902,0.00650299,0.639002,0.508226,0.103031,0.331016,0.168909,0.0567892,1.89297
a2d3b0cab87e,12,"resampler: Systematic, n_particles: 1000",aiserver,2026-09-14T08:33:32+00:00,d7328d3e3c3f,systematic,1000,0.097842,1,0,0.7055,0.001,0.695101,0.0101336,0.881693,0.481368,0.133757,0.422595,0.0646933,0.0551531,1.83844
4ea88f73223b,13,"resampler: Systematic, n_particles: 1000",aiserver,2026-09-14T08:33:32+00:00,d7328d3e3c3f,systematic,1000,0.0976389,1,0,0.728833,0.001,0.724244,0.00926526,0.796461,0.418531,0.121555,0.298527,0.152081,0.0550756,1.83585
fc06e2411eac,14,"resampler: Systematic, n_particles: 1000",aiserver,2026-09-14T08:33:32+00:00,d7328d3e3c3f,systematic,1000,0.11184,1,0,0.731,0.001,0.728049,0.0107881,0.802456,0.618995,0.116945,0.126229,0.124465,0.0927691,3.0923
5457c9dad200,15,"resampler: Systematic, n_particles: 1000",aiserver,2026-09-14T08:33:32+00:00,d7328d3e3c3f,systematic,1000,0.102875,1,0,0.709633,0.001,0.693777,0.00573498,1.04471,0.320424,0.129947,0.879159,0.112005,0.0939451,3.1315
b687933992f3,16,"resampler: Systematic, n_particles: 1000",aiserver,2026-09-14T08:33:32+00:00,d7328d3e3c3f,systematic,1000,0.125764,1,0,0.706533,0.001,0.691212,0.00610938,1.05547,0.237364,0.14238,0.738644,0.0141593,0.0544326,1.81442
db524a68fd63,17,"resampler: Systematic, n_particles: 1000",aiserver,2026-09-14T08:33:32+00:00,d7328d3e3c3f,systematic,1000,0.101017,1,0,0.695233,0.001,0.67953,0.0120808,0.799786,0.51543,0.131326,0.419372,0.138011,0.0540678,1.80226
3f427145ddf2,18,"resampler: Systematic, n_particles: 1000",aiserver,2026-09-14T08:33:32+00:00,d7328d3e3c3f,systematic,1000,0.111333,1,0,0.708067,0.001,0.697749,0.00789116,1.08787,0.725462,0.148326,0.739248,0.162754,0.0901288,3.00429
0ce218a78253,19,"resampler: Systematic, n_particles: 1000",aiserver,2026-09-14T08:33:32+00:00,d7328d3e3c3f,systematic,1000,0.0767062,1,0,0.732133,0.001,0.734077,0.00547323,0.357633,0.268507,0.0834688,0.350352,0.0381194,0.0538998,1.79666
