run_id,seed,variant,host,date,code,forward_std,ate,resample_rate,collapses,unique_after_resampling,max_weight_mean,ess_mean,ess_min,log_likelihood,log_likelihood_per_step,nees_mean,nees_median,position_rmse,heading_rmse,final_position_error,runtime_total_s,runtime_per_step_ms
423812b34dfd,0,0.002,labdesktop,2026-09-20T09:56:19+00:00,1073b69d29e5,0.002,0.0373764,0.233333,0,0.468857,0.0011448,0.64854,0.267505,206.481,6.8827,0.854198,0.71373,0.0388473,0.0388922,0.0205985,0.0675499,2.25166
1625db1596d6,1,0.002,labdesktop,2026-09-20T09:56:19+00:00,1073b69d29e5,0.002,0.0444014,0.3,0,0.522056,0.00105757,0.633022,0.244326,214.69,7.15632,0.966301,0.677977,0.0478124,0.0397814,0.0223474,0.0716475,2.38825
c6faa8659bba,2,0.002,labdesktop,2026-09-20T09:56:19+00:00,1073b69d29e5,0.002,0.0545653,0.3,0,0.475611,0.000960166,0.642366,0.0908532,190.906,6.36353,14.0747,14.5051,0.0795172,0.0444979,0.00712,0.0715017,2.38339
0471910d76b9,3,0.002,labdesktop,2026-09-20T09:56:19+00:00,1073b69d29e5,0.002,0.0377182,0.266667,0,0.512813,0.00112316,0.622434,0.221795,203.553,6.78511,5.35972,4.70864,0.0643892,0.0246273,0.0256824,0.0701784,2.33928
a94013acdac0,4,0.002,labdesktop,2026-09-20T09:56:19+00:00,1073b69d29e5,0.002,0.0423892,0.233333,0,0.468,0.00110068,0.611806,0.244322,200.239,6.67465,6.49349,6.36591,0.0557542,0.0382549,0.0486428,0.0300276,1.00092
c198ac3a7f49,5,0.002,labdesktop,2026-09-20T09:56:19+00:00,1073b69d29e5,0.002,0.0473787,0.233333,0,0.466786,0.00125971,0.623416,0.075277,210.892,7.02973,1.23791,0.982267,0.0483365,0.0522972,0.0208437,0.0298987,0.996623
84dfc90d7c7f,6,0.002,labdesktop,2026-09-20T09:56:19+00:00,1073b69d29e5,0.002,0.0450364,0.366667,0,0.503955,0.00109456,0.577971,0.128452,208.568,6.95228,4.33154,3.69027,0.0595419,0.0427775,0.0206117,0.0352547,1.17516
d4e2d1070479,7,0.002,labdesktop,2026-09-20T09:56:19+00:00,1073b69d29e5,0.002,0.0471998,0.266667,0,0.532062,0.0011252,0.641327,0.256324,213.643,7.12143,3.37186,3.21884,0.0782925,0.0505125,0.0761227,0.0320999,1.07
ad8c878a7969,8,0.002,labdesktop,2026-09-20T09:56:19+00:00,1073b69d29e5,0.002,0.0907378,0.3,0,0.446833,0.00114881,0.595785,0.158779,190.537,6.35122,12.989,10.7842,0.113765,0.0923554,0.0727361,0.0648684,2.16228
2c883e19259d,9,0.002,labdesktop,2026-09-20T09:56:19+00:00,1073b69d29e5,0.002,0.0446271,0.366667,0,0.519318,0.00120477,0.5847,0.223897,196.048,6.53495,1.1103,0.797967,0.0505628,0.0424402,0.0325153,0.03517,1.17233
7c5eb4af5a9f,10,0.002,labdesktop,2026-09-20T09:56:19+00:00,1073b69d29e5,0.002,0.027023,0.266667,0,0.510563,0.00123083,0.582982,0.255543,216.001,7.20003,2.28188,2.08073,0.0410584,0.0254394,0.0206868,0.0638661,2.12887
483350fd8661,11,0.002,labdesktop,2026-09-20T09:56:19+00:00,1073b69d29e5,0.002,0.0323288,0.233333,0,0.506857,0.0012113,0.628681,0.255618,215.849,7.19496,4.1719,3.46367,0.0377251,0.031179,0.0176763,0.030092,1.00307
f5e77b2829b4,12,0.002,labdesktop,2026-09-20T09:56:19+00:00,1073b69d29e5,0.002,0.0390575,0.3,0,0.484056,0.00119325,0.587651,0.233033,192.572,6.41908,7.72447,7.38906,0.0626006,0.0412766,0.0501502,0.0634389,2.11463
4e5a26bb26cf,13,0.002,labdesktop,2026-09-20T09:56:19+00:00,1073b69d29e5,0.002,0.048244,0.3,0,0.502722,0.00115007,0.612706,0.262438,217.661,7.25536,3.9381,3.52079,0.0712715,0.0432098,0.062373,0.0631719,2.10573
5cacdd697020,14,0.002,labdesktop,2026-09-20T09:56:19+00:00,1073b69d29e5,0.002,0.0410855,0.366667,0,0.501591,0.00105688,0.616976,0.257143,183.432,6.11439,6.001,6.56374,0.0789544,0.0363658,0.0366499,0.0342609,1.14203
ff46343e64c9,15,0.002,labdesktop,2026-09-20T09:56:19+00:00,1073b69d29e5,0.002,0.040651,0.3,0,0.519611,0.000951245,0.656376,0.274144,218.865,7.29551,7.07211,8.29295,0.0737839,0.0303419,0.00725263,0.0316854,1.05618
353bc2384c06,16,0.002,labdesktop,2026-09-20T09:56:19+00:00,1073b69d29e5,0.002,0.0390344,0.233333,0,0.438929,0.00105997,0.611791,0.0930547,228.015,7.60051,3.43749,2.74032,0.0529797,0.0313872,0.0201835,0.0294099,0.980329
e26d15cf5e24,17,0.002,labdesktop,2026-09-20T09:56:19+00:00,1073b69d29e5,0.002,0.0569719,0.3,0,0.435778,0.000963623,0.619732,0.0343826,195.523,6.51743,2.65247,1.74843,0.0678819,0.0421876,0.0535382,0.0319768,1.06589
d84dfd1dd757,18,0.002,labdesktop,2026-09-20T09:56:19+00:00,1073b69d29e5,0.002,0.0385107,0.3,0,0.460611,0.0011442,0.602161,0.195445,197.063,6.56878,10.9354,7.0527,0.0835388,0.0419028,0.095959,0.0321112,1.07037
05efd7ce08d2,19,0.002,labdesktop,2026-09-20T09:56:19+00:00,1073b69d29e5,0.002,0.0495925,0.3,0,0.477333,0.00109881,0.603862,0.202374,215.739,7.19131,3.73008,3.07112,0.0662815,0.0459177,0.0491284,0.0318906,1.06302
b92b1f843937,0,0.00356,labdesktop,2026-09-20T09:56:20+00:00,1073b69d29e5,0.00356,0.0371237,0.233333,0,0.470214,0.00117061,0.641133,0.267588,206.385,6.87948,0.805869,0.723639,0.0385197,0.0391301,0.016008,0.0637068,2.12356
0a81db08e2e4,1,0.00356,labdesktop,2026-09-20T09:56:20+00:00,1073b69d29e5,0.00356,0.0454386,0.3,0,0.510333,0.00118406,0.602974,0.244399,214.755,7.15851,1.02238,0.760325,0.0489425,0.0413664,0.0271983,0.0673412,2.24471
50933700720b,2,0.00356,labdesktop,2026-09-20T09:56:20+00:00,1073b69d29e5,0.00356,0.065747,0.266667,0,0.457125,0.00112074,0.635491,0.077278,192.645,6.42152,7.36837,6.2321,0.08492,0.0402997,0.0603652,0.0634414,2.11471
6f8552eb5922,3,0.00356,labdesktop,2026-09-20T09:56:20+00:00,1073b69d29e5,0.00356,0.0371538,0.266667,0,0.505125,0.00120303,0.613699,0.228726,203.625,6.7875,5.39166,5.05438,0.0629807,0.0248598,0.0202031,0.0683203,2.27734
4c1bc8cdf182,4,0.00356,labdesktop,2026-09-20T09:56:20+00:00,1073b69d29e5,0.00356,0.0430472,0.233333,0,0.463643,0.00116033,0.611697,0.244356,200.312,6.67707,5.46517,5.62702,0.0548304,0.0390722,0.0391136,0.0309882,1.03294
beec5d4d3c67,5,0.00356,labdesktop,2026-09-20T09:56:20+00:00,1073b69d29e5,0.00356,0.0466834,0.266667,0,0.468313,0.0010201,0.668492,0.0568513,210.472,7.01573,1.57631,1.33283,0.0550949,0.0603316,0.0129251,0.0316326,1.05442
aaa711fc863d,6,0.00356,labdesktop,2026-09-20T09:56:20+00:00,1073b69d29e5,0.00356,0.043663,0.366667,0,0.505636,0.00107581,0.590482,0.1956,208.121,6.93737,4.18774,3.72116,0.0604142,0.0432266,0.0221912,0.0351964,1.17321
87841b771aab,7,0.00356,labdesktop,2026-09-20T09:56:20+00:00,1073b69d29e5,0.00356,0.0464624,0.266667,0,0.524312,0.00119649,0.605076,0.256231,213.449,7.11498,3.35799,3.07261,0.0768706,0.0490254,0.0866176,0.0315243,1.05081
817ad560bab0,8,0.00356,labdesktop,2026-09-20T09:56:20+00:00,1073b69d29e5,0.00356,0.0890747,0.333333,0,0.46545,0.000933942,0.640236,0.16251,190.388,6.34627,8.86879,9.12803,0.11023,0.0920982,0.0601218,0.0641241,2.13747
d1b62af522b7,9,0.00356,labdesktop,2026-09-20T09:56:20+00:00,1073b69d29e5,0.00356,0.0444099,0.366667,0,0.512773,0.00122538,0.58726,0.222583,196.792,6.55975,1.08576,0.815586,0.0505933,0.0424323,0.0449775,0.0361199,1.204
6212045829be,10,0.00356,labdesktop,2026-09-20T09:56:20+00:00,1073b69d29e5,0.00356,0.0270805,0.266667,0,0.511563,0.00128459,0.583925,0.245,216.016,7.20053,2.30844,2.2337,0.0408561,0.0255472,0.0233932,0.0632002,2.10667
378c054d76c7,11,0.00356,labdesktop,2026-09-20T09:56:20+00:00,1073b69d29e5,0.00356,0.0318292,0.233333,0,0.491857,0.00128069,0.63854,0.255645,216.025,7.20084,4.11958,3.43467,0.0373405,0.0301555,0.0183507,0.0620267,2.06756
9b4d46b782a8,12,0.00356,labdesktop,2026-09-20T09:56:20+00:00,1073b69d29e5,0.00356,0.0377606,0.3,0,0.492556,0.00125951,0.599347,0.231627,192.611,6.42035,6.34524,5.84932,0.0625317,0.0407248,0.0518109,0.0615699,2.05233
f79ba5ab1c87,13,0.00356,labdesktop,2026-09-20T09:56:20+00:00,1073b69d29e5,0.00356,0.0488629,0.3,0,0.494389,0.00123491,0.596884,0.262437,217.384,7.24612,3.47275,2.73581,0.0710588,0.0430547,0.0579684,0.0321675,1.07225
6e63928009b8,14,0.00356,labdesktop,2026-09-20T09:56:20+00:00,1073b69d29e5,0.00356,0.0432941,0.3,0,0.495111,0.00128117,0.613051,0.257281,183.648,6.12162,4.00534,3.30916,0.0763733,0.0363583,0.0224377,0.032515,1.08383
6d04ef02492a,15,0.00356,labdesktop,2026-09-20T09:56:20+00:00,1073b69d29e5,0.00356,0.0419313,0.266667,0,0.509,0.00102788,0.642379,0.274044,218.901,7.2967,6.43474,7.603,0.0747735,0.0291691,0.00356523,0.0310205,1.03402
107e9af095e0,16,0.00356,labdesktop,2026-09-20T09:56:20+00:00,1073b69d29e5,0.00356,0.0387514,0.233333,0,0.440643,0.00106214,0.614628,0.0961513,228.105,7.6035,3.14909,2.36113,0.0519695,0.0318718,0.0150227,0.0297409,0.991362
0907ad712b14,17,0.00356,labdesktop,2026-09-20T09:56:20+00:00,1073b69d29e5,0.00356,0.0559323,0.3,0,0.451222,0.000958635,0.618699,0.154446,195.47,6.51567,2.36275,1.4003,0.0676158,0.0413971,0.0524875,0.0323126,1.07709
a9060e7f36aa,18,0.00356,labdesktop,2026-09-20T09:56:20+00:00,1073b69d29e5,0.00356,0.0370381,0.266667,0,0.491187,0.00120979,0.618607,0.265733,198.058,6.60193,7.12568,4.81963,0.0818385,0.0424344,0.0863032,0.0312166,1.04055
4e6d347ae20f,19,0.00356,labdesktop,2026-09-20T09:56:20+00:00,1073b69d29e5,0.00356,0.0470976,0.3,0,0.475444,0.00119135,0.601026,0.155417,215.341,7.17804,4.19818,3.65562,0.0674376,0.0484575,0.0532257,0.0323564,1.07855
7f3a5c52cc57,0,0.00632,labdesktop,2026-09-20T09:56:20+00:00,1073b69d29e5,0.00632,0.0376833,0.233333,0,0.4745,0.00127739,0.608346,0.2677,206.04,6.86799,0.869075,0.897812,0.04032,0.0393162,0.0199133,0.0637806,2.12602
e50ad1967633,1,0.00632,labdesktop,2026-09-20T09:56:20+00:00,1073b69d29e5,0.00632,0.0443971,0.3,0,0.509444,0.00110744,0.619146,0.244471,214.528,7.15093,1.05946,0.834411,0.0480267,0.0393479,0.0173778,0.065642,2.18807
b4e61e9fe261,2,0.00632,labdesktop,2026-09-20T09:56:20+00:00,1073b69d29e5,0.00632,0.0574075,0.3,0,0.472,0.00101175,0.612146,0.077568,190.385,6.34615,10.1073,5.53762,0.0934356,0.0401817,0.0876006,0.0662881,2.2096
f886c002ced4,3,0.00632,labdesktop,2026-09-20T09:56:20+00:00,1073b69d29e5,0.00632,0.037921,0.266667,0,0.504625,0.00126536,0.604894,0.234081,203.88,6.79599,4.03882,3.07459,0.061624,0.0244523,0.0195914,0.0640936,2.13645
63db686b8e05,4,0.00632,labdesktop,2026-09-20T09:56:20+00:00,1073b69d29e5,0.00632,0.0442698,0.266667,0,0.483125,0.00111629,0.626331,0.244402,200.063,6.66875,5.20323,5.25919,0.0545459,0.038132,0.0364076,0.0305107,1.01702
f41f2e8a8d91,5,0.00632,labdesktop,2026-09-20T09:56:20+00:00,1073b69d29e5,0.00632,0.0474704,0.233333,0,0.460571,0.0013292,0.635221,0.0665411,211.458,7.04859,1.52805,1.02446,0.0519787,0.0547399,0.0122374,0.0298145,0.993816
19d0c1fe42af,6,0.00632,labdesktop,2026-09-20T09:56:20+00:00,1073b69d29e5,0.00632,0.0471212,0.333333,0,0.48445,0.00115641,0.593256,0.178732,209.669,6.98896,2.76655,2.87098,0.0575676,0.042592,0.0260891,0.0335418,1.11806
2fec0df176d9,7,0.00632,labdesktop,2026-09-20T09:56:20+00:00,1073b69d29e5,0.00632,0.0469798,0.3,0,0.525278,0.00116087,0.621985,0.25605,213.255,7.10849,3.11949,2.9061,0.0754008,0.0485876,0.072949,0.0322097,1.07366
a93abb4cba2f,8,0.00632,labdesktop,2026-09-20T09:56:20+00:00,1073b69d29e5,0.00632,0.098494,0.333333,0,0.46015,0.00114866,0.597705,0.162209,189.317,6.31056,6.06034,5.52141,0.10448,0.0912168,0.020682,0.068406,2.2802
c5c700c6a076,9,0.00632,labdesktop,2026-09-20T09:56:20+00:00,1073b69d29e5,0.00632,0.0454545,0.366667,0,0.514409,0.00104337,0.601027,0.276673,196.434,6.54779,1.15855,0.792196,0.0519137,0.0428992,0.0524705,0.0693909,2.31303
f3f28b7d5b86,10,0.00632,labdesktop,2026-09-20T09:56:20+00:00,1073b69d29e5,0.00632,0.0275837,0.3,0,0.536611,0.00104178,0.644608,0.267656,215.757,7.1919,2.19276,2.05916,0.0398442,0.0260305,0.0291263,0.067108,2.23693
067260b3444a,11,0.00632,labdesktop,2026-09-20T09:56:20+00:00,1073b69d29e5,0.00632,0.0340788,0.233333,0,0.512857,0.0012676,0.628638,0.255723,215.76,7.19199,3.41502,2.58861,0.0395442,0.0318305,0.0310094,0.0645232,2.15077
7e51b625863c,12,0.00632,labdesktop,2026-09-20T09:56:20+00:00,1073b69d29e5,0.00632,0.0385818,0.3,0,0.499,0.00115678,0.622175,0.232883,192.462,6.41539,5.40161,5.01706,0.0615756,0.0403538,0.0498114,0.0322762,1.07587
90b0c85be1ed,13,0.00632,labdesktop,2026-09-20T09:56:20+00:00,1073b69d29e5,0.00632,0.0487791,0.3,0,0.514,0.00108788,0.628395,0.262378,217.307,7.24356,3.62908,3.19796,0.0704965,0.0439162,0.0443852,0.0326093,1.08698
6a9d408c0da4,14,0.00632,labdesktop,2026-09-20T09:56:20+00:00,1073b69d29e5,0.00632,0.0421615,0.366667,0,0.493091,0.0012028,0.595398,0.253782,183.833,6.12777,3.80971,3.32151,0.0754638,0.0351078,0.027225,0.0349625,1.16542
59f3aa195bc7,15,0.00632,labdesktop,2026-09-20T09:56:20+00:00,1073b69d29e5,0.00632,0.0432563,0.233333,0,0.4965,0.00115187,0.641351,0.273833,219.112,7.30373,5.40903,6.15061,0.0730905,0.0299599,0.00789091,0.0297655,0.992184
de7270915f13,16,0.00632,labdesktop,2026-09-20T09:56:20+00:00,1073b69d29e5,0.00632,0.0389569,0.266667,0,0.461313,0.00116685,0.582748,0.10301,227.384,7.57948,2.45951,1.53933,0.0513893,0.0319497,0.0211912,0.0310148,1.03383
f24ddeebeb91,17,0.00632,labdesktop,2026-09-20T09:56:20+00:00,1073b69d29e5,0.00632,0.0550679,0.3,0,0.454167,0.000936613,0.623375,0.12356,195.547,6.51822,2.43082,1.46832,0.0648438,0.0417088,0.0415731,0.0657556,2.19185
4b3107438b21,18,0.00632,labdesktop,2026-09-20T09:56:20+00:00,1073b69d29e5,0.00632,0.0355962,0.266667,0,0.492125,0.00118184,0.630365,0.265723,198.732,6.62441,6.46651,4.48259,0.0802183,0.0409084,0.0880515,0.0309933,1.03311
bc497a90fb18,19,0.00632,labdesktop,2026-09-20T09:56:20+00:00,1073b69d29e5,0.00632,0.0476119,0.333333,0,0.47645,0.00120884,0.582918,0.158507,215.834,7.19446,3.01461,2.82341,0.0646913,0.0485967,0.0409003,0.0664091,2.21364
ca780ea7d2b5,0,0.01125,labdesktop,2026-09-20T09:56:20+00:00,1073b69d29e5,0.01125,0.0385739,0.366667,0,0.526955,0.00116046,0.597224,0.267789,205.71,6.85701,0.832046,0.857341,0.0408225,0.0388272,0.0109357,0.0692609,2.3087
1a0d7d9f0cee,1,0.01125,labdesktop,2026-09-20T09:56:20+00:00,1073b69d29e5,0.01125,0.0464083,0.366667,0,0.524273,0.00107459,0.61045,0.244409,214.065,7.13549,1.15542,0.977423,0.0496816,0.0382052,0.0147724,0.0670991,2.23664
4298bfeae60e,2,0.01125,labdesktop,2026-09-20T09:56:20+00:00,1073b69d29e5,0.01125,0.0630203,0.333333,0,0.4828,0.00105393,0.612257,0.0815099,190.394,6.34648,3.69354,3.17741,0.0730712,0.0427787,0.0214919,0.0342098,1.14033
60bd49fdc705,3,0.01125,labdesktop,2026-09-20T09:56:20+00:00,1073b69d29e5,0.01125,0.0394053,0.3,0,0.502556,0.00116409,0.602747,0.228557,204.424,6.81414,3.26265,2.54774,0.060174,0.0242591,0.0216975,0.0332335,1.10778
37d3797e63dd,4,0.01125,labdesktop,2026-09-20T09:56:20+00:00,1073b69d29e5,0.01125,0.0461688,0.266667,0,0.479438,0.0012365,0.597641,0.244422,199.586,6.65286,4.5461,4.28994,0.0547207,0.0382242,0.0408058,0.0308154,1.02718
94edc07bb3d6,5,0.01125,labdesktop,2026-09-20T09:56:20+00:00,1073b69d29e5,0.01125,0.0491558,0.3,0,0.483167,0.0011942,0.597359,0.0656993,210.775,7.02582,1.49842,0.916413,0.0533911,0.0525499,0.0219436,0.03198,1.066
2f144691e222,6,0.01125,labdesktop,2026-09-20T09:56:20+00:00,1073b69d29e5,0.01125,0.0495737,0.333333,0,0.48225,0.00127002,0.577816,0.160694,210.043,7.00143,2.3217,2.19868,0.05753,0.0415585,0.0378262,0.0333726,1.11242
85ea21f967b3,7,0.01125,labdesktop,2026-09-20T09:56:20+00:00,1073b69d29e5,0.01125,0.0471864,0.3,0,0.526,0.00125425,0.612127,0.255674,213.398,7.11328,3.5392,3.31373,0.0757414,0.0488694,0.0832458,0.0325887,1.08629
b777eafd3747,8,0.01125,labdesktop,2026-09-20T09:56:20+00:00,1073b69d29e5,0.01125,0.0899651,0.366667,0,0.497273,0.00103868,0.607551,0.161576,190.766,6.35887,7.9779,8.53892,0.109822,0.0900907,0.0558851,0.0682595,2.27532
e1fe62eae554,9,0.01125,labdesktop,2026-09-20T09:56:20+00:00,1073b69d29e5,0.01125,0.0459858,0.4,0,0.513042,0.000942992,0.595772,0.276534,196.988,6.56628,1.5695,1.18391,0.0539413,0.042844,0.0684739,0.0710093,2.36698
0d02bd5821b2,10,0.01125,labdesktop,2026-09-20T09:56:20+00:00,1073b69d29e5,0.01125,0.0282748,0.266667,0,0.5225,0.00129398,0.61424,0.266924,215.478,7.18262,1.96279,1.68555,0.0407779,0.0251674,0.0340532,0.06381,2.127
2d63aa6419c2,11,0.01125,labdesktop,2026-09-20T09:56:20+00:00,1073b69d29e5,0.01125,0.0349129,0.266667,0,0.5115,0.00128557,0.608202,0.255927,215.356,7.17854,2.95043,2.67106,0.0392232,0.0325592,0.0470335,0.0650774,2.16925
bea76aa713a3,12,0.01125,labdesktop,2026-09-20T09:56:20+00:00,1073b69d29e5,0.01125,0.0379156,0.3,0,0.488111,0.00120886,0.598152,0.232614,192.144,6.40479,6.06768,5.28127,0.0641788,0.0401084,0.0653642,0.032486,1.08287
d8217c92f5e4,13,0.01125,labdesktop,2026-09-20T09:56:20+00:00,1073b69d29e5,0.01125,0.0521811,0.366667,0,0.525591,0.00109032,0.587284,0.262092,217.421,7.24736,3.3204,2.84753,0.0706258,0.044027,0.0653752,0.0361951,1.2065
c987a357b30e,14,0.01125,labdesktop,2026-09-20T09:56:20+00:00,1073b69d29e5,0.01125,0.0453825,0.4,0,0.514667,0.00110582,0.595775,0.257543,184.097,6.13658,3.39901,3.07677,0.0743749,0.0365029,0.0310306,0.0372872,1.24291
d9912b90966b,15,0.01125,labdesktop,2026-09-20T09:56:20+00:00,1073b69d29e5,0.01125,0.0469504,0.333333,0,0.51625,0.00108251,0.62437,0.250254,219.081,7.30269,4.45583,4.89445,0.0732701,0.0311668,0.0134328,0.0338882,1.12961
12b71203b677,16,0.01125,labdesktop,2026-09-20T09:56:20+00:00,1073b69d29e5,0.01125,0.0404862,0.266667,0,0.4685,0.00129926,0.585502,0.0924172,227.474,7.58247,2.534,1.82658,0.051441,0.0320502,0.0248373,0.0314868,1.04956
8b8dd8f75c45,17,0.01125,labdesktop,2026-09-20T09:56:20+00:00,1073b69d29e5,0.01125,0.0565388,0.3,0,0.432278,0.00112654,0.597998,0.0381362,195.045,6.50149,2.4269,1.59857,0.067341,0.0424852,0.0476775,0.0666256,2.22085
44506a57ee1c,18,0.01125,labdesktop,2026-09-20T09:56:20+00:00,1073b69d29e5,0.01125,0.0395714,0.266667,0,0.494875,0.00122455,0.625204,0.265791,198.895,6.62982,4.3761,3.82152,0.0779528,0.0418207,0.079183,0.0323275,1.07758
f17324a35a90,19,0.01125,labdesktop,2026-09-20T09:56:20+00:00,1073b69d29e5,0.01125,0.0467361,0.333333,0,0.47495,0.00129166,0.566631,0.180064,216.068,7.20228,2.38335,2.39412,0.0632254,0.045355,0.0479726,0.0671753,2.23918
67e5185c2617,0,0.02,labdesktop,2026-09-20T09:56:20+00:00,1073b69d29e5,0.02,0.0417266,0.4,0,0.530958,0.00106277,0.578456,0.267605,204.921,6.83071,0.909818,0.811509,0.0442581,0.0390636,0.00434098,0.0698817,2.32939
4bba78abb6fd,1,0.02,labdesktop,2026-09-20T09:56:20+00:00,1073b69d29e5,0.02,0.0502413,0.4,0,0.528542,0.000987944,0.615505,0.243723,214.067,7.13557,1.06988,0.777528,0.0531337,0.0371138,0.0187595,0.0680742,2.26914
7b46bb945cb4,2,0.02,labdesktop,2026-09-20T09:56:20+00:00,1073b69d29e5,0.02,0.0691782,0.333333,0,0.479,0.00122242,0.579037,0.0821265,193.1,6.43665,4.36292,3.94898,0.0820192,0.0370035,0.0543872,0.0343361,1.14454
c8f4f443a5cb,3,0.02,labdesktop,2026-09-20T09:56:20+00:00,1073b69d29e5,0.02,0.0469581,0.333333,0,0.50295,0.00121994,0.570163,0.246875,204.367,6.81222,2.27242,1.71276,0.0624393,0.023428,0.0196449,0.0343104,1.14368
449a9bdf7888,4,0.02,labdesktop,2026-09-20T09:56:20+00:00,1073b69d29e5,0.02,0.0503281,0.366667,0,0.512455,0.00107763,0.58639,0.219294,198.595,6.61984,5.31262,4.32363,0.0570493,0.0376598,0.0452024,0.035283,1.1761
9c4e7516ee29,5,0.02,labdesktop,2026-09-20T09:56:20+00:00,1073b69d29e5,0.02,0.0555517,0.333333,0,0.48665,0.00111899,0.610253,0.0582121,210.133,7.00444,1.8161,1.24119,0.0616091,0.0557045,0.0383525,0.0339824,1.13275
4ba9c5de396e,6,0.02,labdesktop,2026-09-20T09:56:20+00:00,1073b69d29e5,0.02,0.0551099,0.333333,0,0.46905,0.00106848,0.60228,0.181122,210.212,7.00705,2.32616,2.16996,0.0589728,0.0417813,0.0564703,0.0336471,1.12157
bfccdcffeab5,7,0.02,labdesktop,2026-09-20T09:56:20+00:00,1073b69d29e5,0.02,0.0479004,0.333333,0,0.5188,0.00125548,0.590428,0.254821,213.112,7.10372,3.09805,2.75248,0.0721273,0.0449083,0.0725772,0.0673292,2.24431
9847b72cb50b,8,0.02,labdesktop,2026-09-20T09:56:20+00:00,1073b69d29e5,0.02,0.0932709,0.366667,0,0.484409,0.00113339,0.577463,0.125414,189.663,6.32211,7.53542,8.43181,0.110146,0.0902536,0.0403762,0.0674559,2.24853
12f6005a1502,9,0.02,labdesktop,2026-09-20T09:56:20+00:00,1073b69d29e5,0.02,0.0451665,0.4,0,0.507333,0.00100984,0.58858,0.231534,197.104,6.57013,1.60166,1.69799,0.0533617,0.0418243,0.0668464,0.0707158,2.35719
2f7e980753b5,10,0.02,labdesktop,2026-09-20T09:56:20+00:00,1073b69d29e5,0.02,0.0314819,0.333333,0,0.5349,0.00123585,0.60692,0.26543,214.841,7.16136,2.07239,1.9918,0.0432059,0.0260067,0.0426688,0.0641478,2.13826
09307638fe9a,11,0.02,labdesktop,2026-09-20T09:56:20+00:00,1073b69d29e5,0.02,0.0401069,0.333333,0,0.5221,0.00140999,0.558798,0.256205,215.01,7.16701,3.26526,2.79667,0.0434422,0.032321,0.0562557,0.0342925,1.14308
65266655ccd2,12,0.02,labdesktop,2026-09-20T09:56:21+00:00,1073b69d29e5,0.02,0.0418508,0.366667,0,0.489818,0.00116599,0.564832,0.221059,191.728,6.39094,5.09452,4.43181,0.0644853,0.0369664,0.0655705,0.0351349,1.17116
6b43dc78ff19,13,0.02,labdesktop,2026-09-20T09:56:21+00:00,1073b69d29e5,0.02,0.0565386,0.366667,0,0.512091,0.00129839,0.57914,0.260989,216.312,7.2104,2.75357,2.47167,0.0689783,0.0454925,0.0532024,0.0354687,1.18229
3b6a86f10458,14,0.02,labdesktop,2026-09-20T09:56:21+00:00,1073b69d29e5,0.02,0.0497573,0.433333,0,0.491077,0.001082,0.566823,0.186882,183.613,6.12044,2.90259,2.89843,0.0738211,0.0360135,0.0347567,0.0724485,2.41495
a6880a17f629,15,0.02,labdesktop,2026-09-20T09:56:21+00:00,1073b69d29e5,0.02,0.0513625,0.333333,0,0.49735,0.00123198,0.576252,0.272017,218.406,7.2802,3.8171,4.09173,0.074255,0.0295893,0.0209452,0.0675064,2.25021
20fd9b0f4318,16,0.02,labdesktop,2026-09-20T09:56:21+00:00,1073b69d29e5,0.02,0.0417289,0.333333,0,0.5067,0.00118682,0.598117,0.107174,226.981,7.56604,2.51003,1.98473,0.0534778,0.0289751,0.0289978,0.0676687,2.25562
053789b5f990,17,0.02,labdesktop,2026-09-20T09:56:21+00:00,1073b69d29e5,0.02,0.0547271,0.333333,0,0.47375,0.00111151,0.597009,0.0335775,194.545,6.48483,2.91665,2.19926,0.0733219,0.0421537,0.0611164,0.0660963,2.20321
3ef17393450f,18,0.02,labdesktop,2026-09-20T09:56:21+00:00,1073b69d29e5,0.02,0.0448303,0.3,0,0.4755,0.00139408,0.567777,0.139245,198.51,6.61701,2.80516,2.81641,0.0741864,0.0422154,0.0662547,0.0328372,1.09457
167b7da83226,19,0.02,labdesktop,2026-09-20T09:56:21+00:00,1073b69d29e5,0.02,0.0469504,0.4,0,0.508125,0.00115594,0.5677,0.143761,216.08,7.20266,2.60455,2.83098,0.0648443,0.0482292,0.0609671,0.0382461,1.27487
c7c071cec941,0,0.0356,labdesktop,2026-09-20T09:56:21+00:00,1073b69d29e5,0.0356,0.0479775,0.4,0,0.490458,0.0011403,0.548266,0.201933,203.913,6.79708,1.02256,0.967611,0.0505991,0.0398474,0.00435206,0.0384581,1.28194
c10eb51c9bf7,1,0.0356,labdesktop,2026-09-20T09:56:21+00:00,1073b69d29e5,0.0356,0.0594574,0.433333,0,0.507154,0.00122497,0.53,0.241115,212.779,7.09263,1.5206,1.24181,0.0631024,0.040372,0.0144647,0.0384719,1.2824
803cc8beaaac,2,0.0356,labdesktop,2026-09-20T09:56:21+00:00,1073b69d29e5,0.0356,0.0735002,0.4,0,0.481292,0.00119839,0.553339,0.0913952,192.377,6.41257,4.31674,3.65728,0.078329,0.041005,0.0322014,0.070586,2.35287
8ecb20af9ee5,3,0.0356,labdesktop,2026-09-20T09:56:21+00:00,1073b69d29e5,0.0356,0.0576527,0.4,0,0.509333,0.00133697,0.523081,0.227483,203.849,6.79497,2.05688,1.56297,0.0702515,0.0229704,0.0189829,0.0367229,1.2241
70fc57c527c9,4,0.0356,labdesktop,2026-09-20T09:56:21+00:00,1073b69d29e5,0.0356,0.0494295,0.366667,0,0.4935,0.0012172,0.547871,0.242908,197.829,6.59431,3.21599,2.83312,0.0551581,0.0356916,0.0445986,0.0664909,2.21636
acbbfd270f94,5,0.0356,labdesktop,2026-09-20T09:56:21+00:00,1073b69d29e5,0.0356,0.0602523,0.333333,0,0.4674,0.0011771,0.581075,0.0498626,209.881,6.99603,1.89302,1.30507,0.0655169,0.0513793,0.0312452,0.0351185,1.17062
033aaf95d4ca,6,0.0356,labdesktop,2026-09-20T09:56:21+00:00,1073b69d29e5,0.0356,0.0606393,0.433333,0,0.509885,0.000995956,0.565556,0.202288,209.556,6.98519,2.28921,1.97477,0.0635802,0.0388379,0.0705903,0.067089,2.2363
1dfbd81422e9,7,0.0356,labdesktop,2026-09-20T09:56:21+00:00,1073b69d29e5,0.0356,0.0518929,0.5,0,0.536033,0.00110897,0.530287,0.188015,211.719,7.0573,3.11267,2.55527,0.071033,0.0420079,0.0620988,0.0408953,1.36318
592bb6e3dcfe,8,0.0356,labdesktop,2026-09-20T09:56:21+00:00,1073b69d29e5,0.0356,0.101053,0.4,0,0.461833,0.00110488,0.554988,0.121461,189.149,6.30496,9.1468,9.40299,0.112338,0.0880966,0.0379294,0.0656119,2.18706
f15e069bd1cd,9,0.0356,labdesktop,2026-09-20T09:56:21+00:00,1073b69d29e5,0.0356,0.0492343,0.466667,0,0.507464,0.00101854,0.542846,0.274729,195.983,6.53278,1.62336,1.42557,0.0561194,0.0388495,0.0743406,0.0387963,1.29321
445d908ff613,10,0.0356,labdesktop,2026-09-20T09:56:21+00:00,1073b69d29e5,0.0356,0.0379451,0.4,0,0.532667,0.00104467,0.582886,0.262399,213.42,7.114,2.152,1.95859,0.0506026,0.0251268,0.0579762,0.0692945,2.30982
06e56a82a559,11,0.0356,labdesktop,2026-09-20T09:56:21+00:00,1073b69d29e5,0.0356,0.0467351,0.366667,0,0.495,0.00115107,0.540747,0.234224,214.007,7.13356,3.08174,3.05192,0.0496573,0.0311258,0.0714434,0.0356371,1.1879
baeb59072985,12,0.0356,labdesktop,2026-09-20T09:56:21+00:00,1073b69d29e5,0.0356,0.0491439,0.433333,0,0.492808,0.00103995,0.553324,0.14591,190.091,6.33636,6.04482,5.83529,0.0730317,0.0392859,0.0814469,0.0757782,2.52594
9eb631577e1a,13,0.0356,labdesktop,2026-09-20T09:56:21+00:00,1073b69d29e5,0.0356,0.0591723,0.4,0,0.500417,0.00108185,0.56479,0.257103,215.507,7.18356,2.34732,1.99736,0.0696525,0.0448403,0.0639892,0.0692273,2.30758
ccf7a621a620,14,0.0356,labdesktop,2026-09-20T09:56:21+00:00,1073b69d29e5,0.0356,0.0549824,0.433333,0,0.481769,0.000981228,0.56021,0.152595,182.299,6.07665,2.83895,2.77695,0.0758682,0.0352189,0.0366557,0.069452,2.31507
df138cafff29,15,0.0356,labdesktop,2026-09-20T09:56:21+00:00,1073b69d29e5,0.0356,0.0579777,0.433333,0,0.507231,0.00105318,0.551753,0.250176,216.891,7.2297,3.19551,3.43094,0.0784937,0.0313492,0.0192749,0.0387451,1.2915
1f0a3f66e9fb,16,0.0356,labdesktop,2026-09-20T09:56:21+00:00,1073b69d29e5,0.0356,0.0515468,0.4,0,0.496917,0.0010788,0.554682,0.142999,226.294,7.54314,2.26705,2.19064,0.0602138,0.0301308,0.028695,0.0374929,1.24976
717080265c9a,17,0.0356,labdesktop,2026-09-20T09:56:21+00:00,1073b69d29e5,0.0356,0.0607369,0.4,0,0.456292,0.00121629,0.52062,0.0329231,192.958,6.43193,2.25011,1.35533,0.0735446,0.0426718,0.04489,0.0366973,1.22324
845f2443c4bf,18,0.0356,labdesktop,2026-09-20T09:56:21+00:00,1073b69d29e5,0.0356,0.048019,0.366667,0,0.492864,0.00119824,0.551867,0.254619,197.483,6.58277,3.03267,2.79905,0.0742561,0.0411859,0.065023,0.0357061,1.1902
98a185cff637,19,0.0356,labdesktop,2026-09-20T09:56:21+00:00,1073b69d29e5,0.0356,0.0531504,0.433333,0,0.501192,0.00108666,0.54286,0.192976,215.491,7.18303,2.22133,2.37461,0.0674925,0.0456022,0.0808625,0.0710825,2.36942
ca91ba43997d,0,0.0632,labdesktop,2026-09-20T09:56:21+00:00,1073b69d29e5,0.0632,0.0566858,0.466667,0,0.477821,0.0010483,0.500036,0.144283,201.862,6.72873,1.1073,0.9343,0.0592873,0.0381428,0.00589543,0.0720112,2.40037
16841a6fd7f2,1,0.0632,labdesktop,2026-09-20T09:56:21+00:00,1073b69d29e5,0.0632,0.0708505,0.533333,0,0.497594,0.000916251,0.49584,0.233444,211.24,7.04135,1.77143,1.47936,0.0733011,0.0445863,0.0282151,0.0737446,2.45815
4aae12e22913,2,0.0632,labdesktop,2026-09-20T09:56:21+00:00,1073b69d29e5,0.0632,0.0854901,0.5,0,0.4796,0.000938004,0.511723,0.0863844,191.081,6.36936,7.2039,6.38479,0.0964852,0.0441559,0.0614675,0.0721348,2.40449
65f3dfbad4ae,3,0.0632,labdesktop,2026-09-20T09:56:21+00:00,1073b69d29e5,0.0632,0.0721049,0.533333,0,0.505563,0.00102306,0.496021,0.20091,202.593,6.75309,1.96343,1.93499,0.082485,0.0218089,0.0358779,0.0422336,1.40779
252116bee420,4,0.0632,labdesktop,2026-09-20T09:56:21+00:00,1073b69d29e5,0.0632,0.0573876,0.466667,0,0.503821,0.000971265,0.533476,0.170935,195.158,6.50527,3.48076,3.0238,0.0608414,0.0354482,0.0382893,0.038804,1.29347
5a5578845ae0,5,0.0632,labdesktop,2026-09-20T09:56:21+00:00,1073b69d29e5,0.0632,0.0652525,0.533333,0,0.490625,0.000860905,0.519279,0.0548187,206.921,6.89738,1.3032,1.07351,0.0684889,0.0470135,0.0185616,0.0421001,1.40334
8fe2f6e18e3d,6,0.0632,labdesktop,2026-09-20T09:56:21+00:00,1073b69d29e5,0.0632,0.0702078,0.466667,0,0.470893,0.00100496,0.512859,0.167202,207.313,6.91045,2.00877,1.662,0.0725168,0.0357811,0.0842552,0.0725409,2.41803
95c556e48d65,7,0.0632,labdesktop,2026-09-20T09:56:21+00:00,1073b69d29e5,0.0632,0.0609852,0.566667,0,0.489059,0.000915184,0.494414,0.112659,210.812,7.02707,3.50696,3.16299,0.0779115,0.0393759,0.0830207,0.0766023,2.55341
e26f61ded9de,8,0.0632,labdesktop,2026-09-20T09:56:21+00:00,1073b69d29e5,0.0632,0.0896815,0.466667,0,0.465679,0.00108113,0.505036,0.0840678,180.312,6.01041,30.5638,14.5659,0.140895,0.0874698,0.139246,0.0719388,2.39796
851b7dccf1f8,9,0.0632,labdesktop,2026-09-20T09:56:21+00:00,1073b69d29e5,0.0632,0.0591462,0.533333,0,0.502,0.000817078,0.520969,0.244278,193.021,6.43403,1.70132,1.53528,0.0643124,0.0361647,0.0731627,0.072142,2.40473
14386d600b7b,10,0.0632,labdesktop,2026-09-20T09:56:21+00:00,1073b69d29e5,0.0632,0.0485603,0.5,0,0.511433,0.000858136,0.542866,0.255498,210.427,7.01423,2.07375,2.00528,0.0609733,0.0263905,0.0562404,0.0408948,1.36316
76dfb09dd59c,11,0.0632,labdesktop,2026-09-20T09:56:21+00:00,1073b69d29e5,0.0632,0.0600432,0.466667,0,0.484714,0.00102202,0.496227,0.189002,211.376,7.04588,2.29188,2.06575,0.0621303,0.0312845,0.0829083,0.0391914,1.30638
9f141732bdbb,12,0.0632,labdesktop,2026-09-20T09:56:21+00:00,1073b69d29e5,0.0632,0.0600715,0.6,0,0.503167,0.000833246,0.490857,0.192777,188.241,6.2747,5.01965,4.76891,0.0719517,0.0361763,0.0771221,0.0768719,2.5624
7df00da08fb4,13,0.0632,labdesktop,2026-09-20T09:56:21+00:00,1073b69d29e5,0.0632,0.0647252,0.5,0,0.484633,0.000929354,0.508466,0.126193,214.041,7.13471,1.86048,1.83595,0.0723493,0.0411778,0.0776962,0.0405147,1.35049
4dc989d95f78,14,0.0632,labdesktop,2026-09-20T09:56:21+00:00,1073b69d29e5,0.0632,0.0651738,0.533333,0,0.461313,0.000889417,0.482652,0.125773,180.483,6.0161,3.15815,2.79727,0.0820638,0.035541,0.024541,0.0749945,2.49982
8b71f369bac3,15,0.0632,labdesktop,2026-09-20T09:56:21+00:00,1073b69d29e5,0.0632,0.0631245,0.5,0,0.478367,0.000979682,0.506109,0.221737,214.48,7.14934,3.03526,3.14582,0.0821395,0.034867,0.0166789,0.0746165,2.48722
c70290c4f604,16,0.0632,labdesktop,2026-09-20T09:56:21+00:00,1073b69d29e5,0.0632,0.0657434,0.5,0,0.5149,0.000888094,0.54081,0.139435,224.023,7.46744,2.11168,1.60732,0.0730889,0.0325316,0.0333709,0.0738864,2.46288
ef3e76067217,17,0.0632,labdesktop,2026-09-20T09:56:21+00:00,1073b69d29e5,0.0632,0.0677495,0.5,0,0.486367,0.00106333,0.498772,0.135682,190.957,6.36524,3.21026,2.31733,0.0817571,0.0444939,0.0611258,0.0418039,1.39346
c0efdcc2a4a2,18,0.0632,labdesktop,2026-09-20T09:56:21+00:00,1073b69d29e5,0.0632,0.053945,0.5,0,0.508333,0.000993679,0.518579,0.154291,195.188,6.50625,3.40667,3.01679,0.0817123,0.0397647,0.0746814,0.0404849,1.3495
3b71547e45e7,19,0.0632,labdesktop,2026-09-20T09:56:21+00:00,1073b69d29e5,0.0632,0.0651497,0.533333,0,0.479094,0.000931174,0.49269,0.174033,214.144,7.13813,2.38139,2.72033,0.0763202,0.0467454,0.101106,0.0654729,2.18243
