step,true_x,true_y,true_yaw,dr_x,dr_y,dr_yaw,est_x,est_y,est_yaw
0,0.0,0.0,0.0,0.007202178558043899,0.0,0.026381860921028455,0.004041535587249862,0.0,0.029586475635616782
1,0.0,0.0,0.0,-0.01596955404218815,-0.0006114552914958937,0.03578529792573004,-0.03611962548771882,-0.0013760232032424703,0.03785713592346651
2,0.0,0.0,0.0,-0.06449369627150908,-0.002348647783435364,0.04227989468645532,-0.09859677797359787,-0.0034961133457363687,0.04468340840826901
3,0.0,0.0,0.0,-0.013092897649233957,-0.0001741315623282843,0.042018248398119074,-0.04707491755839965,-0.0006389942650683397,0.03833677079770448
4,0.0,0.0,0.0,-0.039832783420561596,-0.0012983564214627888,0.04346165293159299,-0.058182960720323675,-0.001474542040704925,0.046953490749857885
5,0.0,0.0,0.0,-0.09135820452880297,-0.0035391474566637627,0.019503597192794153,-0.08900465252161614,-0.00294714404243865,0.027503175056864837
6,0.0,0.0,0.0,-0.04302899740847841,-0.0025964345323586614,0.029371055035399607,-0.034773540107539296,-0.0009028923079311133,0.041354899577461524
7,0.0,0.0,0.0,-0.15088588702733285,-0.005765216418313037,0.053384111656607836,-0.15364564235177458,-0.004050387257052314,0.05865600059948406
8,0.0,0.0,0.0,-0.14898270215077616,-0.005663519958995326,0.04428008401507766,-0.18430934457723178,-0.005543806170692436,0.02270146688238972
9,0.0,0.0,0.0,-0.2060218083656635,-0.008190868402759675,0.022399334654788827,-0.2647274016540299,-0.005654810859421857,0.0073041056394203
10,0.0,0.0,0.0,-0.24846480230822365,-0.009141722257178943,0.051839475570583105,-0.32219905728077625,-0.005436272858751385,0.028372837903265946
11,0.0,0.0,0.0,-0.30132229478068556,-0.011884284111213343,0.04395564777528982,-0.38663429621667234,-0.0052257865907640085,0.011182435608554364
12,0.0,0.0,0.0,-0.2891035900976637,-0.011346856866429684,0.031343419168697206,-0.29300095634988127,-0.004644055634857345,-0.0003811152461046241
13,0.0,0.0,0.0,-0.3055319017617399,-0.011861945012101333,0.043931795854882605,-0.32956399158488836,-0.006253394655577146,0.019905561185488363
14,0.0,0.0,0.0,-0.2777103553564867,-0.010638907591966375,0.014628659759078122,-0.30866629412046603,-0.005719844447429112,0.0010396405471371217
15,0.0,0.0,0.0,-0.21901354371706827,-0.009780190650197132,0.024898650984311654,-0.2801877801580889,-0.0060050413803278335,0.0008379752933067586
16,0.0,0.0,0.0,-0.22912946794554934,-0.010032115578781175,0.0013037367771593367,-0.3097736679131622,-0.007547055732201353,0.02032484556491454
17,0.0,0.0,0.0,-0.2747178534418843,-0.010091550867238707,0.021884713916873633,-0.3477198629654071,-0.008377187222508842,0.02987639543323617
18,0.0,0.0,0.0,-0.32239948091442505,-0.011135216266833257,0.008056151862458005,-0.4098479604453742,-0.010243354493293543,0.01139708786788951
19,0.0,0.0,0.0,-0.2909199279931843,-0.010881606721360078,0.020257437538013345,-0.35574464786557897,-0.008831316109409558,0.022121840813344562
20,0.0,0.0,0.0,-0.23749434891221238,-0.009799193325061654,0.017175698662968752,-0.33647117048656733,-0.005257207007788746,0.03268893403042661
21,0.0,0.0,0.0,-0.2627182765345188,-0.010232474512488232,0.02306399064830167,-0.3410343380941984,-0.005381157342599766,0.025305969583849564
22,0.0,0.0,0.0,-0.2472362040270033,-0.0098753328078141,0.011192951975932175,-0.3141930088928552,-0.0038157528194892936,0.013907681115171933
23,0.0,0.0,0.0,-0.17228584020978932,-0.009036381949540973,-0.01068709639631038,-0.24183333595192308,-0.00105636524654268,0.009258572387771835
24,0.0,0.0,0.0,-0.15940677719100263,-0.009174026977887908,-0.03545688104600897,-0.24850680233762507,-0.0003068709291761013,0.0014844023087721148
25,0.0,0.0,0.0,-0.19373770572585486,-0.007956248959568204,-0.034728838323440314,-0.29736028047486807,-3.66676799597117e-05,0.01048939320338782
26,0.0,0.0,0.0,-0.23102091147147755,-0.0066609257334204275,-0.028101130625639126,-0.3230298991423245,-0.0005969772646826234,0.020683824966561293
27,0.0,0.0,0.0,-0.19768261343527635,-0.0075980162795625675,-0.031835530477595686,-0.2821452704000582,5.896114973265216e-05,0.021805319805019874
28,0.0,0.0,0.0,-0.18056733071353354,-0.008143074535755532,-0.04881997606136812,-0.28109018351294596,0.00028708480808862326,0.004552967259483509
29,0.1,0.0,0.009999999999999787,0.04079639876572155,-0.018958640446165305,-0.002388684102160532,-0.06745826635690756,0.00016014457698822052,0.05116158776974755
30,0.19999500004166654,0.000999983333416645,0.019999999999999574,0.11791632448270224,-0.019142855937051693,0.013301051840595601,0.02413153372587054,0.0013182347844189791,0.05401197664919266
31,0.29997500070832434,0.0029998500027499106,0.02999999999999936,0.2225917642762266,-0.017750480372861623,-0.003489695656544889,0.10043152794315233,0.007005879177579064,0.035539081240040904
32,0.3999300040832231,0.005999400022999413,0.03999999999999915,0.41142243926571076,-0.018409444634147308,0.0016793458511936699,0.2947677781813689,0.016429207273120937,0.053448073192217116
33,0.4998500147493209,0.009998333441662744,0.049999999999998934,0.546040881611494,-0.018183373498977598,-0.010812073434484759,0.43612287765423374,0.02734143085004906,0.05030078128855875
34,0.5997250407888175,0.01499625036873047,0.05999999999999872,0.6824460552326213,-0.01965825372508509,0.002211325154029442,0.5440102005960216,0.032396740000370454,0.08414889187990715
35,0.699545094782338,0.0209926510166748,0.06999999999999851,0.7528318283904746,-0.019502607640714247,0.010754877127201912,0.6022435497250651,0.03549503427355403,0.08232452421402758
36,0.7993001948076659,0.02798693575042793,0.0799999999999983,0.8441981379320368,-0.018519936320063674,0.0033174276820009396,0.6472360796074998,0.03892004032689235,0.07646068122201122
37,0.8989803654379278,0.03597840514734503,0.08999999999999808,1.047041714423945,-0.01784701495571844,0.01746634572984851,0.8199508475213297,0.05266555328163242,0.09592795156633382
38,0.9985756387391272,0.04496626006714594,0.09999999999999787,1.1496362780992258,-0.016054880588781212,-0.005985878615407447,0.9013005368674815,0.06671829428510682,0.08349253286466585
39,1.0980760552669298,0.05494960173182854,0.10999999999999766,1.188773070142184,-0.01628915147338676,-0.020730362240886535,0.9123992267929096,0.06997695784411531,0.07865798422980363
40,1.1974716650625994,0.06592743181554579,0.11999999999999744,1.3902737981284812,-0.020466933037802275,-0.01084320557254248,1.0649599341654619,0.08458115940878276,0.10240090151489856
41,1.296752528647986,0.07789865254443748,0.12999999999999723,1.5056546879807855,-0.021718080780607992,-0.009358326912804138,1.1740017479619618,0.10187438105067591,0.12391234000145301
42,1.3959087180194647,0.0908620668064067,0.13999999999999702,1.5797087229268825,-0.022411122880776218,0.0246417978659057,1.2474802652638237,0.10972065820265636,0.15433326839963168
43,1.4949303176407285,0.10481637827083005,0.1499999999999968,1.654976502843794,-0.020556013961746413,0.05618547074359803,1.3263914154582632,0.11958613729784545,0.18013405665844173
44,1.5938074254343328,0.11976019151818966,0.1599999999999966,1.7910207428063813,-0.012904250889080458,0.08370883322760347,1.4706032498366794,0.14542566656028275,0.20248877382885677
45,1.6925301537718955,0.1356920121796139,0.16999999999999638,1.8393761294037898,-0.008846996845570877,0.08939079223294,1.5933461725771179,0.16614662140053207,0.2143812384323831
46,1.7910886304628517,0.15261024708631316,0.17999999999999616,1.9866033009331954,0.0043489236683416956,0.09839277695058568,1.768061620876371,0.2026234130133846,0.22171953475146644
47,1.889472999741664,0.1705132044288952,0.18999999999999595,2.071224793354969,0.012702040605209233,0.09587662835865718,1.8468457540716183,0.21924491468257898,0.22449635790772104
48,1.987673423253391,0.18939909392654486,0.19999999999999574,2.159769148445092,0.021217483081740075,0.10271561793693262,1.9316006215032675,0.2387705398705158,0.23086392758549268
49,2.0856800810375153,0.20926602700605057,0.20999999999999552,2.2135249688025653,0.02675854609948919,0.05093327381053747,1.9701277381652877,0.24673584363757384,0.18614394829008374
50,2.18348317250993,0.23011201699066008,0.2199999999999953,2.3661801775862066,0.03454050612720593,0.06137295290514366,2.1135751365562547,0.2748459734086467,0.20035564600507438
51,2.281072917442991,0.25193497929874653,0.2299999999999951,2.4244145054773814,0.03811901290044136,0.0677188030002287,2.1691778175172853,0.29004079500786456,0.2343192682110815
52,2.3784395569435284,0.2747327316522649,0.23999999999999488,2.571900459122418,0.04812188032142997,0.10640206357214055,2.242726098959762,0.30103033024220766,0.26276462805045364
53,2.4755733544287315,0.2985029942949779,0.24999999999999467,2.6561514738174687,0.05712034620910751,0.11336183780190678,2.328937868222767,0.3215691009531263,0.2576465232362519
54,2.5724645965997963,0.3232433902204297,0.25999999999999446,2.7326187486712534,0.0658261414597672,0.15651652427834506,2.416253434983989,0.3438825735994338,0.29248564282839506
55,2.6691035944132477,0.3489514454096447,0.26999999999999424,2.804921052354673,0.07723596970850295,0.14807768240525654,2.484357428520296,0.36460288129799123,0.28580137023938956
56,2.765480684049837,0.37562458907852725,0.27999999999999403,2.896849145651822,0.0909488429213445,0.15522436404637352,2.5815402327496257,0.39201047381758625,0.278998260983649
57,2.861586227880914,0.403260153934938,0.2899999999999938,2.9778793793576726,0.10362871218366755,0.1547903633554366,2.620554326188636,0.40360355152708083,0.2891782290612839
58,2.957410615432184,0.431855376445421,0.2999999999999936,3.051758696260071,0.11515673660159725,0.16492974167689756,2.7016327450461537,0.427363827110358,0.2991897767749965
59,3.052944264344745,0.4614073971115543,0.3099999999999934,3.1521213821935294,0.1318612684082951,0.1649961368025603,3.0359768772851186,0.48761601405130656,0.3197620809125974
60,3.1481776213333164,0.49191326075589803,0.3199999999999932,3.2671629400707474,0.151016825877963,0.19915887438347157,3.1381250287274844,0.5247147754324719,0.3485917989839482
61,3.2431011631415605,0.5233699168175091,0.32999999999999297,3.38626447319494,0.17505562378592665,0.22769408560020343,3.2202149660911505,0.5595481843593709,0.3717611604936324
62,3.3377053974943993,0.5557742196569952,0.33999999999999275,3.4531240199460163,0.1905478057333603,0.24841547778957374,3.1293789131410055,0.5317468039571857,0.32303217960108244
63,3.431980864047234,0.589122928871076,0.34999999999999254,3.5879954437566233,0.22475858574129107,0.273882408741962,3.2311381095659546,0.5686375060702362,0.3381804589795423
64,3.525918135331972,0.6234127096166204,0.3599999999999923,3.6310088684923385,0.23684288202308984,0.26738737951660685,3.2853245089758887,0.5864224381916443,0.3500338781917849
65,3.619507817699766,0.6586401329441287,0.3699999999999921,3.71206428717721,0.25904780545518585,0.27672651990028063,3.3908121883503486,0.6253417520620825,0.36356930450953895
66,3.71274055226037,0.6948016761406242,0.3799999999999919,3.7636282423818015,0.2736926643383362,0.28073065263192554,3.4506054314701893,0.6448785164440919,0.383771511360278
67,3.8056070158180213,0.7318937230819217,0.3899999999999917,3.8518671809474467,0.2991359705446812,0.30459915566487616,3.5144893115581666,0.6715816261569681,0.40664281391221646
68,3.898097921803753,0.7699125645942371,0.3999999999999915,3.88338667778266,0.30904515533335536,0.27756814266447094,3.5852894555732773,0.7009147889949727,0.38690514465653614
69,3.9902040212040415,0.8088543988251014,0.40999999999999126,4.062276954986025,0.36001514895291453,0.28240531212332076,3.751000183747209,0.7721575703890186,0.3998849935938118
70,4.081916103485702,0.8487153316235428,0.41999999999999105,4.105628471560889,0.37259403950684394,0.2778271902706235,3.814608920274042,0.8021331211521742,0.40864107564689345
71,4.173224997516933,0.8894913769294991,0.42999999999999083,4.181456384417233,0.3942204117778221,0.3227044608309302,3.929664081420796,0.8526075132862138,0.4474710111082616
72,4.264121572484422,0.9311784571724193,0.4399999999999906,4.2673882680804995,0.42295548085904405,0.3236406588273706,4.020808194933155,0.8978577259338366,0.4507995275963732
73,4.354596738806419,0.9737724036790184,0.4499999999999904,4.251908794306948,0.41776312704350754,0.3305835388779479,4.0013168802315375,0.8874826237393131,0.4668468161558659
74,4.444641449041686,1.0172689570901405,0.4599999999999902,4.393193120264419,0.4662486581056364,0.3378385363983858,4.263423452545245,0.9940956754075283,0.4847027305222653
75,4.534246698794239,1.0616637677866916,0.46999999999999,4.523969896450935,0.5121914295418806,0.35938759778683416,4.3928191629988715,1.0554949600156558,0.4976656228214824
76,4.623403527613772,1.1069523963245975,0.47999999999998977,4.621049067059844,0.5486644472935893,0.3644142892456439,4.49641817639998,1.1037620454290482,0.4912679285393704
77,4.712103019891701,1.153130313878745,0.48999999999998956,4.72659087148551,0.5889234713838812,0.3707320918956034,4.611928624632421,1.1601828313454423,0.49036817140715794
78,4.8003363057527135,1.2001929026958598,0.49999999999998934,4.772527706578266,0.606779377681987,0.37697473798585435,4.651774593457484,1.180943139083014,0.5008015656059985
79,4.8880945619417515,1.2481354565562792,0.5099999999999891,4.9011634090665055,0.657707417825782,0.38501586244504926,4.767508035495171,1.2444691023059609,0.5102139644485812
80,4.975369012706327,1.296953181244569,0.5199999999999889,4.922240930409395,0.6662488829296545,0.39583875756256237,4.796788070462185,1.2610569411316321,0.5276769968585615
81,5.062150930674092,1.3466411950289416,0.5299999999999887,5.088997019367034,0.735935706127408,0.4146541550110028,4.966978154567657,1.3581969867378234,0.5442827051397239
82,5.148431637725569,1.3971945291494254,0.5399999999999885,5.195499629589998,0.7828155783500013,0.4164208262099205,5.063991733991571,1.420099655788203,0.5553738516232287
83,5.234202505861952,1.4486081283147358,0.5499999999999883,5.219137563441358,0.7932703155114234,0.3823694137252307,5.075702080025637,1.4284095741436964,0.5344626301981048
84,5.319454958067904,1.5008768512078008,0.5599999999999881,5.316116081428632,0.8322714617039861,0.39251832186433333,5.164481272661903,1.4820992851740442,0.5504491969973264
85,5.404180469169246,1.5539954709998882,0.5699999999999878,5.367997943474596,0.8537506462329427,0.3995699085465736,5.214734650719341,1.514390928000138,0.563345575282578
86,5.488370566685473,1.607958675873284,0.5799999999999876,5.448534979603633,0.8877603363585813,0.4201522399946027,5.348262647940574,1.6035910930217634,0.5980024717630457
87,5.572016831676993,1.6627610695524704,0.5899999999999874,5.580297625321267,0.946625978157975,0.4532994432023645,5.4396619878310855,1.6668258711376114,0.6094883286831809
88,5.65511089958701,1.7183971718437476,0.5999999999999872,5.641443573823452,0.9764120602498829,0.45898780776994963,5.509700393260588,1.7154971525857634,0.6192730031752043
89,5.737644461077978,1.7748614191832501,0.609999999999987,5.801572606574149,1.055546026150216,0.48372758614529765,5.431587718990969,1.661986737765997,0.6567082001261917
90,5.819609262862527,1.8321481651932972,0.6199999999999868,5.919615116049631,1.1175605997084745,0.4612941274173985,5.527143508431121,1.7360839650141193,0.6334464381799538
91,5.900997108528781,1.8902516812470265,0.6299999999999866,5.995831934754297,1.155445053585904,0.4655113404109166,5.587949549917083,1.7822323945284086,0.6445995972208722
92,5.981799859359997,1.9491661570412524,0.6399999999999864,5.98712705862964,1.151072317145893,0.4979140348973923,5.599811087040766,1.7895856113049982,0.6731101566646132
93,6.062009435148427,2.0088857011774905,0.6499999999999861,6.061780287751771,1.1916535926464165,0.5194760666027438,5.683618661072767,1.8555180428348008,0.687334640579282
94,6.141617815003333,2.0694043417510932,0.6599999999999859,6.154864855995011,1.2448855245459987,0.524277126474376,5.756844260204513,1.9160116939989846,0.6845893520666753
95,6.220617038153071,2.1307160269484355,0.6699999999999857,6.247757674036282,1.2986012695452391,0.5324354764492303,5.825211915740839,1.9719450051169733,0.6847327830046539
96,6.298999204741157,2.1928146256520904,0.6799999999999855,6.393370579423896,1.3843954129453875,0.5123089141831003,5.991972442472093,2.112172096135249,0.6762258724112091
97,6.376756476616251,2.2556939280539363,0.6899999999999853,6.427431143829672,1.4035508690970389,0.5090772545744287,6.0063628551732275,2.1244132478669617,0.6831152305087151
98,6.453881078115963,2.3193476462761318,0.6999999999999851,6.514173396567999,1.451965873937795,0.5218999124854236,6.109044647270924,2.2080485722550836,0.7030886160011072
99,6.530365296844413,2.3837694149999,0.7099999999999849,6.628732549484476,1.5178473919764779,0.5352873946913532,6.218522549760932,2.3016302136044455,0.7240264707330546
100,6.6062014844434644,2.448952792102052,0.7199999999999847,6.6718290650975804,1.5434054229353622,0.5701329445013208,6.267234637277908,2.3432077664552198,0.7492242881233517
101,6.681382057357555,2.5148912592991985,0.7299999999999844,6.792119550162079,1.6205304049604174,0.5457046157130683,6.371359428914683,2.4421071794253524,0.7301649832448591
102,6.7558994975920434,2.581578222799567,0.7399999999999842,6.7928563524157894,1.6209777991650918,0.5302477123994969,6.327646193973533,2.3386068332048215,0.7754579404494608
103,6.829746353465003,2.6490070139623807,0.749999999999984,6.891137165606667,1.6785949074866153,0.5096984335717507,6.420719259081621,2.4290040517187754,0.7589524301052792
104,6.902915240352386,2.717170889964713,0.7599999999999838,6.998341243071746,1.7385180053609064,0.5124051816966149,6.517619074328941,2.520040905299951,0.7534630590546758
105,6.975398841426478,2.7860630344757666,0.7699999999999836,7.013348359703307,1.7469598190521494,0.5102473730579558,6.540927124277129,2.5416481808586924,0.7625583139185865
106,7.0471899083875735,2.855676558338501,0.7799999999999834,7.121590474398579,1.807541148145645,0.5059026964226785,6.68109385781034,2.671563878293952,0.781984391920711
107,7.118281262188803,2.926004500258541,0.7899999999999832,7.2667758936048905,1.8879726666868502,0.5369263504791775,6.816356364397212,2.8033259761023386,0.8075537094311809
108,7.188665793754027,2.9970398275003007,0.799999999999983,7.310611190890536,1.914066032132977,0.5300847345996873,6.869701702514305,2.8569775067021426,0.7971153938824993
109,7.258336464688745,3.068775436590252,0.8099999999999827,7.389333923524103,1.9601999814331243,0.5357061234155003,6.939579979366864,2.93050148431185,0.8092400532380437
110,7.327286307983921,3.141204154027265,0.8199999999999825,7.469188811950094,2.007602469053023,0.5593548030184601,7.009735763034631,3.001930635698906,0.8318631381636177
111,7.3955084287126835,3.214318736999953,0.8299999999999823,7.624529934351255,2.104853949072267,0.56665515911076,7.1267473709061635,3.1319247145249896,0.8433962752204076
112,7.462996004719812,3.2881118741109483,0.8399999999999821,7.76336816080655,2.1931911024264257,0.588320005765472,7.225415857545677,3.2440226294308334,0.8569111314809437
113,7.529742287303944,3.362576186108033,0.8499999999999819,7.828395615855724,2.2365725585655967,0.6199983961974,7.275372877544264,3.298854546474854,0.8799528517521944
114,7.595740601892444,3.437704226622061,0.8599999999999817,7.931939242991294,2.3104930358596434,0.6281423997941022,7.354129633550339,3.395868147248626,0.8837221587071262
115,7.66098434870885,3.5134884829115878,0.8699999999999815,7.912373820725456,2.2962831889669713,0.6523510675224955,7.3274011359644176,3.3589681005892507,0.8882953968980836
116,7.725467003432851,3.589921376614137,0.8799999999999812,7.927024692433418,2.307475294939527,0.660843163499444,7.345296013978348,3.3792311734300786,0.8950366010115474
117,7.789182117852711,3.666995264504033,0.889999999999981,7.995462221849002,2.3606825197117183,0.6793570856141078,7.432910665713572,3.4809195516563296,0.9029941984114274
118,7.852123320510082,3.7447024392567143,0.8999999999999808,7.99683481232324,2.3617910218434663,0.7051063063780765,7.4622126697914055,3.510092191812823,0.9243525615431034
119,7.91428431733715,3.8230351302194614,0.9099999999999806,8.076965797774585,2.4299869085894104,0.7263145856060054,7.5220205058105005,3.5890377737421377,0.9303412348186457
120,7.975658892286033,3.9019855041884552,0.9199999999999804,8.1411743783206,2.487023540789046,0.724169532144435,7.587974062495604,3.6749449110260066,0.9361547230657381
121,8.036240907950381,3.9815456661920905,0.9299999999999802,8.23981031680853,2.5742642622321714,0.7477212446050236,7.703635247383261,3.824348472485566,0.956646846587458
122,8.096024306179112,4.061707660280467,0.93999999999998,8.283054251791295,2.6143664840849663,0.7369982641883803,7.766229719584308,3.909393614985401,0.9496727226258228
123,8.155003108682223,4.142463470320977,0.9499999999999797,8.29404934602098,2.624345633606673,0.7331421575471282,7.789238115934356,3.9411301043594245,0.9505437992493331
124,8.213171417628613,4.223805020799913,0.9599999999999795,8.427269917075709,2.744323033483734,0.7506468770873416,7.89908966086175,4.097982183294914,0.9565895464454126
125,8.27052341623586,4.305724177630012,0.9699999999999793,8.475367142193384,2.7891883882746766,0.7755078306338414,7.912840876814504,4.110114230097814,0.9635913085690406
126,8.327053369351898,4.388212748963856,0.9799999999999791,8.520145938262052,2.833090076247167,0.7797171834588545,7.969251312742442,4.183982822317837,0.9699798101988222
127,8.38275562402852,4.471262486013051,0.9899999999999789,8.545540183110713,2.858197419500504,0.8021192149866723,7.99856612600094,4.222970604473375,0.9943268222296453
128,8.437624610086681,4.554865083873103,0.9999999999999787,8.635727305395177,2.951452168682967,0.8204545386504152,8.089696821690188,4.357684601538544,1.0137965408488618
129,8.491654840673498,4.639012182353891,1.0099999999999785,8.656512897919193,2.9737486827000006,0.8164147901837358,8.245507208863657,4.511516116170934,1.0298359842380922
130,8.544840912810935,4.723695366815692,1.0199999999999783,8.759246802234525,3.083061676410876,0.8585137134690939,8.330034622458964,4.650522613094347,1.0555127756024305
131,8.597177507936102,4.808906169010627,1.029999999999978,8.786400386809737,3.1145074354434974,0.8749566744979695,8.36666902218994,4.712621977986065,1.0733371784290657
132,8.6486593924331,4.894636067929486,1.0399999999999778,8.809593912824646,3.1422774196047567,0.8892128663787524,8.391665769855567,4.75715875231313,1.0810365285412171
133,8.69928141815638,4.980876490653819,1.0499999999999776,8.906107712534098,3.2612417263326963,0.9301144083871167,8.457205554391573,4.874480233352683,1.098152068833282
134,8.749038522945554,5.06761881321322,1.0599999999999774,8.937802292915274,3.303750306932895,0.9367767279619184,8.497594495122211,4.9486959817555745,1.1005828514260259
135,8.797925731131608,5.154854361447717,1.0699999999999772,8.969251710585786,3.3465217946493735,0.9577066217396775,8.521610553165159,4.99545579351656,1.1077839100863631
136,8.845938154034464,5.242574411875184,1.079999999999977,9.05283763489868,3.4653314880986215,0.9709257509260567,8.585508743117796,5.114154016974982,1.104173432170941
137,8.89307099045184,5.330770192563678,1.0899999999999768,9.090131670318133,3.519859170747283,0.9820723582320641,8.622553464954324,5.189119343006283,1.113439276024427
138,8.939319527139372,5.419432884008626,1.0999999999999766,9.17097969187794,3.6409418648905825,0.9713787391582773,8.694282120793803,5.332178083584518,1.0911885271381223
139,8.984679139281932,5.5085536200147684,1.1099999999999763,9.197461187658586,3.6796981767294703,0.9637872342343199,8.692110061898937,5.325321005743464,1.0952210952332297
140,9.029145290956105,5.598123488582772,1.1199999999999761,9.232972684005034,3.730832392658164,0.9595705898938602,8.738460511715319,5.414564359072389,1.1115268882147653
141,9.072713535583778,5.688133532800421,1.129999999999976,9.26623456891098,3.7782988585225814,0.9831791832831529,8.740374308139303,5.459645398330942,1.168771504313673
142,9.115379516376796,5.778574751738303,1.1399999999999757,9.341186565522474,3.8908208035131944,0.9986655795945474,8.79526206463382,5.582214911282459,1.1743983943883398
143,9.157138966772635,5.86943810134989,1.1499999999999755,9.373602114922159,3.9411571636205847,1.0045273277755857,8.822473673938777,5.652197085488477,1.1778918282107842
144,9.197987710861053,5.9607144953759414,1.1599999999999753,9.416915743148525,4.009290644453666,1.0116088111507704,8.857308062743979,5.729661941179869,1.2032906534489953
145,9.237921663801682,6.052394806253117,1.169999999999975,9.441187832830686,4.048075210139711,1.0236128811984404,8.871857122023943,5.776266835856419,1.1985785517402263
146,9.276936832232508,6.144469866026729,1.1799999999999748,9.509192358167791,4.159697732869949,1.0531970156529846,8.922038973557365,5.905178085549085,1.2118733957165553
147,9.315029314669198,6.2369304672675305,1.1899999999999746,9.57130077217802,4.268778799318989,1.0767908974610094,8.976642314074931,6.041115784473979,1.2120842667532958
148,9.352195301895254,6.329767363992446,1.1999999999999744,9.63616073794115,4.389214538333728,1.1007320664328777,9.032308696165435,6.18517565668061,1.227727936896792
149,9.388431077342924,6.422971272589168,1.2099999999999742,9.687476152559274,4.490219840515879,1.1038420911478495,9.063474592293835,6.276695542824259,1.2285928928560326
150,9.42373301746486,6.516532872744506,1.219999999999974,9.742614673546978,4.599591255815578,1.1229362555851745,9.106275419806488,6.3997053126634205,1.2412174400373885
151,9.458097592096466,6.610442808376412,1.2299999999999738,9.763778328568966,4.643643793404919,1.1208068942917455,9.12712722911175,6.463035254875929,1.2388376971751125
152,9.49152136480892,6.70469168856958,1.2399999999999736,9.82130962955142,4.762745853122905,1.1458892705732353,9.17224613998997,6.591150392561048,1.2562898336409436
153,9.5240009932528,6.799270088514533,1.2499999999999734,9.855747221374727,4.838855876666154,1.1774780025569402,9.2041031721193,6.685156146083262,1.2854790943821763
154,9.55553322949233,6.894168550450091,1.2599999999999731,9.891306002950234,4.924552235215502,1.2087534665093767,9.219500157420894,6.735633761223191,1.3119414342395732
155,9.58611492033016,6.989377584609142,1.269999999999973,9.923323299570487,5.00908926657146,1.2323284020861855,9.253075036052811,6.842171601353006,1.326308723514786
156,9.615743007622696,7.0848876701676105,1.2799999999999727,9.9619598024163,5.118847684980344,1.261010074891451,9.288564454832358,6.967570066051936,1.3492028382945147
157,9.644414528585894,7.1806892561965325,1.2899999999999725,9.99405387705718,5.219112891967258,1.254627614123411,9.354052628766908,7.195475131519282,1.348409556195457
158,9.672126616091553,7.2767727626171395,1.2999999999999723,10.028437038215303,5.324214295272245,1.2753757254023412,9.376521969330026,7.297200470020053,1.3502605945722292
159,9.698876498954014,7.373128581158858,1.309999999999972,10.042638034138053,5.370878100439737,1.3186645139823217,9.370973183967228,7.29742476556576,1.341034230989866
160,9.724661502207285,7.469747076320131,1.3199999999999719,10.054974063641586,5.418763817311578,1.361888652995149,9.369827229195165,7.306619166680452,1.3646479867829813
161,9.749479047372525,7.566618586331956,1.3299999999999716,10.088096816249475,5.575002656684695,1.374763024927292,9.398752877277929,7.44081478239955,1.370970679144623
162,9.7733266527159,7.66373342412406,1.3399999999999714,10.106383867412074,5.6670900585739625,1.3678626759639787,9.409008957892274,7.512825387891324,1.3671560618038994
163,9.796201933496748,7.7610818782935915,1.3499999999999712,10.105630714986296,5.663429822161882,1.3547451765592635,9.4107655280556,7.531022141695286,1.3641699460258874
164,9.818102602206055,7.858654214076257,1.359999999999971,10.141892380370898,5.828648536417763,1.3739587698386977,9.445589503515844,7.685678591661488,1.3795777307192658
165,9.8390264687952,7.956440674319788,1.3699999999999708,10.157491266325977,5.906869909202023,1.3974352941987647,9.43748972384471,7.768696703839465,1.410941801634202
166,9.85897144089496,8.054431480459648,1.3799999999999706,10.184119631507059,6.058928681457767,1.4053016569097192,9.464861815405067,7.948406317279046,1.4210142357756625
167,9.877935524024746,8.152616833496884,1.3899999999999704,10.19263150274697,6.109891168029728,1.400462742778517,9.473222048700453,8.017519090506449,1.4151337060341378
168,9.89591682179205,8.25098691497801,1.3999999999999702,10.208310569002201,6.2010483946881205,1.4216618361541613,9.471865585628786,8.064267201244748,1.4218299691506093
169,9.912913536082076,8.349531887976857,1.40999999999997,10.21784758765873,6.2645227055155805,1.4515838894165967,9.48408378028504,8.15761343114221,1.4447269530617923
170,9.928923967237562,8.448241898078242,1.4199999999999697,10.23222810669986,6.384580069542989,1.4435268672692612,9.498045308981053,8.260391212820888,1.4372051071406835
171,9.943946514228735,8.547107074363414,1.4299999999999695,10.24903543647505,6.5159272602614475,1.4403188525546495,9.507422716628865,8.395090504010852,1.4608961560193032
172,9.957979674813412,8.646117530397131,1.4399999999999693,10.267732343696407,6.658409214971817,1.4341480345003994,9.523948290172148,8.554621672814402,1.4497243575298828
173,9.97102204568723,8.7452633652163,1.449999999999969,10.27993170596304,6.747128477149736,1.4548186354680048,9.53836055820145,8.66116464170166,1.466588785965934
174,9.98307232262397,8.844534664320058,1.4599999999999689,10.288391197233922,6.819741822646367,1.449312614574887,9.544921353886124,8.740698330772386,1.4697465487243875
175,9.99412930060598,8.943921500661222,1.4699999999999687,10.3019587818115,6.930874202255037,1.4405602099285275,9.55151537695778,8.832917076764911,1.4720105018333323
176,10.004191873944677,9.04341393563898,1.4799999999999685,10.310594509664046,6.996807124316799,1.4215090579464995,9.55418321040695,8.90956870314866,1.467384465810774
177,10.013259036391112,9.143002020092744,1.4899999999999682,10.317735566886642,7.044285573857676,1.4416863975780307,9.545242609646749,8.937651377139495,1.5091645917265115
178,10.021329881236595,9.242675795297059,1.499999999999968,10.335065262776043,7.177763278394003,1.4509092263357344,9.551793186098521,9.068776098846659,1.525553370862533
179,10.028403601403369,9.342425293957463,1.5099999999999678,10.333799446633522,7.167255510429703,1.5025967676533956,9.551472368497352,9.069708550181362,1.5661213217074899
180,10.03447948952531,9.442240541207218,1.5199999999999676,10.349350763039062,7.394928511031069,1.5194667662131964,9.552115210929808,9.284549758599688,1.566661004425014
181,10.039556938018672,9.542111555604777,1.5299999999999674,10.35490551543514,7.503050869050924,1.5285536682635392,9.555038258617357,9.420054455183026,1.57381289688717
182,10.043635439142834,9.642028350131923,1.5399999999999672,10.36165330493843,7.662694593666615,1.5403611740805943,9.556234711748456,9.567754356754593,1.578373535901041
183,10.046714585051085,9.74198093319247,1.549999999999967,10.364726214675821,7.7636292233380555,1.5470809241726515,9.555462703379007,9.64941696969505,1.5886314671163424
184,10.048794067831397,9.841959309611406,1.5599999999999667,10.368859337853795,7.937876667664471,1.5601297268056484,9.55378535235588,9.824338399569974,1.5881294461668514
185,10.049873679537226,9.941953481634403,1.5699999999999665,10.369615636728383,8.008777441309052,1.549726459142084,9.552463890338858,9.898887610214533,1.5844210693901681
186,10.049953312208302,10.041953449927586,1.5799999999999663,10.371925678543786,8.11839844149176,1.5456609477233796,9.55126597153047,9.980574715630285,1.5882131693710786
187,10.049032957881424,10.14194921457746,1.589999999999966,10.37257616294668,8.144272227043873,1.5919731523600937,9.54197069585065,10.071068026717755,1.6145185013548593
188,10.047112708591259,10.24193077609089,1.599999999999966,10.370985951693731,8.21935305191345,1.6195619108238315,9.537152316644798,10.163177844880352,1.6286568980354588
189,10.044192756361133,10.34188813639504,1.6099999999999657,10.36625491794178,8.316291968754628,1.6640522780829787,9.531733841401305,10.244624638034923,1.6444734038127216
190,10.040273393183837,10.441811299837179,1.6199999999999655,10.360227101555774,8.380741820822948,1.6430888210205516,9.52501052312779,10.330112155979371,1.6302414929935232
191,10.035355010992424,10.541690274184232,1.6299999999999653,10.348811611333597,8.538373631000109,1.6735842986960474,9.518298882717113,10.454574094299343,1.6521335709108653
192,10.029438101621013,10.641515071621996,1.639999999999965,10.332225011118805,8.69917206116485,1.6776179390271135,9.507682937348672,10.61150819823217,1.6548634103339612
193,10.02252325675561,10.741275709753912,1.6499999999999648,10.318139070473837,8.830534263990288,1.6748850811667584,9.491739543950606,10.754399314242054,1.6545706684320933
194,10.014611167874941,10.840962212599305,1.6599999999999646,10.306587995985264,8.941106513699358,1.6680085208628057,9.480884288270135,10.890001373586765,1.6603753716139025
195,10.005702626181298,10.94056461159096,1.6699999999999644,10.30582236936025,8.94895751772077,1.6539258024126164,9.480156282391748,10.895685878696545,1.664483072485833
196,9.99579852252143,11.040072946571978,1.6799999999999642,10.294709732618944,9.082328104548312,1.6547150723414106,9.466364667523912,11.021078798380499,1.6916342215096396
197,9.984899847297445,11.139477266791786,1.689999999999964,10.286919027899444,9.17494636012329,1.6572079332725416,9.457493883275037,11.078090500834893,1.7038641101142007
198,9.973007690367787,11.238767631901199,1.6999999999999638,10.275820349970685,9.303066182636204,1.643593438353074,9.441152279950886,11.187010155454285,1.7107613285566048
199,9.960123240938238,11.337934112946446,1.7099999999999635,10.266794968972913,9.426827030783501,1.6752933433893933,9.426648045446452,11.233758942036685,1.7372423796637033
200,9.946247787443003,11.436966793362062,1.7199999999999633,10.254628625048245,9.542830607454317,1.6890772097973255,9.409646617380314,11.342127182902132,1.750066151116208
201,9.93138271741587,11.535855769962533,1.7299999999999631,10.246497803105209,9.611251375007413,1.7079364734797409,9.399944747676155,11.378637483555408,1.7609754650518656
202,9.915529517351453,11.634591153932606,1.739999999999963,10.219234462959049,9.80880262765212,1.7262218412250911,9.377203855940582,11.462029398027335,1.7635500262964756
203,9.89868977255655,11.733163071816161,1.7499999999999627,10.210343707207763,9.865543945988415,1.7674313884287391,9.364642726457435,11.525728364278782,1.790658009516899
204,9.880865166991605,11.831561666503555,1.7599999999999625,10.186498517781995,9.985243182712459,1.7856285142278896,9.3364614660338,11.650096591730666,1.803269633470462
205,9.86205748310232,11.929777098217318,1.7699999999999623,10.171550547103482,10.0537491931661,1.8001910201042177,9.287400292697056,11.68116729200364,1.8204337189156936
206,9.842268601641413,12.027799545496123,1.779999999999962,10.137573064386089,10.199259946057039,1.8021322236193402,9.243498266363353,11.834782119448283,1.820829590180388
207,9.821500501480537,12.125619206176928,1.7899999999999618,10.117463311393637,10.284632487290379,1.8327086667746286,9.22080808924808,11.923301546917603,1.8457348615395848
208,9.799755259412406,12.223226298375181,1.7999999999999616,10.101972031741365,10.342420620054142,1.869367597279286,9.158578689499883,12.116828208280028,1.8709604808015836
209,9.7770350499431,12.320611061463001,1.8099999999999614,10.069602601004648,10.44759420192111,1.8599004986446044,9.135677718391689,12.179972756780698,1.8520160080179258
210,9.753342145074637,12.417763757045234,1.8199999999999612,10.025919247079013,10.594459886208485,1.8721057821270897,9.08658558477516,12.350499018714357,1.8465517575635868
211,9.728678914077758,12.514674669933282,1.829999999999961,9.979314532970273,10.744424413146538,1.8695970868255412,9.052468896153485,12.473814671424686,1.8372885710172184
212,9.703047823255009,12.611334109116612,1.8399999999999608,9.960953706030995,10.804033086199953,1.8697691596558759,9.035575287557212,12.530237919788046,1.8497811395188979
213,9.676451435694114,12.707732408731857,1.8499999999999606,9.894915599186188,11.018295635166448,1.878500213458275,8.979946220735034,12.717064423032276,1.8702190463209325
214,9.648892411011666,12.803859929029388,1.8599999999999604,9.833880952527176,11.210350698237418,1.8643441642488874,8.926756454515784,12.870318901794152,1.8653190859959956
215,9.620373505087167,12.899707057337281,1.8699999999999601,9.781750285639879,11.382808522744007,1.906077966710603,8.882831208389215,13.019076974842038,1.8980247728744928
216,9.590897569787446,12.995264209022576,1.87999999999996,9.738942540279934,11.50566503778411,1.927997287436618,8.857675235535863,13.088683173417637,1.906346860465657
217,9.560467552681466,13.090521828449736,1.8899999999999597,9.726030343983206,11.54026265166355,1.9471095873521822,8.858123221290501,13.078206070993032,1.9116314338767229
218,9.529086496745581,13.185470389936201,1.8999999999999595,9.675441597834322,11.668288721233022,1.9600071778906338,8.808273973829706,13.221721309155269,1.922496710231428
219,9.496757540059235,13.280100398704944,1.9099999999999593,9.62948884091394,11.780332345247764,1.9883882559427555,8.784185169031735,13.284367395093224,1.9336852559126525
220,9.463483915491155,13.374402391833947,1.919999999999959,9.578410836824029,11.895453962889505,2.0200933747887504,8.739554711147722,13.402355541940132,1.9444851554110665
221,9.42926895037607,13.46836693920248,1.9299999999999589,9.552428873233586,11.94933739247952,2.0163322373178874,8.71940095883319,13.446288869724485,1.9592336129142565
222,9.394116066181978,13.561984644434112,1.9399999999999586,9.518210598252388,12.020989528916186,2.0300646847837385,8.694973076656973,13.499349827261458,1.9563318645331211
223,9.358028778168006,13.655246145836333,1.9499999999999584,9.419927256627057,12.219727278450453,2.0202050086478973,8.620339936874851,13.677875968675533,1.9584393433133194
224,9.32101069503288,13.748142117336721,1.9599999999999582,9.379355883866184,12.303843363350913,2.0266582313908987,8.594820465532633,13.728835223461482,1.9891864089476128
225,9.28306551855407,13.84066326941554,1.969999999999958,9.342684248593946,12.37863681715526,2.0644658150928636,8.57342126412271,13.774895250383347,2.020583636330013
226,9.244197043217598,13.93280035003468,1.9799999999999578,9.324629731151575,12.412188484883284,2.094093388515681,8.566902142835517,13.780720997232352,2.0439004833015897
227,9.20440915583861,14.024544145562864,1.9899999999999576,9.285354552964543,12.480262513229329,2.1114094554014358,8.542302025078044,13.827866239986434,2.0515433305237956
228,9.163705835172687,14.115885481696989,1.9999999999999574,9.238658887349455,12.558054476436043,2.099478735817998,8.486634930173315,13.945074427993324,2.045213949507093
229,9.122091151517976,14.20681522437956,2.009999999999957,9.185654698586422,12.648792007253022,2.125679414792688,8.40470348478294,14.166911374559216,2.026126042367233
230,9.079569266308164,14.29732428071208,2.019999999999957,9.120224662877195,12.754350870458891,2.140126162905169,8.346132880888645,14.287428285885325,2.0394098194411203
231,9.036144431696338,14.387403599864346,2.0299999999999567,9.070432534056875,12.83214821961014,2.154510092457672,8.298080689451094,14.384786147692823,2.0537999175584236
232,8.99182099012977,14.477044173979504,2.0399999999999565,9.028577706807383,12.89551764443831,2.1590475490592844,8.270711377577655,14.436107301492935,2.0587895455398275
233,8.946603373915684,14.566237039074844,2.0499999999999563,9.007752495265882,12.926738641026681,2.1729270148029247,8.183689663596265,14.572226362064644,2.081034038721933
234,8.900496104778016,14.654973275938184,2.059999999999956,8.873875050226978,13.121534830664423,2.152310765850003,8.066387166767376,14.782446831658715,2.0621256758556363
235,8.85350379340526,14.743244011019783,2.069999999999956,8.81552803585783,13.21029779777637,2.1329223815485108,8.013266970414472,14.877484061747607,2.060853835369663
236,8.80563113898939,14.831040417319693,2.0799999999999557,8.73845027673606,13.332659912344015,2.116048265018698,7.948097840140782,14.988114851452229,2.0696114487045048
237,8.756882928755958,14.918353715270447,2.0899999999999554,8.624515181137701,13.52048835583437,2.098575823023383,7.865817786779795,15.124403398229257,2.080536934471543
238,8.707264037485363,15.00517517361501,2.0999999999999552,8.623393498349483,13.522412544388976,2.0877371604771913,7.914391955764837,15.029874352514145,2.1116850210844893
239,8.65677942702538,15.0914961102799,2.109999999999955,8.557289285225254,13.638689437207214,2.092657170386092,7.847547759842481,15.141624848985135,2.1149475254633208
240,8.60543414579499,15.177307893243384,2.119999999999955,8.547640634301226,13.655468668214398,2.1128249325098647,7.8549746276756265,15.131352503277784,2.1379723772460757
241,8.553233328279523,15.262601941398675,2.1299999999999546,8.4869975112351,13.75617288565355,2.1100841921622244,7.804102979035241,15.203865153671513,2.143285574829221
242,8.500182194517233,15.347369725412033,2.1399999999999544,8.427218571341378,13.856060494027309,2.12204138905446,7.741655621836949,15.301467779247186,2.155825163231418
243,8.446286049577285,15.4316027685757,2.149999999999954,8.363697297301961,13.959377424523316,2.1419983441110375,7.676129926360404,15.397903409517594,2.180476526735987
244,8.391550283029261,15.515292647655553,2.159999999999954,8.323729066506587,14.021568747102698,2.170098203550305,7.688230477570819,15.401879714038877,2.2070698055786497
245,8.335980368404204,15.598430993733423,2.1699999999999537,8.258385707052577,14.117224099448924,2.1987777418040952,7.642149466431349,15.465326329268196,2.214974923383334
246,8.279581862647268,15.681009493043987,2.1799999999999535,8.1821603506221,14.22221371386677,2.197587007846236,7.568069290926488,15.56491709214188,2.2086431899802514
247,8.222360405562029,15.763019887806127,2.1899999999999533,8.159911146879848,14.252935714596171,2.215007801697892,7.563767536222211,15.569199556248789,2.2250534387956105
248,8.16432171924651,15.84445397704871,2.199999999999953,8.100441329481677,14.332111567307884,2.257855591937311,7.4617617790698585,15.714640519615722,2.25231213467164
249,8.105471607520979,15.925303617430671,2.209999999999953,8.012890547130404,14.438828216090036,2.2556281154527156,7.344100845935969,15.860044099274761,2.2539600959242057
250,8.045815955347567,16.00556072405535,2.2199999999999527,7.939278716409096,14.528963212005607,2.250980259408718,7.259722828758967,15.98226916182075,2.2435387917402148
251,7.985360728241778,16.08521727127896,2.2299999999999525,7.900164390950842,14.577314246807399,2.270749217981364,7.223468620464165,16.02590547190846,2.2631697864045908
252,7.924111971675943,16.164265293513164,2.2399999999999523,7.87114500357068,14.61177057164361,2.282382846179848,7.202260208398381,16.052843601315427,2.274944382092654
253,7.862075810474679,16.24269688602161,2.249999999999952,7.823903441955929,14.666556668737165,2.288823081431171,7.139324661120558,16.127281674045655,2.2819768953136697
254,7.799258448202409,16.320504205710403,2.259999999999952,7.710881005339735,14.795934720787926,2.290812864192741,7.042014986205227,16.235226265587173,2.303363634665354
255,7.735666166543013,16.39767947191242,2.2699999999999516,7.645034758098014,14.87100764350993,2.3262869091065674,6.975926423751815,16.312144196515387,2.333269723804852
256,7.671305324671663,16.47421496716535,2.2799999999999514,7.587099969367131,14.932515745647477,2.332316099257861,6.927730187008343,16.36464709469546,2.321251970209712
257,7.606182358618912,16.550103037983444,2.289999999999951,7.529698735249822,14.992725883972646,2.3284444124735915,6.837142619993177,16.460436414057263,2.3298835164724485
258,7.540303780627097,16.625336095622863,2.299999999999951,7.428661162868259,15.099532633397702,2.317640300450325,6.751971247694609,16.549210856590214,2.322574892293363
259,7.473676178499118,16.69990661684054,2.3099999999999508,7.4023344392643455,15.127971860659569,2.3470058383400136,6.717710565761329,16.587606517625357,2.3429070251418036
260,7.406306214939666,16.77380714464649,2.3199999999999505,7.3535818206260775,15.177628755506095,2.369477804164074,6.663047291509662,16.641456447259532,2.3589245770051974
261,7.338200626888955,16.847030289049517,2.3299999999999503,7.3237499295095425,15.206678457923225,2.400527781382282,6.602634865103141,16.70356402596141,2.371365372916417
262,7.269366224849034,16.919568727796204,2.33999999999995,7.238475646688975,15.284708189455646,2.4135056586130137,6.513461012851734,16.789459909102863,2.373534142582418
263,7.199809892202747,16.99141520710312,2.34999999999995,7.107002106559656,15.401914000847496,2.4164117693301748,6.3975122191437395,16.89943159373702,2.375686830984275
264,7.129538584525395,17.06256254238221,2.3599999999999497,7.052767055641318,15.44998122992333,2.4119963008512535,6.338095197368352,16.951907972640058,2.386390351919003
265,7.058559328889187,17.133003618959233,2.3699999999999495,6.988682163318768,15.507285355701566,2.426952508129566,6.276957694069559,17.007556348987443,2.401332486023936
266,6.986879223160536,17.202731392785232,2.3799999999999493,6.914331709081788,15.571793985858594,2.4697668107122865,6.205046635869601,17.07364557073194,2.4389706692571504
267,6.914505435290283,17.27173889114093,2.389999999999949,6.871726201033204,15.605675178798482,2.4930502940792962,6.141934432861713,17.128667762788996,2.4402113529406915
268,6.841445202596903,17.340019213334,2.399999999999949,6.719165078930647,15.721302308473389,2.5232576817899695,6.010764330056465,17.24313139867763,2.449787633364595
269,6.767705831042782,17.407565531389118,2.4099999999999486,6.619452659662989,15.792237559226447,2.557746808737857,5.875493680901658,17.38699745618466,2.4809287177296966
270,6.693294694503626,17.47437109073077,2.4199999999999484,6.577461810849588,15.81998003198475,2.5554496583443616,5.830842995290815,17.419239902031553,2.460958432622733
271,6.618219234031081,17.540429210858694,2.429999999999948,6.528147139947042,15.852724178937502,2.5771503900480344,5.801607971974116,17.429422623831215,2.450007000989258
272,6.54248695710863,17.605733286015923,2.439999999999948,6.4461443186574625,15.90464469363945,2.6116680147169955,5.738081896796182,17.481039289432655,2.4770319131417864
273,6.466105436900856,17.670276785849364,2.4499999999999478,6.344687035752338,15.96407997142388,2.600486615414477,5.631274096786419,17.564664730728587,2.4735281308413732
274,6.389082311496129,17.73405325606282,2.4599999999999476,6.299977478840299,15.990947467715955,2.612963668786273,5.590821891512293,17.598025372377364,2.487582345938103
275,6.311425283142802,17.797056319062413,2.4699999999999473,6.187957594851462,16.056375683842077,2.6154927852948076,5.582822045150352,17.59899411132195,2.5101685829659584
276,6.233142117478999,17.859279674594347,2.479999999999947,6.097195963891563,16.109080045235856,2.6226283765126377,5.525313340971082,17.64117939869865,2.50743919093593
277,6.154240642756049,17.920717100374922,2.489999999999947,5.936532069310133,16.200849234871477,2.6357636750972073,5.373780536112036,17.751758521497823,2.5224644504335254
278,6.074728749055674,17.98136245271276,2.4999999999999467,5.880186948029864,16.232058536710028,2.6546331922438036,5.3252803131624855,17.787573057577337,2.5372754702306306
279,5.994614387500984,18.04120966712316,2.5099999999999465,5.850098371668663,16.24799010323736,2.684667984131414,5.277579515590923,17.821011932751674,2.5618830215255963
280,5.913905569461372,18.100252758934555,2.5199999999999463,5.788216116723377,16.278412926840584,2.695399666293003,5.2091619512210325,17.866689426856546,2.5587994003637373
281,5.832610365751386,18.158485823886966,2.529999999999946,5.693330165463711,16.323803359223586,2.691274109898906,5.133155737880104,17.917635196074063,2.5543625248162662
282,5.7507369058236515,18.215903038722427,2.539999999999946,5.601599331418432,16.36815044743227,2.690337915472714,5.069466303224346,17.959779538781692,2.55706368298536
283,5.6682933769559325,18.2724986617673,2.5499999999999456,5.5158798101241855,16.40969042973521,2.7205918085199725,4.941944789835239,18.045296364360784,2.5969020030162913
284,5.585288023432414,18.328267033506446,2.5599999999999454,5.4116477766395565,16.45636277469286,2.733298128574967,4.81972473900667,18.12440946296759,2.589196944070469
285,5.501729145719276,18.383202577149163,2.569999999999945,5.295617463031306,16.50655807524179,2.730016905534459,4.630546466567918,18.26342238682051,2.569024556258295
286,5.417625099634659,18.437299799186867,2.579999999999945,5.218978157789603,16.540011584434403,2.745710015203729,4.550353369565876,18.312806765140493,2.593732076872308
287,5.332984295513084,18.490553289942433,2.589999999999945,5.140484371085471,16.57281792667585,2.7428016512931093,4.490125330473022,18.345320693883064,2.6103082386300445
288,5.247815197364431,18.542957724111165,2.5999999999999446,5.129674101190705,16.577373037508735,2.7526139066645294,4.4605511089895655,18.36184597892035,2.648279614273461
289,5.162126322027539,18.594507861293316,2.6099999999999444,4.991117311331075,16.63416214584107,2.768386158540025,4.3204445717914135,18.436653114650138,2.6592105450107884
290,5.0759262383185355,18.645198546518127,2.619999999999944,4.951228575591477,16.649780845222573,2.7852949582825612,4.283672261611013,18.4562162388041,2.663441023326815
291,4.989223566173958,18.695024710759316,2.629999999999944,4.878900957857362,16.676699873288623,2.801543807366837,4.228840623135173,18.487844232542265,2.6693716524263094
292,4.902026975788769,18.743981371441983,2.6399999999999437,4.759907184573796,16.718798898969304,2.8028820504190852,4.124741843777563,18.540224724544707,2.6817475234120343
293,4.814345186749343,18.792063632940852,2.6499999999999435,4.6439056316202585,16.759664714837772,2.8286745736680547,4.030759832337395,18.588460591001514,2.7060740988392595
294,4.726186967161517,18.839266687069845,2.6599999999999433,4.613653678696906,16.769452674544198,2.8425982703838306,4.016019008908769,18.58907812334562,2.7173204323096574
295,4.637561132773785,18.885585813562884,2.669999999999943,4.5386340188449115,16.79257634054714,2.8695232059184583,3.926745864244944,18.630658431548838,2.737630351144441
296,4.5484765460957295,18.93101638054592,2.679999999999943,4.558916722449498,16.786917722351674,2.870503019874376,3.934344960136401,18.630503500433772,2.7336758281809637
297,4.458942115511783,18.97555384500011,2.6899999999999427,4.4188816655130205,16.825837887610454,2.8948338152510846,3.4266196983435866,18.850366980170435,2.7912466087311394
298,4.368966794390391,19.01919375321613,2.6999999999999424,4.336124127359457,16.846683872608722,2.9228908971808227,3.3569696762837897,18.875664965753135,2.805971630726649
299,4.278559580188688,19.061931741239516,2.7099999999999422,4.173687200698222,16.882786560297802,2.9372874047413386,3.5520346942708603,18.78526247098691,2.7717107196774107
300,4.187729513552753,19.10376353530709,2.719999999999942,4.102232344990601,16.897591730277025,2.971816008547316,3.4826338641370507,18.811385619976217,2.791812041254566
301,4.096485677413559,19.144684952274297,2.729999999999942,4.0291856347267805,16.910113900980686,2.9951735953350855,3.438582027244223,18.827545959344647,2.7542156404167386
302,4.004837196078685,19.184691900033545,2.7399999999999416,3.9488467322479908,16.921961836160136,2.98962303588228,3.3763109009426935,18.853135915772594,2.7418831604027787
303,3.9127932343198895,19.223780377923397,2.7499999999999414,3.85619015993188,16.93615222986523,3.0037612828150824,3.2794605614983303,18.893015666996533,2.7630372886001524
304,3.8203629964566455,19.261946477128635,2.759999999999941,3.720179281055096,16.955018417373275,3.009378738337973,3.0678622875367183,18.96977266925881,2.7937907835740585
305,3.7275557254357143,19.299186381071145,2.769999999999941,3.645219202019276,16.964987338019704,3.0245102059423035,3.003155116344876,18.994184157147213,2.807647608598243
306,3.6343807019068595,19.335496365791567,2.7799999999999407,3.5320015203107853,16.97830404680464,3.0453492467626706,2.886047494785819,19.035897327881795,2.8222307387880905
307,3.5408472432947877,19.37087280032169,2.7899999999999405,3.4691537742415983,16.984371473349196,3.0848293427686038,2.838556472545419,19.053875359642365,2.840638049435901
308,3.446964702867416,19.405312147047532,2.7999999999999403,3.3585258161938043,16.990657835675183,3.098280361171584,2.713621176062584,19.093841949771424,2.848376563611435
309,3.3527424688005523,19.438810962063126,2.80999999999994,3.298665202818082,16.99325215854634,3.121282448372483,2.650910676159144,19.115009905515965,2.861597206772193
310,3.2581899632390847,19.47136589551489,2.81999999999994,3.1403423170312146,16.996468171065906,-3.1271069763511816,2.4815671543903584,19.167247492693775,2.8729086895243565
311,3.163316641354776,19.5029736919366,2.8299999999999397,3.0558977532107443,16.995244848803438,-3.1233880008836823,2.3956411095485795,19.191868321469887,2.869611065631293
312,3.0681319904007536,19.53363119057496,2.8399999999999395,2.9848797185745797,16.993951847306253,-3.0914192734472534,2.317941184327193,19.213582603198333,2.8961899637052504
313,2.9726455287627926,19.563335325705648,2.8499999999999392,2.8873202615266673,16.98905284802976,-3.084771349123229,2.1853081698558516,19.252601400851077,2.8855628187911933
314,2.8768668050074853,19.592083126939908,2.859999999999939,2.7821994275104864,16.98307330842737,-3.048859230876862,2.0889479495237486,19.27923743692403,2.9061126453047654
315,2.780805396927392,19.619871719521573,2.869999999999939,2.836007910055175,16.98807750592676,-3.0554888211068136,2.11819506078811,19.273911566751956,2.8933202403988787
316,2.684470910583269,19.64669832461454,2.8799999999999386,2.77029064732779,16.982404972336525,-3.0283368248899225,1.9478461340454623,19.316086999971255,2.9195978188533154
317,2.587872979343473,19.672560259580656,2.8899999999999384,2.7297429651467087,16.977792974922913,-3.0051843548323323,1.8911888359876328,19.331006012957403,2.9411977918853323
318,2.4910212629206296,19.69745493824798,2.899999999999938,2.6128429321953965,16.96174719414947,-2.9773420987577546,1.7339319024918658,19.365917981102154,2.97213985944387
319,2.393925446405672,19.721379871169383,2.909999999999938,2.510762699771425,16.944828035245898,-2.9663754980924404,1.6290958390112293,19.385676200180608,2.977815852468469
320,2.2965952392993385,19.744332665871514,2.9199999999999378,2.4554517223591326,16.93503619077709,-2.958761234562115,1.4928603214492828,19.41613718885501,2.9649710845425687
321,2.1990403745412315,19.766311027094034,2.9299999999999375,2.3603535033418472,16.917452889520117,-2.94041135280329,1.3931345206477483,19.43470573307819,2.970762672110906
322,2.1012706075365313,19.78731275701913,2.9399999999999373,2.3578283276092797,16.91693790474514,-2.8965167062017816,1.3912501179699464,19.427148516818033,2.982850393808744
323,2.0032957151804642,19.807335755491312,2.949999999999937,2.1749966502606064,16.87121108663834,-2.891295822441094,1.1984474475446438,19.45803233343514,2.9922150367307268
324,1.90512549488062,19.82637802022742,2.959999999999937,2.0867227500937364,16.848643146430323,-2.8845673677240913,1.1170054029765526,19.46955373143351,2.986625265846296
325,1.8067697635772204,19.84443764701685,2.9699999999999367,2.0203927575144336,16.831209049195177,-2.864277729758882,1.041591723341609,19.48020567855707,3.0125120397660616
326,1.7082383567614332,19.86151282991197,2.9799999999999365,1.831197205158549,16.777354636769306,-2.8494539186563372,0.8552283144419709,19.501829826716232,3.0312656662595963
327,1.6095411274918305,19.87760186140872,2.9899999999999363,1.6957650572399547,16.73662430301876,-2.8677637122811,0.7093030688238994,19.517716959986828,3.0054106176165973
328,1.5106879454090918,19.89270313261736,2.999999999999936,1.6325317567150461,16.71886303331701,-2.859252936714771,0.6541517991201364,19.523887207618138,2.9957928068854027
329,1.4116886957490482,19.906815133423354,3.009999999999936,1.6133388762796268,16.71329538563988,-2.8197168807986843,0.647098115686353,19.524217465029686,2.8653216169365674
330,1.3125532783541665,19.919936452638378,3.0199999999999356,1.5838139993990246,16.70344965199966,-2.835352461789463,0.6202577869627455,19.5310094321814,2.9934613102092973
331,1.2132916066835735,19.932065778141446,3.0299999999999354,1.5153596268991032,16.681805278125854,-2.8195785181496253,0.5597257226741048,19.538205908448642,2.7263488346318123
332,1.1139136068217186,19.943201897010116,3.039999999999935,1.3146639072050672,16.614847922409353,-2.7973230722901103,0.367024201837323,19.55639053859436,2.687844809872529
333,1.0144292164857733,19.953343695641784,3.049999999999935,1.0862741172596835,16.53295921849092,-2.769961569026748,0.10962813310433427,19.575433131914846,1.7811431800891384
334,0.9148483840318677,19.962490159865034,3.0599999999999348,0.9479038461766698,16.479030676601784,-2.76481682017632,-0.03206980392012123,19.581554282409755,1.8075156479260528
335,0.8151810674602636,19.970640375041068,3.0699999999999346,0.9342411829062346,16.473624647700674,-2.7476105359840197,-0.07170156788337262,19.58619138819668,1.6297512594708783
336,0.7154372334195622,19.97779352615516,3.0799999999999343,0.9351899140146631,16.474019051856125,-2.7533327097254343,-0.06335552177913117,19.582749110177083,1.6086137589939042
337,0.6156268562100481,19.98394889789816,3.089999999999934,0.8210452141429596,16.427331324154835,-2.728513422052622,-0.19243944917022454,19.583087279794665,-0.5611620718865646
338,0.5157599167862671,19.98910587473802,3.099999999999934,0.6434877466064199,16.34950841279714,-2.695444985164952,-0.38851521823692003,19.580346064652197,-1.3479803690792076
339,0.4158464017589394,19.993263940981354,3.1099999999999337,0.5055273991141165,16.28352023694925,-2.6870902129166576,-0.5340043189068607,19.58109481514974,-1.109780600863703
340,0.3158963023963068,19.996422680825006,3.1199999999999335,0.4512569787777753,16.25700261020748,-2.645164411791781,-0.5558624365019137,19.58063008543186,-2.2951841728703846
341,0.21591961362501408,19.99858177839762,3.1299999999999333,0.4116718130677465,16.235560364443714,-2.6318860110306597,-0.569418115531706,19.57856844410523,-2.4877199460619472
342,0.11592633303062476,19.999741017791244,3.139999999999933,0.327080532736086,16.188276068981654,-2.6141918913733346,-0.9442389084436514,19.57416486374246,-3.1073765718954727
343,0.01592645985787082,19.9999002830829,-3.1331853071796534,0.20585075812515324,16.117668119070476,-2.601171486740222,-1.04582062178106,19.573919575119515,-2.6169803991713714
344,-0.08407000598926344,19.999059558346193,-3.1231853071796536,0.11944866412785923,16.06582666683746,-2.603454115643269,-1.1155463159037353,19.570981571331508,-2.2055667759149093
345,-0.1840530649475234,19.997218927652895,-3.113185307179654,0.09513422766706206,16.051313328032514,-2.5990819634957436,-0.8827177083107725,19.590665477359465,-3.045967421745213
346,-0.2840127187943322,19.99437857506454,-3.103185307179654,0.020768742471081528,16.006482274114145,-2.58140849156042,-0.965355659215919,19.587802293149714,-2.85907884740702
347,-0.38393897164760454,19.990538784614024,-3.0931853071796542,-0.07654801514348007,15.945444608695922,-2.5540326943382037,-1.0620280774696114,19.58156110974208,-2.984327144334108
348,-0.4838218309653267,19.98569994027719,-3.0831853071796544,-0.2058876358258856,15.859300867048972,-2.526882722891614,-1.2062732760709391,19.57036892615394,-3.0161994316702048
349,-0.5836513085448024,19.97986252593444,-3.0731853071796547,-0.26978836350537816,15.814189973117532,-2.514772037051187,-1.295703001470362,19.55860192690419,-2.95530760641884
350,-0.6834174215214647,19.973027125322343,-3.063185307179655,-0.33740450297656555,15.765218551019943,-2.4787667096183106,-1.3817724296155023,19.55075306489268,-3.0089164075189543
351,-0.7831101933671539,19.965194421975262,-3.053185307179655,-0.45193767919826183,15.675809028991658,-2.490365862746555,-1.4933940069759835,19.532452885233624,-3.012012662533808
352,-0.8827196548877626,19.95636519915701,-3.0431853071796553,-0.570362963401589,15.585552149171475,-2.485930562046993,-1.6282520370878828,19.511450975416402,-2.996266437025745
353,-0.9822358452201463,19.946540339782505,-3.0331853071796555,-0.629346207450087,15.540183571289944,-2.4860304564100533,-1.7336581161920186,19.49550991477892,-2.9983992201547687
354,-1.0816488128282016,19.9357208263295,-3.0231853071796557,-0.725894417652824,15.46593622020537,-2.4587427094466556,-1.8589158957664234,19.482015798780328,-2.976146631842776
355,-1.1809486164980116,19.923907740740326,-3.013185307179656,-0.797617092256086,15.407598008436183,-2.466255431952917,-1.976318009395964,19.459699309579683,-2.9675482195390197
356,-1.280125326331959,19.911102264313694,-3.003185307179656,-0.8267340253094404,15.384275975003634,-2.4803190620266853,-2.0017813544703227,19.45350859581723,-2.979384546070788
357,-1.3791690247417072,19.89730567758658,-2.9931853071796564,-0.9284572559240168,15.305120281305859,-2.4676347237244802,-2.135273661024809,19.430152409617484,-2.955341320701896
358,-1.4780698074399516,19.882519360206157,-2.9831853071796566,-1.0164135866247546,15.23486809432674,-2.4607336144523755,-2.2633553265530675,19.406437096311077,-2.9507680443547755
359,-1.5768177844308393,19.866744790791838,-2.973185307179657,-1.0902203857805255,15.175078449493254,-2.4423369268692774,-2.2497304787084462,19.408383371001268,-2.952707325825752
360,-1.6754030809989608,19.849983546787424,-2.963185307179657,-1.1807697773661125,15.098924882734364,-2.4437404093266824,-2.3504139982474315,19.389196500219906,-2.949443678292203
361,-1.7738158386968135,19.832237304303344,-2.953185307179657,-1.2502731819751334,15.040637692615334,-2.440805264703128,-2.4343824928578868,19.373532279624413,-2.947741468739458
362,-1.872046216330638,19.81350783794906,-2.9431853071796574,-1.393353044145011,14.919930473643324,-2.3979554479101184,-2.6519238651050387,19.33292620246076,-2.9045160143472257
363,-1.9700843909445291,19.7937970206556,-2.9331853071796576,-1.4525802618678973,14.86545437747522,-2.399230982943192,-2.713043159655303,19.314899408078183,-2.905669613015909
364,-2.067920558802724,19.773106823488266,-2.923185307179658,-1.5333648968048597,14.791340164381616,-2.395273134545476,-2.84086066405984,19.284909580487614,-2.893960307789716
365,-2.1655449363699666,19.751439315449534,-2.913185307179658,-1.6108072065880734,14.719725756050776,-2.3808796862402883,-2.9584989743112846,19.256239273237775,-2.874161226494342
366,-2.2629477612898534,19.728796663272153,-2.9031853071796583,-1.6888939546454447,14.645402054208557,-2.353860827222362,-3.1448605188790584,19.214529397491937,-2.8575226723350506
367,-2.3601192933610613,19.70518113120247,-2.8931853071796585,-1.7482570760035843,14.585761217215387,-2.3766186905801954,-3.2342227162312294,19.18911404908287,-2.8771588936966697
368,-2.4570498155113594,19.68059508077401,-2.8831853071796587,-1.8389717404613342,14.498678428591733,-2.3807116930901033,-3.352320107802874,19.1555565312534,-2.8651534104916925
369,-2.5537296347693075,19.655040970571335,-2.873185307179659,-1.824954541014949,14.512024619786242,-2.3679965993981447,-3.255832769614126,19.189371310521146,-2.8050852908852475
370,-2.650149083233546,19.628521355984166,-2.863185307179659,-1.9144320187156614,14.424634647963403,-2.370584745905484,-3.368898875228467,19.14959582248768,-2.813286437065056
371,-2.746298519039578,19.60103888895186,-2.8531853071796593,-1.9517215231572473,14.388403201835837,-2.365617883939184,-3.409326217521432,19.134765986094347,-2.8177477851381867
372,-2.8421683273239466,19.57259631769822,-2.8431853071796596,-1.986713343920783,14.354064727084753,-2.3477718529440175,-3.470025645768514,19.114889585428305,-2.805703880696474
373,-2.9377489211857153,19.543196486456672,-2.8331853071796598,-2.0260020029592285,14.314108602193848,-2.3316202507537787,-3.477566187333995,19.107913098001095,-2.7503125134325326
374,-3.033030742645148,19.512842335185837,-2.82318530717966,-2.070818039987904,14.267033967117692,-2.3400294228198693,-3.5311914608683024,19.084885073431657,-2.752854787933989
375,-3.1280042635995002,19.481536899275547,-2.81318530717966,-2.2196168628145236,14.113344982549345,-2.342321746062626,-3.73685229202274,19.002024606564905,-2.7660717001350066
376,-3.2226599867758203,19.449283309243306,-2.8031853071796604,-2.286266468669206,14.044820014104616,-2.3210292318863672,-3.853804602962158,18.958618400385554,-2.751505953175554
377,-3.3169884466806705,19.41608479042124,-2.7931853071796606,-2.361044124827994,13.964589196973053,-2.299438025877869,-3.9357512446087504,18.923909717721994,-2.730082087438192
378,-3.4109802105466667,19.381944662633565,-2.783185307179661,-2.3786417487512046,13.944871404922491,-2.302665450352269,-3.9896735249709545,18.90184034361906,-2.7352780523069806
379,-3.504625879275749,19.34686633986461,-2.773185307179661,-2.482484491697012,13.829270840145796,-2.2758039027326764,-4.163033625801098,18.828424932221942,-2.7191237026594366
380,-3.597916088379082,19.31085332991742,-2.7631853071796613,-2.548012759972517,13.752258934671644,-2.2620689434527783,-4.27467579616807,18.78132606274724,-2.7151124304166077
381,-3.690841508913497,19.27390923406298,-2.7531853071796615,-2.605680249429467,13.682568260498218,-2.2836981422138174,-4.358575120665361,18.742883087391906,-2.7239887342587488
382,-3.7833928484143784,19.236037746680086,-2.7431853071796617,-2.6298279613489517,13.654638493407589,-2.256891473450467,-4.41179038985839,18.71989407139662,-2.699834379020961
383,-3.875560851824902,19.19724265488592,-2.733185307179662,-2.6998497697249615,13.569120102803803,-2.23394566061097,-4.501826954376825,18.678680648769312,-2.6769880041521676
384,-3.9673363024215322,19.15752783815733,-2.723185307179662,-2.7599632590757137,13.49216632536624,-2.1965364519095667,-4.595968074419403,18.63242733072648,-2.6557453024039623
385,-4.058710022735689,19.116897267942893,-2.7131853071796623,-2.81799082365996,13.411863631131505,-2.1873306755371464,-4.716885547801867,18.571454552006724,-2.660577284260327
386,-4.149672875471487,19.075355007265774,-2.7031853071796625,-2.899063193024168,13.297466111439912,-2.1605008010360867,-4.8530088511513005,18.502422255187202,-2.6502052166323784
387,-4.240215764419453,19.032905210317423,-2.6931853071796628,-2.937623889983607,13.239837805413947,-2.1637303029548915,-4.929382607030758,18.461345082352583,-2.6553043841357726
388,-4.330329635366145,18.98955212204216,-2.683185307179663,-2.9917693295494368,13.159481067907631,-2.1506216997042458,-5.071552788415649,18.385767975567724,-2.627867487110141
389,-4.420005476999563,18.94530007771268,-2.673185307179663,-3.0198539908232527,13.116598412353925,-2.135453327747139,-5.111104591713548,18.365367154351226,-2.616903296656006
390,-4.509234321810274,18.900153502496543,-2.6631853071796634,-3.080247998201195,13.021257932481413,-2.0987627207547623,-5.231248980397325,18.30078604714497,-2.5952320160704683
391,-4.5980072469881526,18.85411691101365,-2.6531853071796636,-3.1621948291322393,12.880742767664959,-2.0709573955363316,-5.356350088743012,18.23187899908363,-2.593177311138881
392,-4.686315375314659,18.807194906884785,-2.643185307179664,-3.26428121184036,12.693946414471544,-2.058029421599435,-5.502827339433997,18.140210966035333,-2.576572620910715
393,-4.77414987605055,18.759392182271256,-2.633185307179664,-3.2832642197606163,12.658118553585638,-2.052143281385341,-5.561929460537569,18.105135563517067,-2.576040546452825
394,-4.861501965818947,18.710713517405694,-2.6231853071796642,-3.3330814187239297,12.56274251895292,-2.0363789774135737,-5.6053876914377865,18.072958457629102,-2.572221804850818
395,-4.948362909483667,18.661163780114016,-2.6131853071796645,-3.383267504334019,12.462854037239266,-2.027718650572049,-5.715854008170595,18.00235264521369,-2.5678369491232638
396,-5.034724021022728,18.610747925328663,-2.6031853071796647,-3.444376635643976,12.338552844934386,-2.0202157957358526,-5.845174642835009,17.91776070610889,-2.553764219480328
397,-5.120576664396943,18.5594709945931,-2.593185307179665,-3.502638518616693,12.217762591565867,-1.9801181568373614,-5.949125229525559,17.852201691057967,-2.521483195065164
398,-5.205912254413517,18.507338115557666,-2.583185307179665,-3.578783118116099,12.042243497671599,-1.9900305008877475,-6.065523734833745,17.764579214305854,-2.538861850300664
399,-5.290722257584561,18.454354501466824,-2.5731853071796653,-3.603893949444416,11.985897511810819,-1.9642071879261922,-6.121138557781284,17.72492859164562,-2.517636865519026
400,-5.374998192980435,18.40052545063783,-2.5631853071796655,-3.6193512214204118,11.948655354809304,-1.9493969099992328,-6.044973595494441,17.764205074884806,-2.492383363575192
401,-5.458731633077827,18.34585634593091,-2.5531853071796657,-3.66784063285229,11.82675863954629,-1.96146276768009,-6.175152642282452,17.6684810365887,-2.5157580341545143
402,-5.541914204602506,18.290352654210974,-2.543185307179666,-3.7116136932102624,11.720470567904032,-1.9338686678224764,-6.272742456763331,17.594520904251876,-2.4731277016976376
403,-5.624537589366637,18.234019925800943,-2.533185307179666,-3.735160660778583,11.658490926727133,-1.960325032288897,-6.3124245873745455,17.552966378558963,-2.4793636921173166
404,-5.706593525100598,18.176863793926717,-2.5231853071796664,-3.796471374555244,11.509136231857704,-1.9353754190032122,-6.471266067573258,17.43521676666492,-2.4632674758158895
405,-5.788073806279194,18.11888997415385,-2.5131853071796666,-3.8158865424248387,11.458263211075533,-1.9260438554245487,-6.551036321732472,17.373825078527133,-2.4490558779146725
406,-5.868970284942208,18.060104263816008,-2.503185307179667,-3.8628162496145046,11.33176350931786,-1.9000568730053677,-6.735862580251654,17.217103547809224,-2.426399981021673
407,-5.949274871509186,18.00051254143524,-2.493185307179667,-3.9039000985436116,11.21152942949391,-1.8548160632849051,-6.83719838227801,17.14049041463741,-2.403059603427684
408,-6.028979535588392,17.940120766134118,-2.4831853071796672,-3.9182265208877562,11.162451465298362,-1.8367278109517464,-6.884321363682608,17.109136665295203,-2.4027799334093203
409,-6.1080763067798385,17.878934977039854,-2.4731853071796674,-3.946488638737294,11.058692681408804,-1.8078081597797808,-6.964583781069718,17.043393071677997,-2.395699185765225
410,-6.18655727547232,17.816961292680364,-2.4631853071796677,-3.9631966040723876,10.989523422135834,-1.765580676455937,-7.0374099627566125,16.982151892056702,-2.367500448901321
411,-6.264414593634369,17.75420591037244,-2.453185307179668,-3.9830828760169323,10.888724090863827,-1.7383478191638733,-7.121491714081336,16.905298744885055,-2.356198489813089
412,-6.341640475599048,17.69067510560202,-2.443185307179668,-4.005937437811492,10.753599712496326,-1.7575496958709613,-7.19453539561122,16.829013233747983,-2.385669265862203
413,-6.4182271988425175,17.626375231396633,-2.4331853071796683,-4.034352098294987,10.603221958603228,-1.785994156539418,-7.283225958770566,16.735311094010445,-2.3986419306702382
414,-6.494167104756274,17.56131271769012,-2.4231853071796685,-4.0681563213682885,10.44856993816461,-1.7717110745456115,-7.3958606348973275,16.629896191711296,-2.3629638046704504
415,-6.569452599413009,17.495494070679637,-2.4131853071796687,-4.085636387950766,10.362741361816768,-1.7406206570170701,-7.470340355169302,16.56127547659242,-2.3421592870695984
416,-6.644076154325995,17.428925872175032,-2.403185307179669,-4.084838125483898,10.367396605423874,-1.7517686246836863,-7.47456683195874,16.557756321053905,-2.35161648440596
417,-6.718030307201926,17.361614778940684,-2.393185307179669,-4.091375715416543,10.331667033108468,-1.7349179088140967,-7.500207247490347,16.535952556646237,-2.340593962936639
418,-6.791307662687143,17.29356752202982,-2.3831853071796694,-4.099641795417487,10.28175447317607,-1.711747192012409,-7.521601340046009,16.51413215202523,-2.3196256276361518
419,-6.863900893107163,17.22479090611143,-2.3731853071796696,-4.112986706370566,10.18770454620272,-1.711308754970069,-7.596372420917767,16.43607652545158,-2.3216616018507232
420,-6.935802739199437,17.155291808789787,-2.36318530717967,-4.123399993668398,10.114083553130708,-1.7147713186846958,-7.650247103183718,16.37763897583949,-2.3103753614200087
421,-7.007006010839273,17.085077179916713,-2.35318530717967,-4.139618238931985,10.00221670523251,-1.6723201401739698,-7.748272047596295,16.277213529424973,-2.2777255122088595
422,-7.077503587758844,17.01415404089658,-2.34318530717967,-4.154814866862571,9.853045978305651,-1.6664891582329888,-7.85048999912547,16.16030142125472,-2.2841937741054634
423,-7.147288420259207,16.942529483984192,-2.3331853071796704,-4.165762880760197,9.738987527981058,-1.6582820334033797,-7.812539861524829,16.200668217334613,-2.253957079193149
424,-7.2163535299152635,16.870210671575546,-2.3231853071796706,-4.183169292009215,9.540532475764723,-1.66092322949844,-7.928383490142375,16.05893836841026,-2.257232692674006
425,-7.284692010273603,16.79720483549162,-2.313185307179671,-4.192341607746198,9.439037063605614,-1.6315623645072346,-7.981111014755411,15.994795957956756,-2.2406029129542673
426,-7.3522970275431385,16.723519276255185,-2.303185307179671,-4.195803723820618,9.382132683226684,-1.6231336804182166,-8.013260792531886,15.952215919230985,-2.2412575170369617
427,-7.41916182127848,16.649161362360765,-2.2931853071796713,-4.2010101886925035,9.282744582828796,-1.5865812899757883,-8.073255140717414,15.877719019202695,-2.211856859098401
428,-7.485279705055974,16.574138529537777,-2.2831853071796715,-4.201424396625885,9.256506097124705,-1.5650421059641422,-8.005592759070042,15.954800044373581,-2.220752277541779
429,-7.550644067142342,16.49845828000699,-2.2731853071796717,-4.200984056760249,9.179982269044931,-1.5206672378090018,-8.040228979697563,15.914014081071079,-2.1938694739983107
430,-7.615248371155844,16.422128181730287,-2.263185307179672,-4.192186771904404,9.004636679790115,-1.5150359088814733,-8.133371451358524,15.787707809747198,-2.197085908535033
431,-7.679086156719917,16.34515586765389,-2.253185307179672,-4.189307489029293,8.953053527224103,-1.5044751707861248,-8.155848780364808,15.760231154976815,-2.2006240447331153
432,-7.742151040109201,16.267549034945063,-2.2431853071796723,-4.1806261247428775,8.822346634287126,-1.5058871214431613,-8.225122402883347,15.666677183113348,-2.199260657151889
433,-7.804436714887912,16.1893154442224,-2.2331853071796726,-4.172167222060173,8.692210706694675,-1.5006274677235043,-8.314870690523454,15.538868935280064,-2.1846020370314356
434,-7.865936952540476,16.11046291877979,-2.2231853071796728,-4.158920414526354,8.503735938757842,-1.5033075410689176,-8.441663356841033,15.352311616961806,-2.1712296683013697
435,-7.926645603094379,16.030999343804055,-2.213185307179673,-4.146991170905753,8.327245482287314,-1.5041926898923887,-8.53730495529579,15.211044502099673,-2.160940215490214
436,-7.986556595735154,15.950932665586478,-2.203185307179673,-4.139836771970407,8.219986824045613,-1.483342857508646,-8.574329466616591,15.158821251785934,-2.1481536696563026
437,-8.045663939413464,15.87027089072816,-2.1931853071796734,-4.127939388959851,8.084291387343958,-1.4823603387015627,-8.658796782574436,15.027499524277891,-2.141259001460183
438,-8.103961723444197,15.789022085339367,-2.1831853071796736,-4.124311276387154,8.043373099236081,-1.4719121254408882,-8.694314369410755,14.970670355665854,-2.125833143829077
439,-8.161444118097531,15.70719437423293,-2.173185307179674,-4.105984285713464,7.858639672100443,-1.45961778535307,-8.771672890814703,14.836734967202599,-2.1084828050825855
440,-8.218105375181903,15.624795940111772,-2.163185307179674,-4.093582276685444,7.747549279374442,-1.4401690442398651,-8.827067247201525,14.739699692922406,-2.094982413113061
441,-8.273939828618822,15.54183502275064,-2.1531853071796743,-4.077693996036742,7.626611236818733,-1.4245961171539308,-8.886794527498646,14.642086892706814,-2.0886435001727905
442,-8.328941895009471,15.458319918172135,-2.1431853071796745,-4.0613230952916,7.5154342809749,-1.3963454356920242,-8.95499711079572,14.518148698731133,-2.0604749928856756
443,-8.383106074193048,15.37425897781712,-2.1331853071796747,-4.023429669525336,7.300426846058173,-1.3732687463452191,-9.027638147059152,14.38427049335892,-2.0560065602634943
444,-8.43642694979677,15.28966060770958,-2.123185307179675,-3.978006875211156,7.073468686994173,-1.3709751409844735,-9.081707763115286,14.273310889370421,-2.0576751338729022
445,-8.488899189777513,15.204533267616027,-2.113185307179675,-3.970572202256539,7.036758581786399,-1.3346589516994434,-9.083602702285543,14.268224009225584,-2.0285673213506397
446,-8.540517546955003,15.118885470199531,-2.1031853071796753,-3.9257224380078646,6.850371194720192,-1.3716352126045988,-9.162838310577884,14.101029690963431,-2.0560389362389877
447,-8.591276859536539,15.032725780168462,-2.0931853071796755,-3.900252332685342,6.724179628504097,-1.3752360325822242,-9.20922515905344,14.007556007670424,-2.0552553574919576
448,-8.641172051633161,14.946062813420022,-2.0831853071796758,-3.8979570642233132,6.7125927486301356,-1.3486679803999195,-9.213952828991362,13.998774464353,-2.0142135790123072
449,-8.690198133767238,14.858905236178668,-2.073185307179676,-3.873366412108809,6.603714825675636,-1.3407706101905352,-9.281384990205142,13.861103532782884,-2.008919048496068
450,-8.738350203371413,14.771261764129491,-2.063185307179676,-3.872018677865453,6.597959470894567,-1.2939852168795307,-9.332991996981884,13.72073874496856,-1.9507946431193248
451,-8.785623445278851,14.683141161546663,-2.0531853071796764,-3.8808550228709113,6.629061872959372,-1.2753357388466044,-9.328997144206177,13.735812762543233,-1.945908645102967
452,-8.832013132204757,14.594552240417007,-2.0431853071796766,-3.840889137746469,6.497754703867653,-1.2871889668483383,-9.375683058420162,13.619041428637516,-1.954709467864326
453,-8.877514625219096,14.505503859558813,-2.033185307179677,-3.8253699992746872,6.444509238743274,-1.2589712374223478,-9.404052144733676,13.562827372665115,-1.934512832082686
454,-8.922123374210484,14.416004923735958,-2.023185307179677,-3.7819425518624654,6.3097840835538195,-1.2378107881998512,-9.468690157077807,13.410572419160673,-1.9208082495286303
455,-8.965834918341194,14.326064382767445,-2.0131853071796773,-3.7454546774926825,6.204286363651277,-1.2170001463054525,-9.500680338876778,13.327157102607401,-1.912308373463033
456,-9.008644886493242,14.235691230632419,-2.0031853071796775,-3.7109235584119693,6.110791353158482,-1.2131076670933958,-9.562541492922016,13.199539484556555,-1.9078858204514129
457,-9.050548997705485,14.144894504570782,-1.9931853071796775,-3.6433096970938665,5.929892605547143,-1.2053534836672664,-9.619865086217889,13.050993788070192,-1.9107782552590957
458,-9.091543061601724,14.053683284179478,-1.9831853071796774,-3.6087072545017644,5.839459356141967,-1.212240403416992,-9.653654264024736,12.959543848478445,-1.9178116894203572
459,-9.13162297880973,13.962066690504535,-1.9731853071796774,-3.5686479318796342,5.732564679067505,-1.1722605076817083,-9.70177930355243,12.843247048942931,-1.894908026000128
460,-9.170784741371182,13.870053885128977,-1.9631853071796774,-3.5637441686604507,5.7209186769017375,-1.1892340594842785,-9.71114793657454,12.814350287677103,-1.912601808930938
461,-9.209024433142458,13.777654069256661,-1.9531853071796774,-3.550229346853138,5.687234808755219,-1.1783658027434978,-9.757987696333783,12.735009621637582,-1.9049578568590593
462,-9.246338230186248,13.684876482792177,-1.9431853071796774,-3.473080749311903,5.500840049333717,-1.1533042770816875,-9.816294961194426,12.561922518788506,-1.8786393846295844
463,-9.282722401153944,13.591730403416856,-1.9331853071796774,-3.4391879609324802,5.424430561905806,-1.1675938273259288,-9.834765673088343,12.486470506746645,-1.8878277048231884
464,-9.318173307658766,13.498225145661014,-1.9231853071796774,-3.4063667825774884,5.347489089852224,-1.1314102242541004,-9.868133297815035,12.38644982641575,-1.8488069689749131
465,-9.352687404639607,13.404370059972505,-1.9131853071796774,-3.371219171787706,5.272711837252491,-1.1089829950112242,-9.88303796590544,12.28385171288263,-1.8074137868825553
466,-9.38626124071553,13.310174531781689,-1.9031853071796774,-3.3773172577577864,5.284964143086668,-1.1110482923235425,-9.875435770652963,12.312708021203681,-1.8067995368717655
467,-9.418891458530908,13.215647980562885,-1.8931853071796774,-3.3639947714088483,5.258057367076504,-1.0908523572314532,-9.884076829332075,12.277901875942918,-1.7912076554327723
468,-9.450574795091148,13.120799858892445,-1.8831853071796774,-3.3286462348078363,5.190149883012095,-1.074940210157365,-9.910293930645578,12.174971871902125,-1.7846909072096924
469,-9.481308082088999,13.025639651503496,-1.8731853071796774,-3.2807965599063342,5.101692372975964,-1.0499706155331592,-9.937789138425098,12.063659493476708,-1.7778608964741762
470,-9.511088246221371,12.930176874337478,-1.8631853071796773,-3.204417058819068,4.968547884244204,-1.0334935044713345,-9.978458950046091,11.890357181504559,-1.7749465915525606
471,-9.539912309496668,12.834421073592553,-1.8531853071796773,-3.172680623292446,4.915278204173019,-1.0096833698333008,-9.995060692881314,11.830277424470122,-1.76797404115087
472,-9.567777389532582,12.738381824769002,-1.8431853071796773,-3.128385801580255,4.844801277549703,-1.0121094644895603,-10.010501908720364,11.753208037897567,-1.7651348141801375
473,-9.59468069984433,12.642068731711673,-1.8331853071796773,-3.0681873289383947,4.748502480583513,-0.9959556377381658,-10.041426956491685,11.616771958284852,-1.7580246805882143
474,-9.620619550123301,12.545491425649612,-1.8231853071796773,-2.977916904412456,4.609157412901244,-1.012485826692358,-10.078549424481208,11.404208380325167,-1.7574993393925307
475,-9.645591346506084,12.448659564232944,-1.8131853071796773,-2.8936290545024406,4.474210149704968,-0.9928423518154386,-10.108933646284607,11.241572244345484,-1.7403135176820552
476,-9.669593591833848,12.351582830567118,-1.8031853071796773,-2.8317066351544518,4.379273237528612,-0.9766111710747416,-10.118973104775018,11.159735068515305,-1.7123720577828974
477,-9.692623885902064,12.254270932244603,-1.7931853071796773,-2.768627089340115,4.285909764208515,-0.9905867477183272,-10.133569478614273,11.039274324970117,-1.7259812968425616
478,-9.714679925700514,12.156733600374139,-1.7831853071796773,-2.698541605807311,4.178985428716382,-0.9563321411441099,-10.101991112754709,11.259245619106492,-1.6775183833451004
479,-9.735759505643601,12.05898058860763,-1.7731853071796773,-2.671837005693548,4.14113794661044,-0.9476372329058114,-10.096687001908128,11.248737898792877,-1.6681382910712583
480,-9.755860517790897,11.961021672164796,-1.7631853071796773,-2.5909880540689834,4.028642898117396,-0.9579372020188419,-10.110372090095519,11.105737627784153,-1.6702208866837864
481,-9.774980952057936,11.862866646855645,-1.7531853071796772,-2.491571027826648,3.8872614900928646,-0.9303972597075805,-10.122984385677455,10.942178712418325,-1.6452999136798425
482,-9.793118896417226,11.764525328100916,-1.7431853071796772,-2.4446629126402466,3.824311459452214,-0.9585663127139679,-10.125980672445234,10.872233389120913,-1.6755911995932764
483,-9.810272537089446,11.666007549950532,-1.7331853071796772,-2.354794535897697,3.696338199693441,-0.9672131914310813,-10.149292764917709,10.683469893062663,-1.6778902704380623
484,-9.826440158724823,11.567323164100209,-1.7231853071796772,-2.281880116650857,3.5905746859044454,-0.9456476380479226,-10.135860004662437,10.596245630804397,-1.5949943842294012
485,-9.841620144574668,11.468482038906297,-1.7131853071796772,-2.2155099226872816,3.498612342077996,-0.9233973979224475,-10.143212374031002,10.481707301519219,-1.591190125971136
486,-9.855810976653045,11.369494058398947,-1.7031853071796772,-2.1926118706817275,3.468328249067642,-0.8852522675137817,-10.202316178946518,10.092457761330815,-1.5976128050842595
487,-9.869011235888571,11.270369121293722,-1.6931853071796772,-2.1228587994030033,3.383042228268094,-0.8424824170355358,-10.202747311164195,9.99189650868095,-1.5595297424463723
488,-9.881219602266324,11.171117140001726,-1.6831853071796772,-2.040718139485766,3.290944481152,-0.8204851114415748,-10.213925581074246,9.836741889055714,-1.5560113532950235
489,-9.892434854959838,11.071748039638381,-1.6731853071796772,-2.0223481530362535,3.2712379576640482,-0.8155676496466069,-10.298462213574041,9.639948036272418,-1.6025677338082538
490,-9.902655872453192,10.972271757030914,-1.6631853071796772,-1.9325056827043932,3.1758040991505854,-0.7899688879227389,-10.302697912536223,9.498453305913305,-1.5785564190744845
491,-9.911881632653152,10.87269823972469,-1.6531853071796772,-1.8842143383820507,3.127069271837605,-0.7693194714011367,-10.303510471097578,9.430904098401056,-1.5627593958421995
492,-9.920111212991387,10.773037444988462,-1.6431853071796771,-1.8052094375214986,3.0505649710257066,-0.7532111747908505,-10.302571312500637,9.330622781484662,-1.548036906174517
493,-9.927343790516721,10.673299338818653,-1.6331853071796771,-1.6945682172327738,2.9468263753083996,-0.746032321664087,-10.299618301164928,9.171474146394603,-1.5470756909760341
494,-9.93357864197743,10.573493894942766,-1.6231853071796771,-1.5939043780812698,2.853791586915709,-0.7452919397333195,-10.29532984359148,9.039073311602769,-1.542027480644993
495,-9.938815143893562,10.473631093822016,-1.6131853071796771,-1.5185285173938023,2.784231671547897,-0.7258870557971329,-10.291383244359844,8.961979988480547,-1.508871529173689
496,-9.94305277261929,10.373720921653298,-1.603185307179677,-1.5031456530096519,2.7705787988183586,-0.7189543936318441,-10.291484107567532,8.94832958621767,-1.500804685700646
497,-9.946291104395272,10.27377336937057,-1.593185307179677,-1.423261071652882,2.7006622429169918,-0.7233096249100015,-10.284907958213143,8.862386474076796,-1.4996171841681645
498,-9.948529815391028,10.173798431645771,-1.583185307179677,-1.3700552735529974,2.6536846881027323,-0.7078815565490837,-10.27955749919868,8.800752883930754,-1.4795026734246133
499,-9.949768681737327,10.07380610588936,-1.573185307179677,-1.3212502074987875,2.6119147831314464,-0.7116414740028727,-10.276820624768785,8.760981598670952,-1.4773083536071265
