run_id,seed,variant,host,date,code,range_std,ate,resample_rate,collapses,unique_after_resampling,max_weight_mean,ess_mean,ess_min,log_likelihood,log_likelihood_per_step,nees_mean,nees_median,position_rmse,heading_rmse,final_position_error,runtime_total_s,runtime_per_step_ms
6e0b155a5c4f,0,0.08,labdesktop,2026-09-20T09:56:15+00:00,1073b69d29e5,0.08,0.0518333,0.6,0,0.406611,0.00122037,0.429403,0.0018314,2.86189,0.0953965,10.8136,8.79059,0.0630334,0.0654405,0.0333913,0.0798667,2.66222
fc331422bbdd,1,0.08,labdesktop,2026-09-20T09:56:15+00:00,1073b69d29e5,0.08,0.0711283,0.533333,0,0.368125,0.0011599,0.457672,0.0017718,40.8784,1.36261,80.3579,23.5356,0.0831716,0.083462,0.0373615,0.0767729,2.5591
10640683839f,2,0.08,labdesktop,2026-09-20T09:56:15+00:00,1073b69d29e5,0.08,0.056931,0.633333,0,0.421895,0.00102387,0.420335,0.0029143,-302.565,-10.0855,2270.77,991.285,0.164046,0.098799,0.246959,0.0803325,2.67775
21c3b80f8816,3,0.08,labdesktop,2026-09-20T09:56:15+00:00,1073b69d29e5,0.08,0.0362688,0.766667,0,0.442457,0.000971892,0.340504,0.02753,7.98609,0.266203,13.9053,10.201,0.0592015,0.0382394,0.0247169,0.0843757,2.81252
d635f031fb5e,4,0.08,labdesktop,2026-09-20T09:56:15+00:00,1073b69d29e5,0.08,0.0430678,0.6,0,0.40025,0.00116232,0.406339,0.00398755,-30.7319,-1.0244,21.6776,17.0723,0.0609147,0.0501858,0.0667696,0.0756774,2.52258
b99180567aa2,5,0.08,labdesktop,2026-09-20T09:56:15+00:00,1073b69d29e5,0.08,0.0542932,0.633333,0,0.434368,0.00169064,0.399007,0.000506697,-2051.97,-68.399,184569,42326.2,0.586681,0.174127,0.985584,0.0762195,2.54065
76641acaf481,6,0.08,labdesktop,2026-09-20T09:56:15+00:00,1073b69d29e5,0.08,0.0481093,0.633333,0,0.373184,0.00106294,0.392227,0.00248853,-789.693,-26.3231,30184.4,9295.41,0.361884,0.123044,0.588446,0.0747627,2.49209
5ec9a4d9d190,7,0.08,labdesktop,2026-09-20T09:56:15+00:00,1073b69d29e5,0.08,0.0490368,0.6,0,0.393361,0.00116865,0.409424,0.0255791,12.7336,0.424452,183.322,86.0143,0.0966153,0.0523863,0.148223,0.0759892,2.53297
c3f91586ad44,8,0.08,labdesktop,2026-09-20T09:56:15+00:00,1073b69d29e5,0.08,0.0525889,0.633333,0,0.428947,0.00126001,0.372124,0.00207124,-1361.57,-45.3858,102412,9028.93,0.499145,0.182142,0.869752,0.0434779,1.44926
2f69df0727f4,9,0.08,labdesktop,2026-09-20T09:56:15+00:00,1073b69d29e5,0.08,0.046873,0.533333,0,0.377844,0.00132957,0.410524,0.00111722,-536.926,-17.8975,12882,6842.35,0.282105,0.11868,0.412037,0.0401767,1.33922
c6b3c70e5587,10,0.08,labdesktop,2026-09-20T09:56:15+00:00,1073b69d29e5,0.08,0.0435798,0.566667,0,0.456529,0.00135995,0.428859,0.0381381,49.8984,1.66328,11.2408,10.8066,0.0632509,0.0617547,0.0352419,0.0411375,1.37125
e239561b1303,11,0.08,labdesktop,2026-09-20T09:56:15+00:00,1073b69d29e5,0.08,0.0467047,0.466667,0,0.406536,0.00162489,0.467299,0.00490198,8.75506,0.291835,71.8339,63.9211,0.0786306,0.0500906,0.0803608,0.0377292,1.25764
f7244d347786,12,0.08,labdesktop,2026-09-20T09:56:15+00:00,1073b69d29e5,0.08,0.0385976,0.633333,0,0.458132,0.00109637,0.422822,0.0453749,-77.4326,-2.58109,223.836,119.878,0.0963025,0.0404123,0.079725,0.0788618,2.62873
5efab986da29,13,0.08,labdesktop,2026-09-20T09:56:15+00:00,1073b69d29e5,0.08,0.0666036,0.6,0,0.411111,0.000865492,0.466417,0.00327738,26.1257,0.870858,44.3641,43.8028,0.0979698,0.0591619,0.0392917,0.0777811,2.5927
ec1aaca430b8,14,0.08,labdesktop,2026-09-20T09:56:15+00:00,1073b69d29e5,0.08,0.0432197,0.666667,0,0.388075,0.000872846,0.376214,0.00265576,-157.459,-5.24864,135.39,72.0078,0.115843,0.0746111,0.0944335,0.0776955,2.58985
c25f3ae10234,15,0.08,labdesktop,2026-09-20T09:56:15+00:00,1073b69d29e5,0.08,0.0427043,0.5,0,0.449267,0.00133535,0.481526,0.0411203,118.591,3.95303,12.5865,9.45425,0.0609448,0.0327522,0.0145162,0.072627,2.4209
81b319cdc137,16,0.08,labdesktop,2026-09-20T09:56:15+00:00,1073b69d29e5,0.08,0.0500728,0.4,0,0.368042,0.00156548,0.505332,0.0020779,79.9435,2.66478,13.1437,3.1041,0.0622013,0.0540809,0.0128105,0.0360057,1.20019
a1b2ab3015d4,17,0.08,labdesktop,2026-09-20T09:56:15+00:00,1073b69d29e5,0.08,0.0531297,0.566667,0,0.381,0.00103766,0.45369,0.00166925,-30.1831,-1.0061,38.807,14.113,0.0620299,0.068757,0.0387486,0.0769284,2.56428
eee5f0c0ed7b,18,0.08,labdesktop,2026-09-20T09:56:15+00:00,1073b69d29e5,0.08,0.0435724,0.666667,0,0.378875,0.000934189,0.389178,0.00674518,-90.2698,-3.00899,208.184,225.506,0.141406,0.0744048,0.176082,0.0794693,2.64898
8ebeaa524f5f,19,0.08,labdesktop,2026-09-20T09:56:15+00:00,1073b69d29e5,0.08,0.0438331,0.5,0,0.408167,0.00129245,0.454816,0.0235576,41.3751,1.37917,251.287,103.573,0.106253,0.076752,0.133049,0.0726388,2.42129
2b552e71c7f5,0,0.107,labdesktop,2026-09-20T09:56:15+00:00,1073b69d29e5,0.107,0.0449431,0.466667,0,0.420107,0.00150308,0.454455,0.0266708,133.161,4.43869,3.01401,2.62359,0.050467,0.0501274,0.019033,0.0686588,2.28863
7b95cdcfdd61,1,0.107,labdesktop,2026-09-20T09:56:15+00:00,1073b69d29e5,0.107,0.0549292,0.533333,0,0.480531,0.00110303,0.499646,0.104184,158.053,5.26842,3.83046,3.08477,0.0596282,0.059043,0.0152928,0.0401906,1.33969
d275864d36b0,2,0.107,labdesktop,2026-09-20T09:56:15+00:00,1073b69d29e5,0.107,0.0545054,0.5,0,0.434033,0.00118062,0.488851,0.00824382,3.23623,0.107874,410.979,206.754,0.13045,0.086645,0.19719,0.0392979,1.30993
f855c59930d4,3,0.107,labdesktop,2026-09-20T09:56:15+00:00,1073b69d29e5,0.107,0.0384789,0.6,0,0.497528,0.00138134,0.460179,0.068469,132.726,4.42421,11.6038,10.2857,0.0615623,0.0324678,0.0462334,0.0423667,1.41222
1706d0d5324c,4,0.107,labdesktop,2026-09-20T09:56:15+00:00,1073b69d29e5,0.107,0.0406735,0.433333,0,0.411462,0.00111894,0.499259,0.0724592,111.846,3.72819,13.6199,13.7029,0.0578118,0.0408903,0.0598242,0.0677887,2.25962
a8e1f2560881,5,0.107,labdesktop,2026-09-20T09:56:15+00:00,1073b69d29e5,0.107,0.0564729,0.566667,0,0.456059,0.0012059,0.459538,0.00176361,-154.391,-5.14636,6995.97,1639.47,0.284608,0.130312,0.46266,0.073882,2.46273
615b21764ef1,6,0.107,labdesktop,2026-09-20T09:56:15+00:00,1073b69d29e5,0.107,0.0729751,0.5,0,0.343033,0.00121483,0.457861,0.0154899,123.916,4.13052,41.6495,28.1516,0.0775781,0.0713689,0.0758511,0.0403275,1.34425
5bdac3c7f099,7,0.107,labdesktop,2026-09-20T09:56:15+00:00,1073b69d29e5,0.107,0.0456789,0.5,0,0.434433,0.00121938,0.481014,0.0494259,146.641,4.88804,4.98007,4.43697,0.062106,0.0484139,0.058427,0.0722987,2.40996
e59286c6e50a,8,0.107,labdesktop,2026-09-20T09:56:16+00:00,1073b69d29e5,0.107,0.0684169,0.533333,0,0.436156,0.00106905,0.486822,0.0346709,-99.5709,-3.31903,4787.16,671.022,0.276245,0.133918,0.445405,0.0712351,2.3745
12b447846d12,9,0.107,labdesktop,2026-09-20T09:56:15+00:00,1073b69d29e5,0.107,0.0528751,0.466667,0,0.443143,0.00107368,0.533489,0.00544758,68.0404,2.26801,188.392,193.7,0.122346,0.0802566,0.103107,0.0381728,1.27243
a309ed74ce70,10,0.107,labdesktop,2026-09-20T09:56:16+00:00,1073b69d29e5,0.107,0.0366852,0.466667,0,0.472821,0.00126857,0.504802,0.147032,159.529,5.31763,6.00999,5.87224,0.0536642,0.0478472,0.0267718,0.0378106,1.26035
590461afadc8,11,0.107,labdesktop,2026-09-20T09:56:16+00:00,1073b69d29e5,0.107,0.0476706,0.366667,0,0.453182,0.00151699,0.499506,0.0800342,150.088,5.00292,6.40702,5.09868,0.049028,0.0399765,0.047167,0.0644373,2.14791
c7c9afba43af,12,0.107,labdesktop,2026-09-20T09:56:16+00:00,1073b69d29e5,0.107,0.0438023,0.466667,0,0.428679,0.00120291,0.493419,0.0261624,89.4475,2.98158,21.0335,19.9188,0.0813838,0.0339061,0.0593745,0.0691947,2.30649
06ac82f8b098,13,0.107,labdesktop,2026-09-20T09:56:16+00:00,1073b69d29e5,0.107,0.0544398,0.433333,0,0.481346,0.00106423,0.543748,0.0209216,153.444,5.11481,11.1715,9.23284,0.0805498,0.052171,0.0489056,0.0684935,2.28312
4eacb3b70628,14,0.107,labdesktop,2026-09-20T09:56:16+00:00,1073b69d29e5,0.107,0.0510222,0.6,0,0.430806,0.00114428,0.448939,0.0239609,51.8961,1.72987,13.7205,11.4259,0.0870461,0.0572,0.0312043,0.0731237,2.43746
176928c7bc8c,15,0.107,labdesktop,2026-09-20T09:56:16+00:00,1073b69d29e5,0.107,0.0403132,0.366667,0,0.486273,0.00106679,0.598852,0.11131,193.365,6.44551,9.55048,8.5924,0.0648348,0.0270922,0.0107744,0.0349887,1.16629
8726830f38af,16,0.107,labdesktop,2026-09-20T09:56:16+00:00,1073b69d29e5,0.107,0.0580027,0.433333,0,0.428808,0.00110476,0.523905,0.0404321,175.267,5.84224,19.8464,12.9075,0.0819694,0.050508,0.0249393,0.0360502,1.20167
edacd9c116a3,17,0.107,labdesktop,2026-09-20T09:56:16+00:00,1073b69d29e5,0.107,0.0570507,0.433333,0,0.350192,0.00127898,0.467117,0.0151831,113.997,3.79989,8.94036,6.54991,0.0705132,0.060947,0.0441638,0.0670257,2.23419
7dbd439a1f58,18,0.107,labdesktop,2026-09-20T09:56:16+00:00,1073b69d29e5,0.107,0.0429114,0.5,0,0.4112,0.00118369,0.461613,0.0494454,97.2828,3.24276,29.9634,22.1173,0.102559,0.0618914,0.113612,0.0700227,2.33409
3cfb09754942,19,0.107,labdesktop,2026-09-20T09:56:16+00:00,1073b69d29e5,0.107,0.0480444,0.4,0,0.437917,0.00124684,0.50971,0.0247987,174.224,5.80746,11.3827,10.7625,0.0676368,0.0628034,0.0458081,0.035573,1.18577
2c6795534982,0,0.142,labdesktop,2026-09-20T09:56:16+00:00,1073b69d29e5,0.142,0.0401665,0.366667,0,0.473909,0.00114578,0.583128,0.112538,188.857,6.29523,1.45647,1.2389,0.0439469,0.0465433,0.0153314,0.0662687,2.20896
dbe2a00bb6e0,1,0.142,labdesktop,2026-09-20T09:56:16+00:00,1073b69d29e5,0.142,0.0475269,0.433333,0,0.492115,0.00109519,0.554055,0.177411,203.769,6.79231,2.08145,1.60067,0.0504037,0.0456196,0.0165807,0.0655408,2.18469
cfaa9af60d81,2,0.142,labdesktop,2026-09-20T09:56:16+00:00,1073b69d29e5,0.142,0.0537255,0.366667,0,0.441864,0.00125013,0.561026,0.0187625,149.011,4.96704,43.6406,49.7567,0.0830769,0.0625004,0.0304754,0.0350946,1.16982
33966f305f92,3,0.142,labdesktop,2026-09-20T09:56:16+00:00,1073b69d29e5,0.142,0.0370419,0.4,0,0.491708,0.00116156,0.561067,0.0521157,186.78,6.226,6.26153,5.64095,0.0613416,0.02642,0.0204401,0.0362359,1.20786
d01c9ce12f8f,4,0.142,labdesktop,2026-09-20T09:56:16+00:00,1073b69d29e5,0.142,0.0392202,0.366667,0,0.469409,0.00114434,0.561998,0.0513868,176.234,5.87446,10.3058,10.2774,0.0527982,0.0363444,0.0347126,0.0343876,1.14625
04c5f42a9356,5,0.142,labdesktop,2026-09-20T09:56:16+00:00,1073b69d29e5,0.142,0.0568608,0.366667,0,0.446364,0.00135972,0.55337,0.00287665,186.225,6.20749,6.11866,5.28681,0.071031,0.0825533,0.0191962,0.0672829,2.24276
373ca7873f81,6,0.142,labdesktop,2026-09-20T09:56:16+00:00,1073b69d29e5,0.142,0.0529446,0.4,0,0.482708,0.00110656,0.556291,0.127251,188.933,6.29776,5.65169,5.55729,0.0610855,0.0548384,0.0296316,0.0681977,2.27326
3445f46ef3df,7,0.142,labdesktop,2026-09-20T09:56:16+00:00,1073b69d29e5,0.142,0.0434436,0.433333,0,0.510231,0.00102366,0.58555,0.20817,198.451,6.61504,3.51838,3.27922,0.0652043,0.0473887,0.0644024,0.037728,1.2576
06e90fdaaf5c,8,0.142,labdesktop,2026-09-20T09:56:16+00:00,1073b69d29e5,0.142,0.0817429,0.4,0,0.432083,0.00112326,0.551182,0.0728396,141.556,4.71852,245.183,107.481,0.162824,0.112465,0.19633,0.0682763,2.27588
636e55833fc3,9,0.142,labdesktop,2026-09-20T09:56:16+00:00,1073b69d29e5,0.142,0.0578677,0.533333,0,0.504406,0.000955949,0.52032,0.0676997,173.566,5.78555,4.16315,3.76431,0.0739637,0.062963,0.0871018,0.0696212,2.32071
5e873b517575,10,0.142,labdesktop,2026-09-20T09:56:16+00:00,1073b69d29e5,0.142,0.0310018,0.3,0,0.506333,0.00124765,0.583519,0.202537,204.785,6.82618,3.63587,3.42473,0.0452822,0.0363426,0.0232115,0.0323934,1.07978
838ea42793f9,11,0.142,labdesktop,2026-09-20T09:56:16+00:00,1073b69d29e5,0.142,0.0419529,0.3,0,0.460444,0.00140514,0.569563,0.189621,201.622,6.72074,5.3557,3.5566,0.0439047,0.034878,0.0302192,0.0319412,1.06471
1fed2195bb54,12,0.142,labdesktop,2026-09-20T09:56:16+00:00,1073b69d29e5,0.142,0.0362468,0.333333,0,0.45595,0.00125002,0.568455,0.145865,162.729,5.42429,10.7551,9.67942,0.0673406,0.0351717,0.0609318,0.0336632,1.12211
714c5741db72,13,0.142,labdesktop,2026-09-20T09:56:16+00:00,1073b69d29e5,0.142,0.0499478,0.3,0,0.426222,0.00114306,0.580558,0.134455,203.604,6.7868,7.23034,6.45145,0.0773641,0.0472766,0.0538001,0.0636888,2.12296
3b28f1aade3f,14,0.142,labdesktop,2026-09-20T09:56:16+00:00,1073b69d29e5,0.142,0.0450434,0.5,0,0.493067,0.000914774,0.541942,0.15073,142.671,4.75569,7.64701,6.83101,0.0828197,0.0440087,0.0374919,0.0716583,2.38861
178d1b5b5326,15,0.142,labdesktop,2026-09-20T09:56:16+00:00,1073b69d29e5,0.142,0.0395657,0.266667,0,0.490438,0.00117489,0.622529,0.195193,220.525,7.35082,6.43204,6.6649,0.0665419,0.0242653,0.00923419,0.0304678,1.01559
f4dacad3ed57,16,0.142,labdesktop,2026-09-20T09:56:16+00:00,1073b69d29e5,0.142,0.0463082,0.433333,0,0.505654,0.000949711,0.572574,0.180139,218.775,7.2925,3.5016,2.28133,0.0608249,0.03792,0.0273715,0.068847,2.2949
dc1462de3e79,17,0.142,labdesktop,2026-09-20T09:56:16+00:00,1073b69d29e5,0.142,0.0525805,0.366667,0,0.422545,0.00123672,0.557475,0.0526822,174.379,5.81265,2.64632,1.64928,0.0642613,0.0482004,0.0507198,0.0633748,2.11249
54b4a15632a3,18,0.142,labdesktop,2026-09-20T09:56:16+00:00,1073b69d29e5,0.142,0.0419464,0.433333,0,0.484231,0.00152519,0.505929,0.0825175,170.648,5.68827,8.73439,8.20409,0.0840013,0.0512554,0.0801094,0.0379494,1.26498
a79693efbaa2,19,0.142,labdesktop,2026-09-20T09:56:16+00:00,1073b69d29e5,0.142,0.0495325,0.366667,0,0.478045,0.00120181,0.556904,0.132821,210.893,7.02978,5.13114,4.76119,0.065413,0.0564481,0.0364249,0.0346712,1.15571
a5e9b6b1b030,0,0.19,labdesktop,2026-09-20T09:56:16+00:00,1073b69d29e5,0.19,0.0377967,0.233333,0,0.465357,0.00126668,0.617137,0.254439,205.875,6.86251,0.912205,0.77683,0.0400596,0.0403194,0.0171136,0.0296136,0.98712
612838bdbfb9,1,0.19,labdesktop,2026-09-20T09:56:16+00:00,1073b69d29e5,0.19,0.0444522,0.3,0,0.500611,0.00151968,0.562067,0.234937,215.381,7.17936,1.06909,0.777034,0.048047,0.0410197,0.0160633,0.0609308,2.03103
bda193c9e155,2,0.19,labdesktop,2026-09-20T09:56:16+00:00,1073b69d29e5,0.19,0.051573,0.266667,0,0.446187,0.00115363,0.628379,0.0669603,188.319,6.2773,10.8493,9.46504,0.0804497,0.041377,0.042547,0.030238,1.00793
7c2f1210c55f,3,0.19,labdesktop,2026-09-20T09:56:16+00:00,1073b69d29e5,0.19,0.0368218,0.3,0,0.521889,0.00125133,0.611151,0.159743,203.62,6.78735,5.32498,4.57094,0.0625782,0.0247067,0.0223929,0.032018,1.06727
45c4eb79d08f,4,0.19,labdesktop,2026-09-20T09:56:16+00:00,1073b69d29e5,0.19,0.0420069,0.233333,0,0.464,0.00117516,0.620059,0.23717,199.28,6.64268,5.10701,5.34908,0.0538323,0.0373171,0.0372558,0.0299262,0.99754
66072892029f,5,0.19,labdesktop,2026-09-20T09:56:16+00:00,1073b69d29e5,0.19,0.0497186,0.233333,0,0.427429,0.00115909,0.634678,0.0512771,210.129,7.00431,1.29461,1.04369,0.0522073,0.0616394,0.019234,0.0304624,1.01541
ad6707d6c1eb,6,0.19,labdesktop,2026-09-20T09:56:16+00:00,1073b69d29e5,0.19,0.0462247,0.366667,0,0.488227,0.00119272,0.566797,0.0963287,208.19,6.93968,3.72946,3.67449,0.0585081,0.044077,0.0213517,0.0645539,2.1518
87128007132f,7,0.19,labdesktop,2026-09-20T09:56:16+00:00,1073b69d29e5,0.19,0.0462037,0.3,0,0.524556,0.00124284,0.607705,0.249325,213.352,7.11175,3.4585,3.20397,0.073464,0.0492588,0.0813901,0.0630252,2.10084
9c402ee3cee6,8,0.19,labdesktop,2026-09-20T09:56:16+00:00,1073b69d29e5,0.19,0.0914991,0.333333,0,0.4594,0.00103708,0.622961,0.146137,189.703,6.32343,7.62166,6.89566,0.107512,0.0945567,0.0397554,0.0342988,1.14329
2f8584f383b2,9,0.19,labdesktop,2026-09-20T09:56:16+00:00,1073b69d29e5,0.19,0.0464768,0.4,0,0.513125,0.00103403,0.59108,0.263768,195.466,6.51553,1.3668,0.88835,0.0536186,0.0458875,0.0470117,0.0646306,2.15435
f1b27d37d15c,10,0.19,labdesktop,2026-09-20T09:56:16+00:00,1073b69d29e5,0.19,0.0278146,0.266667,0,0.527188,0.00122021,0.61547,0.258066,216.283,7.20943,2.3824,2.21236,0.0416417,0.0268221,0.0257116,0.0310433,1.03478
e57fd2351593,11,0.19,labdesktop,2026-09-20T09:56:16+00:00,1073b69d29e5,0.19,0.0335929,0.233333,0,0.499571,0.0012413,0.620739,0.246011,215.882,7.19607,3.61621,3.26377,0.0378747,0.0311049,0.0292656,0.0293262,0.977538
2b835fe22c92,12,0.19,labdesktop,2026-09-20T09:56:16+00:00,1073b69d29e5,0.19,0.0374406,0.3,0,0.503444,0.00109161,0.639897,0.218138,190.915,6.36383,7.21936,6.6884,0.0632214,0.0404808,0.0567485,0.0319955,1.06652
855ece38b126,13,0.19,labdesktop,2026-09-20T09:56:16+00:00,1073b69d29e5,0.19,0.0476697,0.3,0,0.510333,0.00111982,0.616586,0.250664,217.35,7.24501,4.32118,3.75962,0.0737863,0.0448244,0.0612862,0.0611343,2.03781
8041b439aa49,14,0.19,labdesktop,2026-09-20T09:56:16+00:00,1073b69d29e5,0.19,0.042434,0.366667,0,0.506955,0.00116941,0.588697,0.248475,180.837,6.02791,4.15991,3.50421,0.0765831,0.037196,0.0315231,0.0346234,1.15411
0618af70ca99,15,0.19,labdesktop,2026-09-20T09:56:16+00:00,1073b69d29e5,0.19,0.041534,0.266667,0,0.504125,0.00104559,0.645022,0.262347,220.703,7.35675,6.40699,7.55211,0.074064,0.029545,0.00114446,0.0611636,2.03879
3c175fa9cb72,16,0.19,labdesktop,2026-09-20T09:56:16+00:00,1073b69d29e5,0.19,0.039716,0.266667,0,0.488125,0.0011519,0.608082,0.210554,228.549,7.61829,2.59069,1.71197,0.0516324,0.0329256,0.0182279,0.0618134,2.06045
12667227ceda,17,0.19,labdesktop,2026-09-20T09:56:16+00:00,1073b69d29e5,0.19,0.0569088,0.3,0,0.432389,0.00104873,0.606768,0.0319081,194.698,6.48993,2.15678,1.22215,0.0653246,0.043112,0.0329665,0.0614397,2.04799
e41032b9b30a,18,0.19,labdesktop,2026-09-20T09:56:16+00:00,1073b69d29e5,0.19,0.0365673,0.266667,0,0.493812,0.00124946,0.618968,0.256059,196.964,6.56546,7.09001,5.13954,0.0807248,0.0419311,0.086767,0.0317234,1.05745
49eca071388f,19,0.19,labdesktop,2026-09-20T09:56:16+00:00,1073b69d29e5,0.19,0.0486769,0.3,0,0.454667,0.00120283,0.587886,0.154599,217.175,7.23917,3.19466,2.85707,0.0632953,0.0475294,0.0404582,0.0322849,1.07616
fd6b74192245,0,0.253,labdesktop,2026-09-20T09:56:16+00:00,1073b69d29e5,0.253,0.036632,0.233333,0,0.506286,0.00108795,0.663717,0.316205,200.683,6.68944,0.702348,0.699393,0.0381907,0.0356784,0.0105154,0.0298121,0.993736
4069b1b1198d,1,0.253,labdesktop,2026-09-20T09:56:16+00:00,1073b69d29e5,0.253,0.0453093,0.3,0,0.514944,0.00101386,0.64833,0.25459,206.547,6.8849,0.838518,0.557263,0.0492444,0.0386549,0.0260738,0.0629206,2.09735
bf27f942ea48,2,0.253,labdesktop,2026-09-20T09:56:16+00:00,1073b69d29e5,0.253,0.0497624,0.3,0,0.488333,0.00123068,0.621347,0.127745,188.244,6.27479,5.16479,5.51356,0.0798614,0.0396847,0.02825,0.0335284,1.11761
ea6a28d04c37,3,0.253,labdesktop,2026-09-20T09:56:16+00:00,1073b69d29e5,0.253,0.0413762,0.266667,0,0.526875,0.00112091,0.635775,0.253625,198.132,6.6044,4.3482,3.5147,0.06576,0.0258355,0.0253621,0.0609444,2.03148
0b602db138f5,4,0.253,labdesktop,2026-09-20T09:56:16+00:00,1073b69d29e5,0.253,0.0503577,0.266667,0,0.503313,0.00110549,0.63212,0.271501,197.041,6.56803,4.25612,4.17742,0.0600016,0.0409758,0.0261955,0.0615109,2.05036
1809958f7439,5,0.253,labdesktop,2026-09-20T09:56:16+00:00,1073b69d29e5,0.253,0.043232,0.3,0,0.499167,0.00116101,0.630955,0.13589,205.348,6.84493,1.14618,0.880337,0.0459724,0.0443304,0.00768911,0.0616441,2.0548
1197c5bc06bd,6,0.253,labdesktop,2026-09-20T09:56:16+00:00,1073b69d29e5,0.253,0.0424877,0.3,0,0.5055,0.00104691,0.633314,0.273188,204.325,6.81084,2.92202,2.83135,0.0592266,0.0375914,0.0252561,0.0329412,1.09804
ccb683ea8021,7,0.253,labdesktop,2026-09-20T09:56:16+00:00,1073b69d29e5,0.253,0.0504147,0.333333,0,0.52045,0.00111422,0.61605,0.285371,206.69,6.88967,3.9925,3.6931,0.0860625,0.051766,0.0903666,0.0337993,1.12664
ae8a34a980e6,8,0.253,labdesktop,2026-09-20T09:56:16+00:00,1073b69d29e5,0.253,0.0879272,0.266667,0,0.463437,0.0010375,0.620838,0.242382,189.742,6.32473,4.76076,4.3905,0.0924578,0.078584,0.0189192,0.0309134,1.03045
fdaa44ec53e5,9,0.253,labdesktop,2026-09-20T09:56:16+00:00,1073b69d29e5,0.253,0.0392997,0.333333,0,0.5297,0.00122832,0.596878,0.312136,193.632,6.45441,0.577138,0.383331,0.0413268,0.033817,0.0233887,0.0338323,1.12774
6d1a1ba96155,10,0.253,labdesktop,2026-09-20T09:56:16+00:00,1073b69d29e5,0.253,0.0279727,0.266667,0,0.512437,0.00112007,0.630393,0.310661,207.839,6.92796,1.88291,1.75919,0.0422171,0.0220703,0.0324241,0.0305623,1.01874
261d75d7e6d7,11,0.253,labdesktop,2026-09-20T09:56:16+00:00,1073b69d29e5,0.253,0.0296445,0.233333,0,0.526214,0.00121375,0.65237,0.29683,208.844,6.96147,3.48327,3.12885,0.0374578,0.0315436,0.0284569,0.029619,0.987299
7545be8d4209,12,0.253,labdesktop,2026-09-20T09:56:16+00:00,1073b69d29e5,0.253,0.0431192,0.266667,0,0.493,0.00102691,0.646568,0.249864,191.949,6.39832,4.70029,3.99535,0.062416,0.0433882,0.045596,0.0304491,1.01497
c2e508a171d6,13,0.253,labdesktop,2026-09-20T09:56:16+00:00,1073b69d29e5,0.253,0.046703,0.3,0,0.524278,0.00132909,0.596458,0.309412,210.43,7.01432,2.59422,2.30046,0.067803,0.0420632,0.0440273,0.065266,2.17553
e9c6cb83f2ed,14,0.253,labdesktop,2026-09-20T09:56:16+00:00,1073b69d29e5,0.253,0.0433444,0.266667,0,0.517875,0.0012389,0.633025,0.293083,186.98,6.23267,2.82508,2.02642,0.0750767,0.0330116,0.0341739,0.0328072,1.09357
4dfc15d5be25,15,0.253,labdesktop,2026-09-20T09:56:16+00:00,1073b69d29e5,0.253,0.0497968,0.266667,0,0.513313,0.00104664,0.635247,0.321708,206.193,6.87309,4.73024,5.53502,0.0806954,0.035507,0.00147794,0.0621843,2.07281
4014123f5ee2,16,0.253,labdesktop,2026-09-20T09:56:16+00:00,1073b69d29e5,0.253,0.0395729,0.266667,0,0.481438,0.00104061,0.623327,0.160014,218.904,7.29681,2.56872,2.07715,0.0520332,0.0325709,0.01925,0.0625269,2.08423
02d1635acf3f,17,0.253,labdesktop,2026-09-20T09:56:16+00:00,1073b69d29e5,0.253,0.0597041,0.3,0,0.486111,0.000980646,0.624378,0.049194,190.758,6.35862,1.95938,1.09423,0.0735913,0.0425246,0.0491318,0.0608871,2.02957
9b465e29a0d2,18,0.253,labdesktop,2026-09-20T09:56:16+00:00,1073b69d29e5,0.253,0.0354122,0.266667,0,0.523625,0.00110694,0.656974,0.30688,196.052,6.53507,5.81492,3.85004,0.0819835,0.0376033,0.0968707,0.0314832,1.04944
8f3f0e1331c1,19,0.253,labdesktop,2026-09-20T09:56:16+00:00,1073b69d29e5,0.253,0.0472724,0.333333,0,0.5227,0.00114788,0.612597,0.247295,205.476,6.84922,2.721,2.40411,0.0657034,0.044523,0.0483376,0.0335246,1.11749
161a5be6d6d3,0,0.337,labdesktop,2026-09-20T09:56:16+00:00,1073b69d29e5,0.337,0.0381084,0.233333,0,0.514071,0.00118973,0.642914,0.346065,182.844,6.09478,0.616336,0.469117,0.0395963,0.0331462,0.0195606,0.0291113,0.970375
cb0675a7abb1,1,0.337,labdesktop,2026-09-20T09:56:17+00:00,1073b69d29e5,0.337,0.0461323,0.3,0,0.497944,0.00111116,0.637471,0.238077,187.052,6.23507,0.744393,0.574128,0.0502968,0.0353115,0.0390223,0.0641033,2.13678
d8c2c804544e,2,0.337,labdesktop,2026-09-20T09:56:17+00:00,1073b69d29e5,0.337,0.0620275,0.266667,0,0.496938,0.00122628,0.619044,0.16868,176.466,5.8822,2.41455,2.0179,0.0808289,0.0391319,0.0205043,0.032428,1.08093
c2991d695ba5,3,0.337,labdesktop,2026-09-20T09:56:17+00:00,1073b69d29e5,0.337,0.0445241,0.3,0,0.536667,0.00107939,0.637946,0.274625,179.96,5.99865,3.9498,3.5321,0.0696863,0.0275226,0.022289,0.061845,2.0615
3d4e71a9be4f,4,0.337,labdesktop,2026-09-20T09:56:17+00:00,1073b69d29e5,0.337,0.0587321,0.233333,0,0.477214,0.00112022,0.613233,0.172349,181.3,6.04335,4.58398,4.50636,0.0691708,0.0460998,0.0385703,0.0298828,0.996092
d2661e26db61,5,0.337,labdesktop,2026-09-20T09:56:17+00:00,1073b69d29e5,0.337,0.0383722,0.2,0,0.474333,0.00120791,0.641064,0.223625,188.845,6.29482,1.19215,0.92415,0.0425362,0.0356097,0.0115644,0.0307314,1.02438
265fe42aacc0,6,0.337,labdesktop,2026-09-20T09:56:17+00:00,1073b69d29e5,0.337,0.0397379,0.3,0,0.540611,0.000993367,0.659478,0.327786,187.472,6.24905,2.83623,2.96823,0.0631071,0.0337006,0.02398,0.0604131,2.01377
13311d81599f,7,0.337,labdesktop,2026-09-20T09:56:17+00:00,1073b69d29e5,0.337,0.0566393,0.366667,0,0.532864,0.00102787,0.628438,0.278589,187.173,6.2391,6.61104,5.84028,0.106628,0.0547091,0.130276,0.0351388,1.17129
46ef73b52b3d,8,0.337,labdesktop,2026-09-20T09:56:17+00:00,1073b69d29e5,0.337,0.0760872,0.266667,0,0.5035,0.00105854,0.627922,0.28293,174.209,5.80696,4.47399,4.40137,0.0873333,0.0622552,0.0149452,0.0305571,1.01857
4f0b024deaa3,9,0.337,labdesktop,2026-09-20T09:56:17+00:00,1073b69d29e5,0.337,0.0413631,0.266667,0,0.534563,0.00122511,0.617314,0.282315,177.918,5.93061,0.610979,0.464915,0.0421432,0.0300404,0.0185764,0.0597744,1.99248
77a3d314ea5b,10,0.337,labdesktop,2026-09-20T09:56:17+00:00,1073b69d29e5,0.337,0.0302914,0.233333,0,0.520429,0.00103372,0.66154,0.355104,188.49,6.28299,1.81515,1.83441,0.0489617,0.0196983,0.0479649,0.029698,0.989932
1aa6bbbab9c6,11,0.337,labdesktop,2026-09-20T09:56:17+00:00,1073b69d29e5,0.337,0.0312907,0.2,0,0.5125,0.00121387,0.631739,0.336462,190.037,6.33457,3.70385,3.55023,0.0416968,0.0337902,0.0243376,0.0295016,0.983386
5083c6bf9aea,12,0.337,labdesktop,2026-09-20T09:56:17+00:00,1073b69d29e5,0.337,0.0513413,0.233333,0,0.4805,0.00112006,0.626843,0.257581,177.775,5.92583,3.20098,2.69747,0.0689346,0.0475708,0.0484683,0.0297716,0.992387
4620748b8a91,13,0.337,labdesktop,2026-09-20T09:56:17+00:00,1073b69d29e5,0.337,0.0490159,0.233333,0,0.507571,0.00116316,0.630209,0.301428,191.723,6.39078,2.33462,2.01747,0.0690047,0.0424305,0.0339502,0.0313047,1.04349
5dfc5501689b,14,0.337,labdesktop,2026-09-20T09:56:17+00:00,1073b69d29e5,0.337,0.0451337,0.266667,0,0.51825,0.00124341,0.625957,0.324157,176.11,5.87034,2.29103,1.90913,0.0754326,0.0315382,0.0442621,0.0650594,2.16865
331eca8a55ea,15,0.337,labdesktop,2026-09-20T09:56:17+00:00,1073b69d29e5,0.337,0.0574985,0.266667,0,0.536,0.00105345,0.644738,0.334806,183.219,6.10731,4.26908,4.87617,0.0894612,0.0436349,0.0045742,0.0624328,2.08109
590443185884,16,0.337,labdesktop,2026-09-20T09:56:17+00:00,1073b69d29e5,0.337,0.0440688,0.233333,0,0.490429,0.00105532,0.644009,0.231325,198.351,6.61169,2.65924,2.30983,0.0550854,0.0337104,0.0149251,0.0650614,2.16871
d0844847bf00,17,0.337,labdesktop,2026-09-20T09:56:17+00:00,1073b69d29e5,0.337,0.0652663,0.333333,0,0.5038,0.00110875,0.581282,0.19025,173.604,5.7868,2.09504,1.04311,0.0775915,0.0447774,0.044923,0.0649225,2.16408
4ff5ba816e26,18,0.337,labdesktop,2026-09-20T09:56:17+00:00,1073b69d29e5,0.337,0.036437,0.266667,0,0.5185,0.00110144,0.630591,0.347462,181.409,6.04696,4.5115,3.2689,0.0816782,0.0347586,0.10348,0.0334614,1.11538
fa9442ddde4a,19,0.337,labdesktop,2026-09-20T09:56:17+00:00,1073b69d29e5,0.337,0.0472404,0.333333,0,0.53545,0.00109844,0.626097,0.286442,184.071,6.13569,2.08615,1.96807,0.0665332,0.0417564,0.0515757,0.0354522,1.18174
ae2ac28b5d95,0,0.45,labdesktop,2026-09-20T09:56:17+00:00,1073b69d29e5,0.45,0.0401529,0.266667,0,0.543438,0.00113744,0.654661,0.368125,157.541,5.25136,0.696883,0.534841,0.0448052,0.0312341,0.0143279,0.0312619,1.04206
dda96990dbce,1,0.45,labdesktop,2026-09-20T09:56:17+00:00,1073b69d29e5,0.45,0.0487064,0.266667,0,0.498812,0.0011883,0.622407,0.277644,160.842,5.36139,0.719258,0.579183,0.0550707,0.0385256,0.0484325,0.0317759,1.0592
04f74aece41c,2,0.45,labdesktop,2026-09-20T09:56:17+00:00,1073b69d29e5,0.45,0.0596242,0.3,0,0.52,0.000945925,0.665665,0.197149,153.397,5.11323,3.29733,3.21752,0.0913151,0.0378647,0.0280997,0.0651832,2.17277
fc9746e5568f,3,0.45,labdesktop,2026-09-20T09:56:17+00:00,1073b69d29e5,0.45,0.0496214,0.3,0,0.537556,0.000967895,0.655463,0.364296,154.694,5.15645,4.39045,4.2453,0.0740858,0.0297955,0.0228601,0.0324022,1.08007
9c5d0b87b4af,4,0.45,labdesktop,2026-09-20T09:56:17+00:00,1073b69d29e5,0.45,0.0683386,0.266667,0,0.526812,0.0010825,0.634655,0.287825,157.59,5.25299,4.66785,4.55374,0.0822334,0.0497466,0.0750301,0.0312266,1.04089
6e30fe3424ad,5,0.45,labdesktop,2026-09-20T09:56:17+00:00,1073b69d29e5,0.45,0.0353687,0.2,0,0.51175,0.00125834,0.641318,0.280047,163.924,5.46412,1.26683,1.02365,0.0415013,0.0284036,0.00972608,0.0309706,1.03235
0ef58c035816,6,0.45,labdesktop,2026-09-20T09:56:17+00:00,1073b69d29e5,0.45,0.0403111,0.266667,0,0.522625,0.00120449,0.62482,0.364667,162.946,5.43153,2.62405,2.60277,0.0654202,0.0324825,0.0250215,0.0631799,2.106
c3877025cbe9,7,0.45,labdesktop,2026-09-20T09:56:17+00:00,1073b69d29e5,0.45,0.0601062,0.366667,0,0.537545,0.00112021,0.600296,0.291325,161.937,5.39789,3.29414,2.57549,0.104764,0.0533554,0.061294,0.0681552,2.27184
8fdfca733ef6,8,0.45,labdesktop,2026-09-20T09:56:17+00:00,1073b69d29e5,0.45,0.0719904,0.3,0,0.542833,0.00101115,0.643133,0.320432,150.095,5.00316,3.69057,3.46949,0.0881199,0.0546386,0.0153039,0.0331856,1.10619
55327c46055b,9,0.45,labdesktop,2026-09-20T09:56:17+00:00,1073b69d29e5,0.45,0.0478049,0.233333,0,0.5045,0.00105465,0.660659,0.273758,153.974,5.13246,1.05975,0.693241,0.0498495,0.0312438,0.0205961,0.0598235,1.99412
fef61103b913,10,0.45,labdesktop,2026-09-20T09:56:17+00:00,1073b69d29e5,0.45,0.0364542,0.233333,0,0.523643,0.00120723,0.623228,0.312497,162.188,5.40628,1.798,1.92679,0.0603294,0.0199404,0.0644374,0.0299999,0.999998
8b19f9f703bd,11,0.45,labdesktop,2026-09-20T09:56:17+00:00,1073b69d29e5,0.45,0.0353346,0.233333,0,0.519143,0.00123808,0.610084,0.362829,164.227,5.47424,3.97121,4.02871,0.0474344,0.036249,0.0238026,0.0298807,0.996024
8ceecc83ea86,12,0.45,labdesktop,2026-09-20T09:56:17+00:00,1073b69d29e5,0.45,0.0601906,0.266667,0,0.477812,0.00112315,0.614603,0.252465,154.85,5.16167,3.25032,2.81332,0.0764352,0.0512136,0.0459551,0.0312795,1.04265
70e181a0e9fd,13,0.45,labdesktop,2026-09-20T09:56:17+00:00,1073b69d29e5,0.45,0.0518337,0.2,0,0.516417,0.00133071,0.61213,0.325946,166.135,5.53784,1.87887,1.72815,0.068784,0.0429978,0.0313907,0.0301051,1.0035
c392732d3757,14,0.45,labdesktop,2026-09-20T09:56:17+00:00,1073b69d29e5,0.45,0.0475163,0.266667,0,0.519937,0.00123984,0.623776,0.34136,154.561,5.15202,1.80803,1.43065,0.0767901,0.0319906,0.049967,0.0629422,2.09807
f8e2437bdfe9,15,0.45,labdesktop,2026-09-20T09:56:17+00:00,1073b69d29e5,0.45,0.0633684,0.266667,0,0.544375,0.00104244,0.636844,0.382113,154.958,5.16527,4.93521,5.66176,0.0923886,0.0437167,0.0161136,0.0633349,2.11116
50b68c0f6943,16,0.45,labdesktop,2026-09-20T09:56:17+00:00,1073b69d29e5,0.45,0.0519899,0.233333,0,0.485071,0.00113751,0.629504,0.181424,171.667,5.72223,2.97229,2.70607,0.063021,0.0338149,0.0268868,0.0617071,2.0569
f608225e78d9,17,0.45,labdesktop,2026-09-20T09:56:17+00:00,1073b69d29e5,0.45,0.069044,0.2,0,0.485333,0.0011725,0.621206,0.2566,149.042,4.96805,1.91402,1.16271,0.0856994,0.0487034,0.0562054,0.0289691,0.965635
4759710350e7,18,0.45,labdesktop,2026-09-20T09:56:17+00:00,1073b69d29e5,0.45,0.0396388,0.266667,0,0.531875,0.00104252,0.63399,0.294713,157.965,5.26551,3.41563,2.67302,0.0834174,0.0335063,0.108025,0.0607901,2.02634
2fbf91ef7c5a,19,0.45,labdesktop,2026-09-20T09:56:17+00:00,1073b69d29e5,0.45,0.0479503,0.333333,0,0.5344,0.00109362,0.629461,0.30748,156.953,5.23176,1.84394,1.60361,0.0702107,0.0412752,0.0664243,0.0334949,1.1165
fe1cd452786f,0,0.6,labdesktop,2026-09-20T09:56:17+00:00,1073b69d29e5,0.6,0.0424766,0.266667,0,0.5295,0.00116128,0.638581,0.28636,128.249,4.27496,0.833133,0.812574,0.0512287,0.0313953,0.014385,0.0308605,1.02868
9e643f368350,1,0.6,labdesktop,2026-09-20T09:56:17+00:00,1073b69d29e5,0.6,0.0516585,0.333333,0,0.519,0.00101347,0.651551,0.301931,130.99,4.36635,0.7637,0.65472,0.0583958,0.0365175,0.0533435,0.0337445,1.12482
bb3e010d7549,2,0.6,labdesktop,2026-09-20T09:56:17+00:00,1073b69d29e5,0.6,0.0592077,0.3,0,0.498944,0.00101398,0.639671,0.218674,125.286,4.1762,3.77336,3.18142,0.0997985,0.040674,0.0616299,0.0336952,1.12317
b39f03d4adca,3,0.6,labdesktop,2026-09-20T09:56:17+00:00,1073b69d29e5,0.6,0.0546264,0.3,0,0.532667,0.00096455,0.652447,0.356157,125.351,4.17835,4.33809,4.42291,0.0793348,0.0322495,0.0238653,0.0619911,2.06637
e22d028df02a,4,0.6,labdesktop,2026-09-20T09:56:17+00:00,1073b69d29e5,0.6,0.0746737,0.266667,0,0.513,0.00112423,0.610898,0.279997,129.087,4.30291,3.78577,3.70209,0.0892919,0.050873,0.0785406,0.0315591,1.05197
9e94123db7e5,5,0.6,labdesktop,2026-09-20T09:56:17+00:00,1073b69d29e5,0.6,0.0338408,0.2,0,0.50025,0.00122961,0.650337,0.302451,135.125,4.50416,1.47917,1.11754,0.0428852,0.0261252,0.00947492,0.0294063,0.98021
c866fa633b86,6,0.6,labdesktop,2026-09-20T09:56:17+00:00,1073b69d29e5,0.6,0.043222,0.3,0,0.526167,0.00119104,0.621493,0.269158,134.178,4.47261,2.34413,2.09225,0.068829,0.0317961,0.0285374,0.0632896,2.10965
c0d6538d48bb,7,0.6,labdesktop,2026-09-20T09:56:17+00:00,1073b69d29e5,0.6,0.0677756,0.366667,0,0.534227,0.0010023,0.625535,0.286903,133.987,4.46624,4.27532,3.97539,0.117505,0.054593,0.112137,0.0659638,2.19879
774712a613a6,8,0.6,labdesktop,2026-09-20T09:56:17+00:00,1073b69d29e5,0.6,0.0787893,0.333333,0,0.5198,0.00104586,0.617274,0.200175,119.999,3.99998,4.05074,3.47511,0.0961298,0.0491995,0.0239462,0.0341637,1.13879
49889aef15b0,9,0.6,labdesktop,2026-09-20T09:56:17+00:00,1073b69d29e5,0.6,0.0557718,0.233333,0,0.499143,0.00101985,0.664998,0.293285,125.661,4.18871,1.17974,0.948421,0.0604399,0.0335811,0.0298764,0.0293439,0.97813
2236725d6e40,10,0.6,labdesktop,2026-09-20T09:56:17+00:00,1073b69d29e5,0.6,0.0396973,0.266667,0,0.524313,0.00103981,0.648781,0.275171,132.605,4.42016,2.32594,2.68122,0.070648,0.0216869,0.0783838,0.0802281,2.67427
d36bcfafecd5,11,0.6,labdesktop,2026-09-20T09:56:17+00:00,1073b69d29e5,0.6,0.0380203,0.233333,0,0.520429,0.00123355,0.613749,0.369078,134.767,4.49222,4.19199,4.16242,0.0517955,0.0381799,0.0234394,0.0428027,1.42676
40943d60bc49,12,0.6,labdesktop,2026-09-20T09:56:17+00:00,1073b69d29e5,0.6,0.0662707,0.266667,0,0.482625,0.001144,0.598944,0.239892,126.661,4.22202,2.48825,2.32808,0.0827403,0.0522462,0.0490755,0.0449187,1.49729
bc089d3cdf8f,13,0.6,labdesktop,2026-09-20T09:56:17+00:00,1073b69d29e5,0.6,0.054267,0.166667,0,0.4744,0.00134528,0.610349,0.279077,136.847,4.56156,1.66724,1.56931,0.0705401,0.0448711,0.0282577,0.0431374,1.43791
3bebda215953,14,0.6,labdesktop,2026-09-20T09:56:17+00:00,1073b69d29e5,0.6,0.050585,0.266667,0,0.537312,0.00127909,0.627838,0.261596,127.331,4.24437,1.81413,1.46499,0.0808072,0.0316094,0.0686091,0.0708258,2.36086
a9a61539e2e6,15,0.6,labdesktop,2026-09-20T09:56:17+00:00,1073b69d29e5,0.6,0.0689298,0.233333,0,0.490929,0.00116722,0.642697,0.16634,123.925,4.13083,5.80478,6.93525,0.0974923,0.0514611,0.0240309,0.0719339,2.3978
8cbcfbd9e154,16,0.6,labdesktop,2026-09-20T09:56:17+00:00,1073b69d29e5,0.6,0.0544524,0.233333,0,0.491286,0.00113067,0.630548,0.148986,141.722,4.72407,3.04355,2.57605,0.0674689,0.0341,0.0170214,0.0392179,1.30726
2000e9ed0e7a,17,0.6,labdesktop,2026-09-20T09:56:17+00:00,1073b69d29e5,0.6,0.0728449,0.233333,0,0.499357,0.00108356,0.629173,0.249178,120.406,4.01354,2.20432,1.48995,0.0954357,0.0505444,0.0771764,0.0308059,1.02686
4cc346045ae8,18,0.6,labdesktop,2026-09-20T09:56:17+00:00,1073b69d29e5,0.6,0.0432332,0.266667,0,0.529813,0.00112697,0.624863,0.255597,130.122,4.3374,2.72589,2.44947,0.0855973,0.033689,0.122108,0.0625703,2.08568
f67263998930,19,0.6,labdesktop,2026-09-20T09:56:17+00:00,1073b69d29e5,0.6,0.0497315,0.333333,0,0.52875,0.00113349,0.617234,0.314722,126.466,4.21553,1.59112,1.52184,0.0694495,0.040153,0.0625004,0.0645082,2.15027
7fd78b8d6104,0,0.8,labdesktop,2026-09-20T09:56:17+00:00,1073b69d29e5,0.8,0.0440401,0.233333,0,0.5155,0.00116184,0.642729,0.27891,96.99,3.233,0.947724,0.808571,0.054348,0.030359,0.0113277,0.0302826,1.00942
47b1925ca2c5,1,0.8,labdesktop,2026-09-20T09:56:17+00:00,1073b69d29e5,0.8,0.0525438,0.333333,0,0.53135,0.00101239,0.639683,0.258688,99.1638,3.30546,0.795633,0.637767,0.0614383,0.0411279,0.0605309,0.0341575,1.13858
4d4c06dc6a6d,2,0.8,labdesktop,2026-09-20T09:56:17+00:00,1073b69d29e5,0.8,0.0640999,0.3,0,0.487056,0.00104836,0.628729,0.233385,94.7736,3.15912,3.71564,2.61148,0.10443,0.0410465,0.0519324,0.0602658,2.00886
6a48c9dd1089,3,0.8,labdesktop,2026-09-20T09:56:17+00:00,1073b69d29e5,0.8,0.059482,0.3,0,0.531611,0.000999189,0.639075,0.354174,93.7112,3.12371,4.18646,4.20456,0.0830635,0.0349307,0.0280489,0.032858,1.09527
a00fb0f7918d,4,0.8,labdesktop,2026-09-20T09:56:17+00:00,1073b69d29e5,0.8,0.0788215,0.266667,0,0.508188,0.00119944,0.599507,0.271251,98.1171,3.27057,3.35913,2.97323,0.0938706,0.0525413,0.0951075,0.0314806,1.04935
57ea64b043d8,5,0.8,labdesktop,2026-09-20T09:56:17+00:00,1073b69d29e5,0.8,0.0354301,0.2,0,0.511667,0.00148866,0.599025,0.308259,103.565,3.45215,1.70769,1.51221,0.0481414,0.0240828,0.0116018,0.0292665,0.975551
c8d2e36d6ace,6,0.8,labdesktop,2026-09-20T09:56:17+00:00,1073b69d29e5,0.8,0.0428363,0.266667,0,0.528125,0.00122374,0.626056,0.364059,102.868,3.42895,2.50469,2.28208,0.0708506,0.0317877,0.0326397,0.0621811,2.0727
e1e0ec6a38f7,7,0.8,labdesktop,2026-09-20T09:56:17+00:00,1073b69d29e5,0.8,0.0704563,0.4,0,0.539042,0.00107052,0.614401,0.272718,101.632,3.38772,4.31916,4.45451,0.122756,0.0572621,0.0806081,0.0683019,2.27673
dd9b6a40a1c2,8,0.8,labdesktop,2026-09-20T09:56:17+00:00,1073b69d29e5,0.8,0.063844,0.366667,0,0.516273,0.00122972,0.601874,0.206178,86.7578,2.89193,4.71913,4.4132,0.11196,0.0435817,0.0702532,0.0655399,2.18466
0bdc7c8b572a,9,0.8,labdesktop,2026-09-20T09:56:17+00:00,1073b69d29e5,0.8,0.0629627,0.233333,0,0.501286,0.00103257,0.664896,0.308243,94.665,3.1555,1.7816,1.39495,0.0754208,0.0361481,0.0650341,0.0308426,1.02809
04c1e8318089,10,0.8,labdesktop,2026-09-20T09:56:17+00:00,1073b69d29e5,0.8,0.0427328,0.266667,0,0.5175,0.00103422,0.650111,0.244669,100.993,3.36644,2.66597,3.07944,0.0787569,0.0232256,0.0905673,0.0607603,2.02534
e6531b968d95,11,0.8,labdesktop,2026-09-20T09:56:17+00:00,1073b69d29e5,0.8,0.0413547,0.233333,0,0.5195,0.00124956,0.622592,0.341297,103.083,3.43609,4.09163,4.30848,0.0552544,0.0408797,0.0185979,0.0316837,1.05612
81a111e5916d,12,0.8,labdesktop,2026-09-20T09:56:17+00:00,1073b69d29e5,0.8,0.0727958,0.266667,0,0.499812,0.00121126,0.609233,0.22714,95.6999,3.19,2.58953,2.33585,0.0915272,0.053001,0.0469236,0.031924,1.06413
0c3e043da889,13,0.8,labdesktop,2026-09-20T09:56:17+00:00,1073b69d29e5,0.8,0.0568326,0.2,0,0.493167,0.00110163,0.664609,0.281641,105.198,3.50659,1.6358,1.47894,0.0728396,0.04649,0.0288339,0.0287347,0.957822
64031961c9a1,14,0.8,labdesktop,2026-09-20T09:56:17+00:00,1073b69d29e5,0.8,0.0523135,0.266667,0,0.534625,0.00125009,0.653978,0.330245,97.5137,3.25046,1.57282,1.17285,0.0794593,0.0317633,0.0488491,0.0312872,1.04291
c91bf4aef6a8,15,0.8,labdesktop,2026-09-20T09:56:18+00:00,1073b69d29e5,0.8,0.0806352,0.266667,0,0.493625,0.001187,0.610838,0.167854,91.4081,3.04694,4.40532,4.59295,0.111061,0.0539901,0.0163222,0.0623662,2.07887
274671148513,16,0.8,labdesktop,2026-09-20T09:56:17+00:00,1073b69d29e5,0.8,0.0605597,0.266667,0,0.478875,0.00112937,0.61557,0.119555,110.151,3.67171,3.05663,2.63695,0.0720808,0.0354191,0.0178425,0.034512,1.1504
a2f387d3d953,17,0.8,labdesktop,2026-09-20T09:56:17+00:00,1073b69d29e5,0.8,0.0729922,0.233333,0,0.482786,0.00112387,0.641063,0.247323,89.3265,2.97755,2.14802,1.47043,0.0988192,0.0513507,0.0898592,0.0306443,1.02148
47f8625d7d92,18,0.8,labdesktop,2026-09-20T09:56:18+00:00,1073b69d29e5,0.8,0.0447014,0.266667,0,0.522687,0.00116322,0.616372,0.223486,99.3639,3.31213,2.12434,1.94631,0.0846291,0.0339164,0.112938,0.0582423,1.94141
fc82f9c5876f,19,0.8,labdesktop,2026-09-20T09:56:18+00:00,1073b69d29e5,0.8,0.0507156,0.233333,0,0.494786,0.00129352,0.618175,0.296579,94.6207,3.15402,1.95568,1.5369,0.0773427,0.0403642,0.0745753,0.0296001,0.986668
